Analysis & Synthesis report for prv32_top
Fri Jul 24 01:39:00 2026
Quartus Prime Version 18.1.0 Build 625 09/12/2018 SJ Lite Edition


---------------------
; Table of Contents ;
---------------------
  1. Legal Notice
  2. Analysis & Synthesis Summary
  3. Analysis & Synthesis Settings
  4. Parallel Compilation
  5. Analysis & Synthesis Source Files Read
  6. Analysis & Synthesis Resource Usage Summary
  7. Analysis & Synthesis Resource Utilization by Entity
  8. Analysis & Synthesis RAM Summary
  9. Analysis & Synthesis DSP Block Usage Summary
 10. State Machine - |prv32_top|picorv32:cpu|mem_wordsize
 11. State Machine - |prv32_top|picorv32:cpu|cpu_state
 12. State Machine - |prv32_top|uartTx:uartTx|state
 13. State Machine - |prv32_top|uart_rx:uart_rx|state
 14. Registers Removed During Synthesis
 15. Removed Registers Triggering Further Register Optimizations
 16. General Register Statistics
 17. Inverted Register Statistics
 18. Registers Added for RAM Pass-Through Logic
 19. Multiplexer Restructuring Statistics (Restructuring Performed)
 20. Source assignments for memory:mem|iram:iram|altsyncram:altsyncram_component|altsyncram_e0k1:auto_generated
 21. Source assignments for picorv32:cpu|altsyncram:cpuregs_rtl_0|altsyncram_j6d1:auto_generated
 22. Source assignments for picorv32:cpu|altsyncram:cpuregs_rtl_1|altsyncram_j6d1:auto_generated
 23. Parameter Settings for User Entity Instance: pll_sys:pll_sys_inst|altpll:altpll_component
 24. Parameter Settings for User Entity Instance: memory:mem|iram:iram|altsyncram:altsyncram_component
 25. Parameter Settings for User Entity Instance: uart_rx:uart_rx
 26. Parameter Settings for User Entity Instance: uartTx:uartTx
 27. Parameter Settings for User Entity Instance: picorv32:cpu
 28. Parameter Settings for User Entity Instance: picorv32:cpu|picorv32_pcpi_fast_mul:pcpi_mul
 29. Parameter Settings for Inferred Entity Instance: picorv32:cpu|altsyncram:cpuregs_rtl_0
 30. Parameter Settings for Inferred Entity Instance: picorv32:cpu|altsyncram:cpuregs_rtl_1
 31. Parameter Settings for Inferred Entity Instance: picorv32:cpu|picorv32_pcpi_fast_mul:pcpi_mul|lpm_mult:Mult0
 32. altpll Parameter Settings by Entity Instance
 33. altsyncram Parameter Settings by Entity Instance
 34. lpm_mult Parameter Settings by Entity Instance
 35. Port Connectivity Checks: "picorv32:cpu"
 36. Port Connectivity Checks: "address_decoder:ad"
 37. Port Connectivity Checks: "gpio:gpio"
 38. Port Connectivity Checks: "memory:mem|iram:iram"
 39. Port Connectivity Checks: "pll_sys:pll_sys_inst"
 40. Post-Synthesis Netlist Statistics for Top Partition
 41. Elapsed Time Per Partition
 42. Analysis & Synthesis Messages
 43. Analysis & Synthesis Suppressed Messages



----------------
; Legal Notice ;
----------------
Copyright (C) 2018  Intel Corporation. All rights reserved.
Your use of Intel Corporation's design tools, logic functions 
and other software and tools, and its AMPP partner logic 
functions, and any output files from any of the foregoing 
(including device programming or simulation files), and any 
associated documentation or information are expressly subject 
to the terms and conditions of the Intel Program License 
Subscription Agreement, the Intel Quartus Prime License Agreement,
the Intel FPGA IP License Agreement, or other applicable license
agreement, including, without limitation, that your use is for
the sole purpose of programming logic devices manufactured by
Intel and sold by Intel or its authorized distributors.  Please
refer to the applicable agreement for further details.



+----------------------------------------------------------------------------------+
; Analysis & Synthesis Summary                                                     ;
+------------------------------------+---------------------------------------------+
; Analysis & Synthesis Status        ; Successful - Fri Jul 24 01:39:00 2026       ;
; Quartus Prime Version              ; 18.1.0 Build 625 09/12/2018 SJ Lite Edition ;
; Revision Name                      ; prv32_top                                   ;
; Top-level Entity Name              ; prv32_top                                   ;
; Family                             ; MAX 10                                      ;
; Total logic elements               ; 2,756                                       ;
;     Total combinational functions  ; 2,539                                       ;
;     Dedicated logic registers      ; 1,221                                       ;
; Total registers                    ; 1221                                        ;
; Total pins                         ; 16                                          ;
; Total virtual pins                 ; 0                                           ;
; Total memory bits                  ; 1,050,624                                   ;
; Embedded Multiplier 9-bit elements ; 8                                           ;
; Total PLLs                         ; 1                                           ;
; UFM blocks                         ; 0                                           ;
; ADC blocks                         ; 0                                           ;
+------------------------------------+---------------------------------------------+


+------------------------------------------------------------------------------------------------------------+
; Analysis & Synthesis Settings                                                                              ;
+------------------------------------------------------------------+--------------------+--------------------+
; Option                                                           ; Setting            ; Default Value      ;
+------------------------------------------------------------------+--------------------+--------------------+
; Device                                                           ; 10M50DAF484C7G     ;                    ;
; Top-level entity name                                            ; prv32_top          ; prv32_top          ;
; Family name                                                      ; MAX 10             ; Cyclone V          ;
; Use smart compilation                                            ; Off                ; Off                ;
; Enable parallel Assembler and Timing Analyzer during compilation ; On                 ; On                 ;
; Enable compact report table                                      ; Off                ; Off                ;
; Restructure Multiplexers                                         ; Auto               ; Auto               ;
; Create Debugging Nodes for IP Cores                              ; Off                ; Off                ;
; Preserve fewer node names                                        ; On                 ; On                 ;
; Intel FPGA IP Evaluation Mode                                    ; Enable             ; Enable             ;
; Verilog Version                                                  ; Verilog_2001       ; Verilog_2001       ;
; VHDL Version                                                     ; VHDL_1993          ; VHDL_1993          ;
; State Machine Processing                                         ; Auto               ; Auto               ;
; Safe State Machine                                               ; Off                ; Off                ;
; Extract Verilog State Machines                                   ; On                 ; On                 ;
; Extract VHDL State Machines                                      ; On                 ; On                 ;
; Ignore Verilog initial constructs                                ; Off                ; Off                ;
; Iteration limit for constant Verilog loops                       ; 5000               ; 5000               ;
; Iteration limit for non-constant Verilog loops                   ; 250                ; 250                ;
; Add Pass-Through Logic to Inferred RAMs                          ; On                 ; On                 ;
; Infer RAMs from Raw Logic                                        ; On                 ; On                 ;
; Parallel Synthesis                                               ; On                 ; On                 ;
; DSP Block Balancing                                              ; Auto               ; Auto               ;
; NOT Gate Push-Back                                               ; On                 ; On                 ;
; Power-Up Don't Care                                              ; On                 ; On                 ;
; Remove Redundant Logic Cells                                     ; Off                ; Off                ;
; Remove Duplicate Registers                                       ; On                 ; On                 ;
; Ignore CARRY Buffers                                             ; Off                ; Off                ;
; Ignore CASCADE Buffers                                           ; Off                ; Off                ;
; Ignore GLOBAL Buffers                                            ; Off                ; Off                ;
; Ignore ROW GLOBAL Buffers                                        ; Off                ; Off                ;
; Ignore LCELL Buffers                                             ; Off                ; Off                ;
; Ignore SOFT Buffers                                              ; On                 ; On                 ;
; Limit AHDL Integers to 32 Bits                                   ; Off                ; Off                ;
; Optimization Technique                                           ; Balanced           ; Balanced           ;
; Carry Chain Length                                               ; 70                 ; 70                 ;
; Auto Carry Chains                                                ; On                 ; On                 ;
; Auto Open-Drain Pins                                             ; On                 ; On                 ;
; Perform WYSIWYG Primitive Resynthesis                            ; Off                ; Off                ;
; Auto ROM Replacement                                             ; On                 ; On                 ;
; Auto RAM Replacement                                             ; On                 ; On                 ;
; Auto DSP Block Replacement                                       ; On                 ; On                 ;
; Auto Shift Register Replacement                                  ; Auto               ; Auto               ;
; Allow Shift Register Merging across Hierarchies                  ; Auto               ; Auto               ;
; Auto Clock Enable Replacement                                    ; On                 ; On                 ;
; Strict RAM Replacement                                           ; Off                ; Off                ;
; Allow Synchronous Control Signals                                ; On                 ; On                 ;
; Force Use of Synchronous Clear Signals                           ; Off                ; Off                ;
; Auto RAM Block Balancing                                         ; On                 ; On                 ;
; Auto RAM to Logic Cell Conversion                                ; Off                ; Off                ;
; Auto Resource Sharing                                            ; Off                ; Off                ;
; Allow Any RAM Size For Recognition                               ; Off                ; Off                ;
; Allow Any ROM Size For Recognition                               ; Off                ; Off                ;
; Allow Any Shift Register Size For Recognition                    ; Off                ; Off                ;
; Use LogicLock Constraints during Resource Balancing              ; On                 ; On                 ;
; Ignore translate_off and synthesis_off directives                ; Off                ; Off                ;
; Timing-Driven Synthesis                                          ; On                 ; On                 ;
; Report Parameter Settings                                        ; On                 ; On                 ;
; Report Source Assignments                                        ; On                 ; On                 ;
; Report Connectivity Checks                                       ; On                 ; On                 ;
; Ignore Maximum Fan-Out Assignments                               ; Off                ; Off                ;
; Synchronization Register Chain Length                            ; 2                  ; 2                  ;
; Power Optimization During Synthesis                              ; Normal compilation ; Normal compilation ;
; HDL message level                                                ; Level2             ; Level2             ;
; Suppress Register Optimization Related Messages                  ; Off                ; Off                ;
; Number of Removed Registers Reported in Synthesis Report         ; 5000               ; 5000               ;
; Number of Swept Nodes Reported in Synthesis Report               ; 5000               ; 5000               ;
; Number of Inverted Registers Reported in Synthesis Report        ; 100                ; 100                ;
; Clock MUX Protection                                             ; On                 ; On                 ;
; Auto Gated Clock Conversion                                      ; Off                ; Off                ;
; Block Design Naming                                              ; Auto               ; Auto               ;
; SDC constraint protection                                        ; Off                ; Off                ;
; Synthesis Effort                                                 ; Auto               ; Auto               ;
; Shift Register Replacement - Allow Asynchronous Clear Signal     ; On                 ; On                 ;
; Pre-Mapping Resynthesis Optimization                             ; Off                ; Off                ;
; Analysis & Synthesis Message Level                               ; Medium             ; Medium             ;
; Disable Register Merging Across Hierarchies                      ; Auto               ; Auto               ;
; Resource Aware Inference For Block RAM                           ; On                 ; On                 ;
+------------------------------------------------------------------+--------------------+--------------------+


+------------------------------------------+
; Parallel Compilation                     ;
+----------------------------+-------------+
; Processors                 ; Number      ;
+----------------------------+-------------+
; Number detected on machine ; 16          ;
; Maximum allowed            ; 16          ;
;                            ;             ;
; Average used               ; 1.01        ;
; Maximum used               ; 16          ;
;                            ;             ;
; Usage by Processor         ; % Time Used ;
;     Processor 1            ; 100.0%      ;
;     Processor 2            ;   0.1%      ;
;     Processor 3            ;   0.1%      ;
;     Processor 4            ;   0.1%      ;
;     Processor 5            ;   0.1%      ;
;     Processor 6            ;   0.1%      ;
;     Processor 7            ;   0.1%      ;
;     Processor 8            ;   0.1%      ;
;     Processors 9-16        ;   0.1%      ;
+----------------------------+-------------+


+-------------------------------------------------------------------------------------------------------------------------------------------------------------------------------------+
; Analysis & Synthesis Source Files Read                                                                                                                                              ;
+----------------------------------+-----------------+----------------------------------------+-----------------------------------------------------------------------------+---------+
; File Name with User-Entered Path ; Used in Netlist ; File Type                              ; File Name with Absolute Path                                                ; Library ;
+----------------------------------+-----------------+----------------------------------------+-----------------------------------------------------------------------------+---------+
; uartTx.v                         ; yes             ; User Verilog HDL File                  ; E:/Quartus/Project_Quartus/03_pico/uartTx.v                                 ;         ;
; uart.v                           ; yes             ; User Verilog HDL File                  ; E:/Quartus/Project_Quartus/03_pico/uart.v                                   ;         ;
; prv32_top.v                      ; yes             ; User Verilog HDL File                  ; E:/Quartus/Project_Quartus/03_pico/prv32_top.v                              ;         ;
; pll_sys.v                        ; yes             ; User Wizard-Generated File             ; E:/Quartus/Project_Quartus/03_pico/pll_sys.v                                ;         ;
; picorv32.v                       ; yes             ; User Verilog HDL File                  ; E:/Quartus/Project_Quartus/03_pico/picorv32.v                               ;         ;
; memory.v                         ; yes             ; User Verilog HDL File                  ; E:/Quartus/Project_Quartus/03_pico/memory.v                                 ;         ;
; iram.v                           ; yes             ; User Wizard-Generated File             ; E:/Quartus/Project_Quartus/03_pico/iram.v                                   ;         ;
; gpio.v                           ; yes             ; User Verilog HDL File                  ; E:/Quartus/Project_Quartus/03_pico/gpio.v                                   ;         ;
; address_decoder.v                ; yes             ; User Verilog HDL File                  ; E:/Quartus/Project_Quartus/03_pico/address_decoder.v                        ;         ;
; timescale.vh                     ; yes             ; Auto-Found Unspecified File            ; E:/Quartus/Project_Quartus/03_pico/timescale.vh                             ;         ;
; altpll.tdf                       ; yes             ; Megafunction                           ; e:/quartus/data_setup/quartus/libraries/megafunctions/altpll.tdf            ;         ;
; aglobal181.inc                   ; yes             ; Megafunction                           ; e:/quartus/data_setup/quartus/libraries/megafunctions/aglobal181.inc        ;         ;
; stratix_pll.inc                  ; yes             ; Megafunction                           ; e:/quartus/data_setup/quartus/libraries/megafunctions/stratix_pll.inc       ;         ;
; stratixii_pll.inc                ; yes             ; Megafunction                           ; e:/quartus/data_setup/quartus/libraries/megafunctions/stratixii_pll.inc     ;         ;
; cycloneii_pll.inc                ; yes             ; Megafunction                           ; e:/quartus/data_setup/quartus/libraries/megafunctions/cycloneii_pll.inc     ;         ;
; db/pll_sys_altpll.v              ; yes             ; Auto-Generated Megafunction            ; E:/Quartus/Project_Quartus/03_pico/db/pll_sys_altpll.v                      ;         ;
; altsyncram.tdf                   ; yes             ; Megafunction                           ; e:/quartus/data_setup/quartus/libraries/megafunctions/altsyncram.tdf        ;         ;
; stratix_ram_block.inc            ; yes             ; Megafunction                           ; e:/quartus/data_setup/quartus/libraries/megafunctions/stratix_ram_block.inc ;         ;
; lpm_mux.inc                      ; yes             ; Megafunction                           ; e:/quartus/data_setup/quartus/libraries/megafunctions/lpm_mux.inc           ;         ;
; lpm_decode.inc                   ; yes             ; Megafunction                           ; e:/quartus/data_setup/quartus/libraries/megafunctions/lpm_decode.inc        ;         ;
; a_rdenreg.inc                    ; yes             ; Megafunction                           ; e:/quartus/data_setup/quartus/libraries/megafunctions/a_rdenreg.inc         ;         ;
; altrom.inc                       ; yes             ; Megafunction                           ; e:/quartus/data_setup/quartus/libraries/megafunctions/altrom.inc            ;         ;
; altram.inc                       ; yes             ; Megafunction                           ; e:/quartus/data_setup/quartus/libraries/megafunctions/altram.inc            ;         ;
; altdpram.inc                     ; yes             ; Megafunction                           ; e:/quartus/data_setup/quartus/libraries/megafunctions/altdpram.inc          ;         ;
; db/altsyncram_e0k1.tdf           ; yes             ; Auto-Generated Megafunction            ; E:/Quartus/Project_Quartus/03_pico/db/altsyncram_e0k1.tdf                   ;         ;
; firmware.mif                     ; yes             ; Auto-Found Memory Initialization File  ; E:/Quartus/Project_Quartus/03_pico/firmware.mif                             ;         ;
; db/decode_c7a.tdf                ; yes             ; Auto-Generated Megafunction            ; E:/Quartus/Project_Quartus/03_pico/db/decode_c7a.tdf                        ;         ;
; db/decode_5j9.tdf                ; yes             ; Auto-Generated Megafunction            ; E:/Quartus/Project_Quartus/03_pico/db/decode_5j9.tdf                        ;         ;
; db/mux_93b.tdf                   ; yes             ; Auto-Generated Megafunction            ; E:/Quartus/Project_Quartus/03_pico/db/mux_93b.tdf                           ;         ;
; db/altsyncram_j6d1.tdf           ; yes             ; Auto-Generated Megafunction            ; E:/Quartus/Project_Quartus/03_pico/db/altsyncram_j6d1.tdf                   ;         ;
; lpm_mult.tdf                     ; yes             ; Megafunction                           ; e:/quartus/data_setup/quartus/libraries/megafunctions/lpm_mult.tdf          ;         ;
; lpm_add_sub.inc                  ; yes             ; Megafunction                           ; e:/quartus/data_setup/quartus/libraries/megafunctions/lpm_add_sub.inc       ;         ;
; multcore.inc                     ; yes             ; Megafunction                           ; e:/quartus/data_setup/quartus/libraries/megafunctions/multcore.inc          ;         ;
; bypassff.inc                     ; yes             ; Megafunction                           ; e:/quartus/data_setup/quartus/libraries/megafunctions/bypassff.inc          ;         ;
; altshift.inc                     ; yes             ; Megafunction                           ; e:/quartus/data_setup/quartus/libraries/megafunctions/altshift.inc          ;         ;
; db/mult_ugs.tdf                  ; yes             ; Auto-Generated Megafunction            ; E:/Quartus/Project_Quartus/03_pico/db/mult_ugs.tdf                          ;         ;
+----------------------------------+-----------------+----------------------------------------+-----------------------------------------------------------------------------+---------+


+-------------------------------------------------------------------------------------------------------------------------------------------+
; Analysis & Synthesis Resource Usage Summary                                                                                               ;
+---------------------------------------------+---------------------------------------------------------------------------------------------+
; Resource                                    ; Usage                                                                                       ;
+---------------------------------------------+---------------------------------------------------------------------------------------------+
; Estimated Total logic elements              ; 2,756                                                                                       ;
;                                             ;                                                                                             ;
; Total combinational functions               ; 2539                                                                                        ;
; Logic element usage by number of LUT inputs ;                                                                                             ;
;     -- 4 input functions                    ; 1175                                                                                        ;
;     -- 3 input functions                    ; 920                                                                                         ;
;     -- <=2 input functions                  ; 444                                                                                         ;
;                                             ;                                                                                             ;
; Logic elements by mode                      ;                                                                                             ;
;     -- normal mode                          ; 1883                                                                                        ;
;     -- arithmetic mode                      ; 656                                                                                         ;
;                                             ;                                                                                             ;
; Total registers                             ; 1221                                                                                        ;
;     -- Dedicated logic registers            ; 1221                                                                                        ;
;     -- I/O registers                        ; 0                                                                                           ;
;                                             ;                                                                                             ;
; I/O pins                                    ; 16                                                                                          ;
; Total memory bits                           ; 1050624                                                                                     ;
;                                             ;                                                                                             ;
; Embedded Multiplier 9-bit elements          ; 8                                                                                           ;
;                                             ;                                                                                             ;
; Total PLLs                                  ; 1                                                                                           ;
;     -- PLLs                                 ; 1                                                                                           ;
;                                             ;                                                                                             ;
; Maximum fan-out node                        ; pll_sys:pll_sys_inst|altpll:altpll_component|pll_sys_altpll:auto_generated|wire_pll1_clk[0] ;
; Maximum fan-out                             ; 1386                                                                                        ;
; Total fan-out                               ; 15553                                                                                       ;
; Average fan-out                             ; 3.90                                                                                        ;
+---------------------------------------------+---------------------------------------------------------------------------------------------+


+-------------------------------------------------------------------------------------------------------------------------------------------------------------------------------------------------------------------------------------------------------------------------------------------------------------------------------------------------------------------+
; Analysis & Synthesis Resource Utilization by Entity                                                                                                                                                                                                                                                                                                               ;
+----------------------------------------------+---------------------+---------------------------+-------------+------------+--------------+---------+-----------+------+--------------+------------+-----------------------------------------------------------------------------------------------------------------------+------------------------+--------------+
; Compilation Hierarchy Node                   ; Combinational ALUTs ; Dedicated Logic Registers ; Memory Bits ; UFM Blocks ; DSP Elements ; DSP 9x9 ; DSP 18x18 ; Pins ; Virtual Pins ; ADC blocks ; Full Hierarchy Name                                                                                                   ; Entity Name            ; Library Name ;
+----------------------------------------------+---------------------+---------------------------+-------------+------------+--------------+---------+-----------+------+--------------+------------+-----------------------------------------------------------------------------------------------------------------------+------------------------+--------------+
; |prv32_top                                   ; 2539 (15)           ; 1221 (9)                  ; 1050624     ; 0          ; 8            ; 0       ; 4         ; 16   ; 0            ; 0          ; |prv32_top                                                                                                            ; prv32_top              ; work         ;
;    |address_decoder:ad|                      ; 17 (17)             ; 0 (0)                     ; 0           ; 0          ; 0            ; 0       ; 0         ; 0    ; 0            ; 0          ; |prv32_top|address_decoder:ad                                                                                         ; address_decoder        ; work         ;
;    |gpio:gpio|                               ; 14 (14)             ; 12 (12)                   ; 0           ; 0          ; 0            ; 0       ; 0         ; 0    ; 0            ; 0          ; |prv32_top|gpio:gpio                                                                                                  ; gpio                   ; work         ;
;    |memory:mem|                              ; 73 (1)              ; 3 (1)                     ; 1048576     ; 0          ; 0            ; 0       ; 0         ; 0    ; 0            ; 0          ; |prv32_top|memory:mem                                                                                                 ; memory                 ; work         ;
;       |iram:iram|                            ; 72 (0)              ; 2 (0)                     ; 1048576     ; 0          ; 0            ; 0       ; 0         ; 0    ; 0            ; 0          ; |prv32_top|memory:mem|iram:iram                                                                                       ; iram                   ; work         ;
;          |altsyncram:altsyncram_component|   ; 72 (0)              ; 2 (0)                     ; 1048576     ; 0          ; 0            ; 0       ; 0         ; 0    ; 0            ; 0          ; |prv32_top|memory:mem|iram:iram|altsyncram:altsyncram_component                                                       ; altsyncram             ; work         ;
;             |altsyncram_e0k1:auto_generated| ; 72 (0)              ; 2 (2)                     ; 1048576     ; 0          ; 0            ; 0       ; 0         ; 0    ; 0            ; 0          ; |prv32_top|memory:mem|iram:iram|altsyncram:altsyncram_component|altsyncram_e0k1:auto_generated                        ; altsyncram_e0k1        ; work         ;
;                |decode_5j9:rden_decode|      ; 3 (3)               ; 0 (0)                     ; 0           ; 0          ; 0            ; 0       ; 0         ; 0    ; 0            ; 0          ; |prv32_top|memory:mem|iram:iram|altsyncram:altsyncram_component|altsyncram_e0k1:auto_generated|decode_5j9:rden_decode ; decode_5j9             ; work         ;
;                |decode_c7a:decode3|          ; 5 (5)               ; 0 (0)                     ; 0           ; 0          ; 0            ; 0       ; 0         ; 0    ; 0            ; 0          ; |prv32_top|memory:mem|iram:iram|altsyncram:altsyncram_component|altsyncram_e0k1:auto_generated|decode_c7a:decode3     ; decode_c7a             ; work         ;
;                |mux_93b:mux2|                ; 64 (64)             ; 0 (0)                     ; 0           ; 0          ; 0            ; 0       ; 0         ; 0    ; 0            ; 0          ; |prv32_top|memory:mem|iram:iram|altsyncram:altsyncram_component|altsyncram_e0k1:auto_generated|mux_93b:mux2           ; mux_93b                ; work         ;
;    |picorv32:cpu|                            ; 2310 (1837)         ; 1101 (768)                ; 2048        ; 0          ; 8            ; 0       ; 4         ; 0    ; 0            ; 0          ; |prv32_top|picorv32:cpu                                                                                               ; picorv32               ; work         ;
;       |altsyncram:cpuregs_rtl_0|             ; 0 (0)               ; 0 (0)                     ; 1024        ; 0          ; 0            ; 0       ; 0         ; 0    ; 0            ; 0          ; |prv32_top|picorv32:cpu|altsyncram:cpuregs_rtl_0                                                                      ; altsyncram             ; work         ;
;          |altsyncram_j6d1:auto_generated|    ; 0 (0)               ; 0 (0)                     ; 1024        ; 0          ; 0            ; 0       ; 0         ; 0    ; 0            ; 0          ; |prv32_top|picorv32:cpu|altsyncram:cpuregs_rtl_0|altsyncram_j6d1:auto_generated                                       ; altsyncram_j6d1        ; work         ;
;       |altsyncram:cpuregs_rtl_1|             ; 0 (0)               ; 0 (0)                     ; 1024        ; 0          ; 0            ; 0       ; 0         ; 0    ; 0            ; 0          ; |prv32_top|picorv32:cpu|altsyncram:cpuregs_rtl_1                                                                      ; altsyncram             ; work         ;
;          |altsyncram_j6d1:auto_generated|    ; 0 (0)               ; 0 (0)                     ; 1024        ; 0          ; 0            ; 0       ; 0         ; 0    ; 0            ; 0          ; |prv32_top|picorv32:cpu|altsyncram:cpuregs_rtl_1|altsyncram_j6d1:auto_generated                                       ; altsyncram_j6d1        ; work         ;
;       |picorv32_pcpi_div:pcpi_div|           ; 375 (375)           ; 200 (200)                 ; 0           ; 0          ; 0            ; 0       ; 0         ; 0    ; 0            ; 0          ; |prv32_top|picorv32:cpu|picorv32_pcpi_div:pcpi_div                                                                    ; picorv32_pcpi_div      ; work         ;
;       |picorv32_pcpi_fast_mul:pcpi_mul|      ; 98 (52)             ; 133 (133)                 ; 0           ; 0          ; 8            ; 0       ; 4         ; 0    ; 0            ; 0          ; |prv32_top|picorv32:cpu|picorv32_pcpi_fast_mul:pcpi_mul                                                               ; picorv32_pcpi_fast_mul ; work         ;
;          |lpm_mult:Mult0|                    ; 46 (0)              ; 0 (0)                     ; 0           ; 0          ; 8            ; 0       ; 4         ; 0    ; 0            ; 0          ; |prv32_top|picorv32:cpu|picorv32_pcpi_fast_mul:pcpi_mul|lpm_mult:Mult0                                                ; lpm_mult               ; work         ;
;             |mult_ugs:auto_generated|        ; 46 (46)             ; 0 (0)                     ; 0           ; 0          ; 8            ; 0       ; 4         ; 0    ; 0            ; 0          ; |prv32_top|picorv32:cpu|picorv32_pcpi_fast_mul:pcpi_mul|lpm_mult:Mult0|mult_ugs:auto_generated                        ; mult_ugs               ; work         ;
;    |pll_sys:pll_sys_inst|                    ; 0 (0)               ; 0 (0)                     ; 0           ; 0          ; 0            ; 0       ; 0         ; 0    ; 0            ; 0          ; |prv32_top|pll_sys:pll_sys_inst                                                                                       ; pll_sys                ; work         ;
;       |altpll:altpll_component|              ; 0 (0)               ; 0 (0)                     ; 0           ; 0          ; 0            ; 0       ; 0         ; 0    ; 0            ; 0          ; |prv32_top|pll_sys:pll_sys_inst|altpll:altpll_component                                                               ; altpll                 ; work         ;
;          |pll_sys_altpll:auto_generated|     ; 0 (0)               ; 0 (0)                     ; 0           ; 0          ; 0            ; 0       ; 0         ; 0    ; 0            ; 0          ; |prv32_top|pll_sys:pll_sys_inst|altpll:altpll_component|pll_sys_altpll:auto_generated                                 ; pll_sys_altpll         ; work         ;
;    |uartTx:uartTx|                           ; 58 (58)             ; 46 (46)                   ; 0           ; 0          ; 0            ; 0       ; 0         ; 0    ; 0            ; 0          ; |prv32_top|uartTx:uartTx                                                                                              ; uartTx                 ; work         ;
;    |uart_rx:uart_rx|                         ; 52 (52)             ; 50 (50)                   ; 0           ; 0          ; 0            ; 0       ; 0         ; 0    ; 0            ; 0          ; |prv32_top|uart_rx:uart_rx                                                                                            ; uart_rx                ; work         ;
+----------------------------------------------+---------------------+---------------------------+-------------+------------+--------------+---------+-----------+------+--------------+------------+-----------------------------------------------------------------------------------------------------------------------+------------------------+--------------+
Note: For table entries with two numbers listed, the numbers in parentheses indicate the number of resources of the given type used by the specific entity alone. The numbers listed outside of parentheses indicate the total resources of the given type used by the specific entity and all of its sub-entities in the hierarchy.


+---------------------------------------------------------------------------------------------------------------------------------------------------------------------------------------------------------------+
; Analysis & Synthesis RAM Summary                                                                                                                                                                              ;
+------------------------------------------------------------------------------------------------+------+------------------+--------------+--------------+--------------+--------------+---------+--------------+
; Name                                                                                           ; Type ; Mode             ; Port A Depth ; Port A Width ; Port B Depth ; Port B Width ; Size    ; MIF          ;
+------------------------------------------------------------------------------------------------+------+------------------+--------------+--------------+--------------+--------------+---------+--------------+
; memory:mem|iram:iram|altsyncram:altsyncram_component|altsyncram_e0k1:auto_generated|ALTSYNCRAM ; AUTO ; Single Port      ; 32768        ; 32           ; --           ; --           ; 1048576 ; firmware.mif ;
; picorv32:cpu|altsyncram:cpuregs_rtl_0|altsyncram_j6d1:auto_generated|ALTSYNCRAM                ; AUTO ; Simple Dual Port ; 32           ; 32           ; 32           ; 32           ; 1024    ; None         ;
; picorv32:cpu|altsyncram:cpuregs_rtl_1|altsyncram_j6d1:auto_generated|ALTSYNCRAM                ; AUTO ; Simple Dual Port ; 32           ; 32           ; 32           ; 32           ; 1024    ; None         ;
+------------------------------------------------------------------------------------------------+------+------------------+--------------+--------------+--------------+--------------+---------+--------------+


+-----------------------------------------------------+
; Analysis & Synthesis DSP Block Usage Summary        ;
+---------------------------------------+-------------+
; Statistic                             ; Number Used ;
+---------------------------------------+-------------+
; Simple Multipliers (9-bit)            ; 0           ;
; Simple Multipliers (18-bit)           ; 4           ;
; Embedded Multiplier Blocks            ; --          ;
; Embedded Multiplier 9-bit elements    ; 8           ;
; Signed Embedded Multipliers           ; 1           ;
; Unsigned Embedded Multipliers         ; 1           ;
; Mixed Sign Embedded Multipliers       ; 2           ;
; Variable Sign Embedded Multipliers    ; 0           ;
; Dedicated Input Shift Register Chains ; 0           ;
+---------------------------------------+-------------+
Note: number of Embedded Multiplier Blocks used is only available after a successful fit.


Encoding Type:  One-Hot
+-----------------------------------------------------------------------+
; State Machine - |prv32_top|picorv32:cpu|mem_wordsize                  ;
+-----------------+-----------------+-----------------+-----------------+
; Name            ; mem_wordsize.00 ; mem_wordsize.10 ; mem_wordsize.01 ;
+-----------------+-----------------+-----------------+-----------------+
; mem_wordsize.00 ; 0               ; 0               ; 0               ;
; mem_wordsize.01 ; 1               ; 0               ; 1               ;
; mem_wordsize.10 ; 1               ; 1               ; 0               ;
+-----------------+-----------------+-----------------+-----------------+


Encoding Type:  One-Hot
+------------------------------------------------------------------------------------------------------------------------------------------------------------------------------------------------------------------------------------------------------------+
; State Machine - |prv32_top|picorv32:cpu|cpu_state                                                                                                                                                                                                          ;
+----------------------------+--------------------------+---------------------------+----------------------------+----------------------------+--------------------------+---------------------------+---------------------------+---------------------------+
; Name                       ; cpu_state.cpu_state_trap ; cpu_state.cpu_state_fetch ; cpu_state.cpu_state_ld_rs1 ; cpu_state.cpu_state_ld_rs2 ; cpu_state.cpu_state_exec ; cpu_state.cpu_state_shift ; cpu_state.cpu_state_stmem ; cpu_state.cpu_state_ldmem ;
+----------------------------+--------------------------+---------------------------+----------------------------+----------------------------+--------------------------+---------------------------+---------------------------+---------------------------+
; cpu_state.cpu_state_trap   ; 0                        ; 0                         ; 0                          ; 0                          ; 0                        ; 0                         ; 0                         ; 0                         ;
; cpu_state.cpu_state_stmem  ; 1                        ; 0                         ; 0                          ; 0                          ; 0                        ; 0                         ; 1                         ; 0                         ;
; cpu_state.cpu_state_shift  ; 1                        ; 0                         ; 0                          ; 0                          ; 0                        ; 1                         ; 0                         ; 0                         ;
; cpu_state.cpu_state_exec   ; 1                        ; 0                         ; 0                          ; 0                          ; 1                        ; 0                         ; 0                         ; 0                         ;
; cpu_state.cpu_state_ld_rs2 ; 1                        ; 0                         ; 0                          ; 1                          ; 0                        ; 0                         ; 0                         ; 0                         ;
; cpu_state.cpu_state_ld_rs1 ; 1                        ; 0                         ; 1                          ; 0                          ; 0                        ; 0                         ; 0                         ; 0                         ;
; cpu_state.cpu_state_fetch  ; 1                        ; 1                         ; 0                          ; 0                          ; 0                        ; 0                         ; 0                         ; 0                         ;
; cpu_state.cpu_state_ldmem  ; 1                        ; 0                         ; 0                          ; 0                          ; 0                        ; 0                         ; 0                         ; 1                         ;
+----------------------------+--------------------------+---------------------------+----------------------------+----------------------------+--------------------------+---------------------------+---------------------------+---------------------------+


Encoding Type:  One-Hot
+-------------------------------------------------------------------+
; State Machine - |prv32_top|uartTx:uartTx|state                    ;
+----------------+----------------+----------------+----------------+
; Name           ; state.00000000 ; state.00000010 ; state.00000001 ;
+----------------+----------------+----------------+----------------+
; state.00000000 ; 0              ; 0              ; 0              ;
; state.00000001 ; 1              ; 0              ; 1              ;
; state.00000010 ; 1              ; 1              ; 0              ;
+----------------+----------------+----------------+----------------+


Encoding Type:  One-Hot
+--------------------------------------------------+
; State Machine - |prv32_top|uart_rx:uart_rx|state ;
+----------+----------+----------+-----------------+
; Name     ; state.00 ; state.10 ; state.01        ;
+----------+----------+----------+-----------------+
; state.00 ; 0        ; 0        ; 0               ;
; state.01 ; 1        ; 0        ; 1               ;
; state.10 ; 1        ; 1        ; 0               ;
+----------+----------+----------+-----------------+


+------------------------------------------------------------------------------------------------------------------+
; Registers Removed During Synthesis                                                                               ;
+----------------------------------------------------+-------------------------------------------------------------+
; Register name                                      ; Reason for Removal                                          ;
+----------------------------------------------------+-------------------------------------------------------------+
; picorv32:cpu|instr_retirq                          ; Stuck at GND due to stuck port data_in                      ;
; picorv32:cpu|instr_waitirq                         ; Stuck at GND due to stuck port data_in                      ;
; picorv32:cpu|decoded_imm_uj[0]                     ; Stuck at GND due to stuck port data_in                      ;
; picorv32:cpu|compressed_instr                      ; Stuck at GND due to stuck port data_in                      ;
; picorv32:cpu|instr_getq                            ; Stuck at GND due to stuck port data_in                      ;
; picorv32:cpu|instr_setq                            ; Stuck at GND due to stuck port data_in                      ;
; picorv32:cpu|instr_maskirq                         ; Stuck at GND due to stuck port data_in                      ;
; picorv32:cpu|instr_timer                           ; Stuck at GND due to stuck port data_in                      ;
; picorv32:cpu|do_waitirq                            ; Stuck at GND due to stuck port data_in                      ;
; gpio:gpio|q[1..7]                                  ; Stuck at GND due to stuck port data_in                      ;
; picorv32:cpu|latched_compr                         ; Stuck at GND due to stuck port data_in                      ;
; picorv32:cpu|decoded_imm_uj[20..30]                ; Merged with picorv32:cpu|decoded_imm_uj[31]                 ;
; picorv32:cpu|decoded_rs1[4]                        ; Merged with picorv32:cpu|decoded_imm_uj[19]                 ;
; picorv32:cpu|decoded_rs1[3]                        ; Merged with picorv32:cpu|decoded_imm_uj[18]                 ;
; picorv32:cpu|decoded_rs1[2]                        ; Merged with picorv32:cpu|decoded_imm_uj[17]                 ;
; picorv32:cpu|decoded_rs1[1]                        ; Merged with picorv32:cpu|decoded_imm_uj[16]                 ;
; picorv32:cpu|decoded_rs1[0]                        ; Merged with picorv32:cpu|decoded_imm_uj[15]                 ;
; picorv32:cpu|decoded_rs2[0]                        ; Merged with picorv32:cpu|decoded_imm_uj[11]                 ;
; picorv32:cpu|decoded_rs2[4]                        ; Merged with picorv32:cpu|decoded_imm_uj[4]                  ;
; picorv32:cpu|decoded_rs2[3]                        ; Merged with picorv32:cpu|decoded_imm_uj[3]                  ;
; picorv32:cpu|decoded_rs2[2]                        ; Merged with picorv32:cpu|decoded_imm_uj[2]                  ;
; picorv32:cpu|decoded_rs2[1]                        ; Merged with picorv32:cpu|decoded_imm_uj[1]                  ;
; picorv32:cpu|reg_next_pc[0]                        ; Merged with picorv32:cpu|reg_pc[0]                          ;
; picorv32:cpu|picorv32_pcpi_div:pcpi_div|pcpi_ready ; Merged with picorv32:cpu|picorv32_pcpi_div:pcpi_div|pcpi_wr ;
; picorv32:cpu|latched_is_lu                         ; Lost fanout                                                 ;
; picorv32:cpu|is_lbu_lhu_lw                         ; Lost fanout                                                 ;
; uartTx:uartTx|state~9                              ; Lost fanout                                                 ;
; uartTx:uartTx|state~10                             ; Lost fanout                                                 ;
; uartTx:uartTx|state~11                             ; Lost fanout                                                 ;
; uartTx:uartTx|state~12                             ; Lost fanout                                                 ;
; uartTx:uartTx|state~13                             ; Lost fanout                                                 ;
; uartTx:uartTx|state~14                             ; Lost fanout                                                 ;
; picorv32:cpu|cpu_state.cpu_state_shift             ; Merged with picorv32:cpu|cpu_state.cpu_state_ld_rs2         ;
; picorv32:cpu|cpu_state.cpu_state_ld_rs2            ; Stuck at GND due to stuck port data_in                      ;
; uart_rx:uart_rx|bitCount[3]                        ; Stuck at GND due to stuck port data_in                      ;
; Total Number of Removed Registers = 51             ;                                                             ;
+----------------------------------------------------+-------------------------------------------------------------+


+--------------------------------------------------------------------------------------------------------------------+
; Removed Registers Triggering Further Register Optimizations                                                        ;
+-------------------------------+---------------------------+--------------------------------------------------------+
; Register name                 ; Reason for Removal        ; Registers Removed due to This Register                 ;
+-------------------------------+---------------------------+--------------------------------------------------------+
; gpio:gpio|q[7]                ; Stuck at GND              ; picorv32:cpu|latched_is_lu, picorv32:cpu|is_lbu_lhu_lw ;
;                               ; due to stuck port data_in ;                                                        ;
; picorv32:cpu|compressed_instr ; Stuck at GND              ; picorv32:cpu|latched_compr                             ;
;                               ; due to stuck port data_in ;                                                        ;
+-------------------------------+---------------------------+--------------------------------------------------------+


+------------------------------------------------------+
; General Register Statistics                          ;
+----------------------------------------------+-------+
; Statistic                                    ; Value ;
+----------------------------------------------+-------+
; Total registers                              ; 1221  ;
; Number of registers using Synchronous Clear  ; 234   ;
; Number of registers using Synchronous Load   ; 218   ;
; Number of registers using Asynchronous Clear ; 68    ;
; Number of registers using Asynchronous Load  ; 0     ;
; Number of registers using Clock Enable       ; 671   ;
; Number of registers using Preset             ; 0     ;
+----------------------------------------------+-------+


+--------------------------------------------------+
; Inverted Register Statistics                     ;
+----------------------------------------+---------+
; Inverted Register                      ; Fan out ;
+----------------------------------------+---------+
; uartTx:uartTx|serialOut                ; 2       ;
; uartTx:uartTx|bufferEmpty              ; 9       ;
; Total number of inverted registers = 2 ;         ;
+----------------------------------------+---------+


+--------------------------------------------------------------------+
; Registers Added for RAM Pass-Through Logic                         ;
+---------------------------------------+----------------------------+
; Register Name                         ; RAM Name                   ;
+---------------------------------------+----------------------------+
; picorv32:cpu|cpuregs_rtl_0_bypass[0]  ; picorv32:cpu|cpuregs_rtl_0 ;
; picorv32:cpu|cpuregs_rtl_0_bypass[1]  ; picorv32:cpu|cpuregs_rtl_0 ;
; picorv32:cpu|cpuregs_rtl_0_bypass[2]  ; picorv32:cpu|cpuregs_rtl_0 ;
; picorv32:cpu|cpuregs_rtl_0_bypass[3]  ; picorv32:cpu|cpuregs_rtl_0 ;
; picorv32:cpu|cpuregs_rtl_0_bypass[4]  ; picorv32:cpu|cpuregs_rtl_0 ;
; picorv32:cpu|cpuregs_rtl_0_bypass[5]  ; picorv32:cpu|cpuregs_rtl_0 ;
; picorv32:cpu|cpuregs_rtl_0_bypass[6]  ; picorv32:cpu|cpuregs_rtl_0 ;
; picorv32:cpu|cpuregs_rtl_0_bypass[7]  ; picorv32:cpu|cpuregs_rtl_0 ;
; picorv32:cpu|cpuregs_rtl_0_bypass[8]  ; picorv32:cpu|cpuregs_rtl_0 ;
; picorv32:cpu|cpuregs_rtl_0_bypass[9]  ; picorv32:cpu|cpuregs_rtl_0 ;
; picorv32:cpu|cpuregs_rtl_0_bypass[10] ; picorv32:cpu|cpuregs_rtl_0 ;
; picorv32:cpu|cpuregs_rtl_0_bypass[11] ; picorv32:cpu|cpuregs_rtl_0 ;
; picorv32:cpu|cpuregs_rtl_0_bypass[12] ; picorv32:cpu|cpuregs_rtl_0 ;
; picorv32:cpu|cpuregs_rtl_0_bypass[13] ; picorv32:cpu|cpuregs_rtl_0 ;
; picorv32:cpu|cpuregs_rtl_0_bypass[14] ; picorv32:cpu|cpuregs_rtl_0 ;
; picorv32:cpu|cpuregs_rtl_0_bypass[15] ; picorv32:cpu|cpuregs_rtl_0 ;
; picorv32:cpu|cpuregs_rtl_0_bypass[16] ; picorv32:cpu|cpuregs_rtl_0 ;
; picorv32:cpu|cpuregs_rtl_0_bypass[17] ; picorv32:cpu|cpuregs_rtl_0 ;
; picorv32:cpu|cpuregs_rtl_0_bypass[18] ; picorv32:cpu|cpuregs_rtl_0 ;
; picorv32:cpu|cpuregs_rtl_0_bypass[19] ; picorv32:cpu|cpuregs_rtl_0 ;
; picorv32:cpu|cpuregs_rtl_0_bypass[20] ; picorv32:cpu|cpuregs_rtl_0 ;
; picorv32:cpu|cpuregs_rtl_0_bypass[21] ; picorv32:cpu|cpuregs_rtl_0 ;
; picorv32:cpu|cpuregs_rtl_0_bypass[22] ; picorv32:cpu|cpuregs_rtl_0 ;
; picorv32:cpu|cpuregs_rtl_0_bypass[23] ; picorv32:cpu|cpuregs_rtl_0 ;
; picorv32:cpu|cpuregs_rtl_0_bypass[24] ; picorv32:cpu|cpuregs_rtl_0 ;
; picorv32:cpu|cpuregs_rtl_0_bypass[25] ; picorv32:cpu|cpuregs_rtl_0 ;
; picorv32:cpu|cpuregs_rtl_0_bypass[26] ; picorv32:cpu|cpuregs_rtl_0 ;
; picorv32:cpu|cpuregs_rtl_0_bypass[27] ; picorv32:cpu|cpuregs_rtl_0 ;
; picorv32:cpu|cpuregs_rtl_0_bypass[28] ; picorv32:cpu|cpuregs_rtl_0 ;
; picorv32:cpu|cpuregs_rtl_0_bypass[29] ; picorv32:cpu|cpuregs_rtl_0 ;
; picorv32:cpu|cpuregs_rtl_0_bypass[30] ; picorv32:cpu|cpuregs_rtl_0 ;
; picorv32:cpu|cpuregs_rtl_0_bypass[31] ; picorv32:cpu|cpuregs_rtl_0 ;
; picorv32:cpu|cpuregs_rtl_0_bypass[32] ; picorv32:cpu|cpuregs_rtl_0 ;
; picorv32:cpu|cpuregs_rtl_0_bypass[33] ; picorv32:cpu|cpuregs_rtl_0 ;
; picorv32:cpu|cpuregs_rtl_0_bypass[34] ; picorv32:cpu|cpuregs_rtl_0 ;
; picorv32:cpu|cpuregs_rtl_0_bypass[35] ; picorv32:cpu|cpuregs_rtl_0 ;
; picorv32:cpu|cpuregs_rtl_0_bypass[36] ; picorv32:cpu|cpuregs_rtl_0 ;
; picorv32:cpu|cpuregs_rtl_0_bypass[37] ; picorv32:cpu|cpuregs_rtl_0 ;
; picorv32:cpu|cpuregs_rtl_0_bypass[38] ; picorv32:cpu|cpuregs_rtl_0 ;
; picorv32:cpu|cpuregs_rtl_0_bypass[39] ; picorv32:cpu|cpuregs_rtl_0 ;
; picorv32:cpu|cpuregs_rtl_0_bypass[40] ; picorv32:cpu|cpuregs_rtl_0 ;
; picorv32:cpu|cpuregs_rtl_0_bypass[41] ; picorv32:cpu|cpuregs_rtl_0 ;
; picorv32:cpu|cpuregs_rtl_0_bypass[42] ; picorv32:cpu|cpuregs_rtl_0 ;
; picorv32:cpu|cpuregs_rtl_1_bypass[0]  ; picorv32:cpu|cpuregs_rtl_1 ;
; picorv32:cpu|cpuregs_rtl_1_bypass[1]  ; picorv32:cpu|cpuregs_rtl_1 ;
; picorv32:cpu|cpuregs_rtl_1_bypass[2]  ; picorv32:cpu|cpuregs_rtl_1 ;
; picorv32:cpu|cpuregs_rtl_1_bypass[3]  ; picorv32:cpu|cpuregs_rtl_1 ;
; picorv32:cpu|cpuregs_rtl_1_bypass[4]  ; picorv32:cpu|cpuregs_rtl_1 ;
; picorv32:cpu|cpuregs_rtl_1_bypass[5]  ; picorv32:cpu|cpuregs_rtl_1 ;
; picorv32:cpu|cpuregs_rtl_1_bypass[6]  ; picorv32:cpu|cpuregs_rtl_1 ;
; picorv32:cpu|cpuregs_rtl_1_bypass[7]  ; picorv32:cpu|cpuregs_rtl_1 ;
; picorv32:cpu|cpuregs_rtl_1_bypass[8]  ; picorv32:cpu|cpuregs_rtl_1 ;
; picorv32:cpu|cpuregs_rtl_1_bypass[9]  ; picorv32:cpu|cpuregs_rtl_1 ;
; picorv32:cpu|cpuregs_rtl_1_bypass[10] ; picorv32:cpu|cpuregs_rtl_1 ;
; picorv32:cpu|cpuregs_rtl_1_bypass[11] ; picorv32:cpu|cpuregs_rtl_1 ;
; picorv32:cpu|cpuregs_rtl_1_bypass[12] ; picorv32:cpu|cpuregs_rtl_1 ;
; picorv32:cpu|cpuregs_rtl_1_bypass[13] ; picorv32:cpu|cpuregs_rtl_1 ;
; picorv32:cpu|cpuregs_rtl_1_bypass[14] ; picorv32:cpu|cpuregs_rtl_1 ;
; picorv32:cpu|cpuregs_rtl_1_bypass[15] ; picorv32:cpu|cpuregs_rtl_1 ;
; picorv32:cpu|cpuregs_rtl_1_bypass[16] ; picorv32:cpu|cpuregs_rtl_1 ;
; picorv32:cpu|cpuregs_rtl_1_bypass[17] ; picorv32:cpu|cpuregs_rtl_1 ;
; picorv32:cpu|cpuregs_rtl_1_bypass[18] ; picorv32:cpu|cpuregs_rtl_1 ;
; picorv32:cpu|cpuregs_rtl_1_bypass[19] ; picorv32:cpu|cpuregs_rtl_1 ;
; picorv32:cpu|cpuregs_rtl_1_bypass[20] ; picorv32:cpu|cpuregs_rtl_1 ;
; picorv32:cpu|cpuregs_rtl_1_bypass[21] ; picorv32:cpu|cpuregs_rtl_1 ;
; picorv32:cpu|cpuregs_rtl_1_bypass[22] ; picorv32:cpu|cpuregs_rtl_1 ;
; picorv32:cpu|cpuregs_rtl_1_bypass[23] ; picorv32:cpu|cpuregs_rtl_1 ;
; picorv32:cpu|cpuregs_rtl_1_bypass[24] ; picorv32:cpu|cpuregs_rtl_1 ;
; picorv32:cpu|cpuregs_rtl_1_bypass[25] ; picorv32:cpu|cpuregs_rtl_1 ;
; picorv32:cpu|cpuregs_rtl_1_bypass[26] ; picorv32:cpu|cpuregs_rtl_1 ;
; picorv32:cpu|cpuregs_rtl_1_bypass[27] ; picorv32:cpu|cpuregs_rtl_1 ;
; picorv32:cpu|cpuregs_rtl_1_bypass[28] ; picorv32:cpu|cpuregs_rtl_1 ;
; picorv32:cpu|cpuregs_rtl_1_bypass[29] ; picorv32:cpu|cpuregs_rtl_1 ;
; picorv32:cpu|cpuregs_rtl_1_bypass[30] ; picorv32:cpu|cpuregs_rtl_1 ;
; picorv32:cpu|cpuregs_rtl_1_bypass[31] ; picorv32:cpu|cpuregs_rtl_1 ;
; picorv32:cpu|cpuregs_rtl_1_bypass[32] ; picorv32:cpu|cpuregs_rtl_1 ;
; picorv32:cpu|cpuregs_rtl_1_bypass[33] ; picorv32:cpu|cpuregs_rtl_1 ;
; picorv32:cpu|cpuregs_rtl_1_bypass[34] ; picorv32:cpu|cpuregs_rtl_1 ;
; picorv32:cpu|cpuregs_rtl_1_bypass[35] ; picorv32:cpu|cpuregs_rtl_1 ;
; picorv32:cpu|cpuregs_rtl_1_bypass[36] ; picorv32:cpu|cpuregs_rtl_1 ;
; picorv32:cpu|cpuregs_rtl_1_bypass[37] ; picorv32:cpu|cpuregs_rtl_1 ;
; picorv32:cpu|cpuregs_rtl_1_bypass[38] ; picorv32:cpu|cpuregs_rtl_1 ;
; picorv32:cpu|cpuregs_rtl_1_bypass[39] ; picorv32:cpu|cpuregs_rtl_1 ;
; picorv32:cpu|cpuregs_rtl_1_bypass[40] ; picorv32:cpu|cpuregs_rtl_1 ;
; picorv32:cpu|cpuregs_rtl_1_bypass[41] ; picorv32:cpu|cpuregs_rtl_1 ;
; picorv32:cpu|cpuregs_rtl_1_bypass[42] ; picorv32:cpu|cpuregs_rtl_1 ;
+---------------------------------------+----------------------------+


+------------------------------------------------------------------------------------------------------------------------------------------------------------------------------+
; Multiplexer Restructuring Statistics (Restructuring Performed)                                                                                                               ;
+--------------------+-----------+---------------+----------------------+------------------------+------------+----------------------------------------------------------------+
; Multiplexer Inputs ; Bus Width ; Baseline Area ; Area if Restructured ; Saving if Restructured ; Registered ; Example Multiplexer Output                                     ;
+--------------------+-----------+---------------+----------------------+------------------------+------------+----------------------------------------------------------------+
; 3:1                ; 96 bits   ; 192 LEs       ; 96 LEs               ; 96 LEs                 ; Yes        ; |prv32_top|picorv32:cpu|count_instr[15]                        ;
; 3:1                ; 8 bits    ; 16 LEs        ; 8 LEs                ; 8 LEs                  ; Yes        ; |prv32_top|gpio:gpio|gpio[7]                                   ;
; 3:1                ; 2 bits    ; 4 LEs         ; 2 LEs                ; 2 LEs                  ; Yes        ; |prv32_top|gpio:gpio|gpio[8]                                   ;
; 3:1                ; 22 bits   ; 44 LEs        ; 22 LEs               ; 22 LEs                 ; Yes        ; |prv32_top|picorv32:cpu|instr_bgeu                             ;
; 3:1                ; 4 bits    ; 8 LEs         ; 4 LEs                ; 4 LEs                  ; Yes        ; |prv32_top|picorv32:cpu|pcpi_timeout_counter[0]                ;
; 3:1                ; 62 bits   ; 124 LEs       ; 62 LEs               ; 62 LEs                 ; Yes        ; |prv32_top|picorv32:cpu|picorv32_pcpi_div:pcpi_div|divisor[2]  ;
; 3:1                ; 30 bits   ; 60 LEs        ; 60 LEs               ; 0 LEs                  ; Yes        ; |prv32_top|picorv32:cpu|mem_addr[31]                           ;
; 3:1                ; 4 bits    ; 8 LEs         ; 4 LEs                ; 4 LEs                  ; Yes        ; |prv32_top|picorv32:cpu|mem_wstrb[3]                           ;
; 3:1                ; 16 bits   ; 32 LEs        ; 32 LEs               ; 0 LEs                  ; Yes        ; |prv32_top|picorv32:cpu|alu_shr[14]                            ;
; 3:1                ; 32 bits   ; 64 LEs        ; 64 LEs               ; 0 LEs                  ; Yes        ; |prv32_top|picorv32:cpu|picorv32_pcpi_div:pcpi_div|pcpi_rd[20] ;
; 3:1                ; 2 bits    ; 4 LEs         ; 2 LEs                ; 2 LEs                  ; Yes        ; |prv32_top|picorv32:cpu|reg_sh[1]                              ;
; 3:1                ; 3 bits    ; 6 LEs         ; 6 LEs                ; 0 LEs                  ; Yes        ; |prv32_top|picorv32:cpu|reg_sh[4]                              ;
; 3:1                ; 8 bits    ; 16 LEs        ; 16 LEs               ; 0 LEs                  ; Yes        ; |prv32_top|picorv32:cpu|mem_wdata[27]                          ;
; 4:1                ; 31 bits   ; 62 LEs        ; 62 LEs               ; 0 LEs                  ; Yes        ; |prv32_top|picorv32:cpu|picorv32_pcpi_div:pcpi_div|divisor[33] ;
; 4:1                ; 8 bits    ; 16 LEs        ; 16 LEs               ; 0 LEs                  ; Yes        ; |prv32_top|picorv32:cpu|alu_shr[7]                             ;
; 4:1                ; 32 bits   ; 64 LEs        ; 64 LEs               ; 0 LEs                  ; Yes        ; |prv32_top|picorv32:cpu|picorv32_pcpi_div:pcpi_div|dividend[0] ;
; 5:1                ; 30 bits   ; 90 LEs        ; 60 LEs               ; 30 LEs                 ; Yes        ; |prv32_top|picorv32:cpu|reg_next_pc[16]                        ;
; 4:1                ; 3 bits    ; 6 LEs         ; 3 LEs                ; 3 LEs                  ; Yes        ; |prv32_top|uart_rx:uart_rx|bitCount[1]                         ;
; 5:1                ; 4 bits    ; 12 LEs        ; 12 LEs               ; 0 LEs                  ; Yes        ; |prv32_top|picorv32:cpu|alu_shr[3]                             ;
; 4:1                ; 5 bits    ; 10 LEs        ; 5 LEs                ; 5 LEs                  ; Yes        ; |prv32_top|picorv32:cpu|latched_rd[4]                          ;
; 3:1                ; 6 bits    ; 12 LEs        ; 12 LEs               ; 0 LEs                  ; Yes        ; |prv32_top|picorv32:cpu|decoded_imm[6]                         ;
; 3:1                ; 19 bits   ; 38 LEs        ; 38 LEs               ; 0 LEs                  ; Yes        ; |prv32_top|picorv32:cpu|decoded_imm[28]                        ;
; 6:1                ; 3 bits    ; 12 LEs        ; 6 LEs                ; 6 LEs                  ; Yes        ; |prv32_top|uart_rx:uart_rx|clkCount[0]                         ;
; 6:1                ; 4 bits    ; 16 LEs        ; 16 LEs               ; 0 LEs                  ; Yes        ; |prv32_top|picorv32:cpu|alu_shl[30]                            ;
; 5:1                ; 4 bits    ; 12 LEs        ; 4 LEs                ; 8 LEs                  ; Yes        ; |prv32_top|uartTx:uartTx|bitCount[0]                           ;
; 5:1                ; 7 bits    ; 21 LEs        ; 7 LEs                ; 14 LEs                 ; Yes        ; |prv32_top|uartTx:uartTx|shifter[5]                            ;
; 4:1                ; 4 bits    ; 8 LEs         ; 8 LEs                ; 0 LEs                  ; Yes        ; |prv32_top|picorv32:cpu|decoded_imm[3]                         ;
; 7:1                ; 31 bits   ; 124 LEs       ; 124 LEs              ; 0 LEs                  ; Yes        ; |prv32_top|picorv32:cpu|alu_out_q[20]                          ;
; 6:1                ; 5 bits    ; 20 LEs        ; 10 LEs               ; 10 LEs                 ; Yes        ; |prv32_top|picorv32:cpu|reg_op2[4]                             ;
; 11:1               ; 2 bits    ; 14 LEs        ; 6 LEs                ; 8 LEs                  ; Yes        ; |prv32_top|picorv32:cpu|mem_state[1]                           ;
; 7:1                ; 27 bits   ; 108 LEs       ; 54 LEs               ; 54 LEs                 ; Yes        ; |prv32_top|picorv32:cpu|reg_op2[28]                            ;
; 14:1               ; 3 bits    ; 27 LEs        ; 12 LEs               ; 15 LEs                 ; Yes        ; |prv32_top|picorv32:cpu|reg_op1[30]                            ;
; 15:1               ; 3 bits    ; 30 LEs        ; 15 LEs               ; 15 LEs                 ; Yes        ; |prv32_top|picorv32:cpu|reg_op1[3]                             ;
; 15:1               ; 24 bits   ; 240 LEs       ; 144 LEs              ; 96 LEs                 ; Yes        ; |prv32_top|picorv32:cpu|reg_op1[26]                            ;
; 11:1               ; 8 bits    ; 56 LEs        ; 72 LEs               ; -16 LEs                ; Yes        ; |prv32_top|picorv32:cpu|reg_out[15]                            ;
; 13:1               ; 16 bits   ; 128 LEs       ; 160 LEs              ; -32 LEs                ; Yes        ; |prv32_top|picorv32:cpu|reg_out[24]                            ;
; 13:1               ; 7 bits    ; 56 LEs        ; 70 LEs               ; -14 LEs                ; Yes        ; |prv32_top|picorv32:cpu|reg_out[5]                             ;
; 3:1                ; 2 bits    ; 4 LEs         ; 4 LEs                ; 0 LEs                  ; No         ; |prv32_top|picorv32:cpu|cpu_state                              ;
; 3:1                ; 5 bits    ; 10 LEs        ; 10 LEs               ; 0 LEs                  ; No         ; |prv32_top|picorv32:cpu|cpuregs_rs2[0]                         ;
; 4:1                ; 2 bits    ; 4 LEs         ; 4 LEs                ; 0 LEs                  ; No         ; |prv32_top|picorv32:cpu|Selector41                             ;
; 4:1                ; 2 bits    ; 4 LEs         ; 4 LEs                ; 0 LEs                  ; No         ; |prv32_top|picorv32:cpu|Selector43                             ;
; 7:1                ; 3 bits    ; 12 LEs        ; 6 LEs                ; 6 LEs                  ; No         ; |prv32_top|picorv32:cpu|mem_wordsize                           ;
; 6:1                ; 3 bits    ; 12 LEs        ; 9 LEs                ; 3 LEs                  ; No         ; |prv32_top|uart_rx:uart_rx|state                               ;
; 19:1               ; 4 bits    ; 48 LEs        ; 24 LEs               ; 24 LEs                 ; No         ; |prv32_top|picorv32:cpu|cpu_state                              ;
+--------------------+-----------+---------------+----------------------+------------------------+------------+----------------------------------------------------------------+


+------------------------------------------------------------------------------------------------------------+
; Source assignments for memory:mem|iram:iram|altsyncram:altsyncram_component|altsyncram_e0k1:auto_generated ;
+---------------------------------+--------------------+------+----------------------------------------------+
; Assignment                      ; Value              ; From ; To                                           ;
+---------------------------------+--------------------+------+----------------------------------------------+
; OPTIMIZE_POWER_DURING_SYNTHESIS ; NORMAL_COMPILATION ; -    ; -                                            ;
+---------------------------------+--------------------+------+----------------------------------------------+


+---------------------------------------------------------------------------------------------+
; Source assignments for picorv32:cpu|altsyncram:cpuregs_rtl_0|altsyncram_j6d1:auto_generated ;
+---------------------------------+--------------------+------+-------------------------------+
; Assignment                      ; Value              ; From ; To                            ;
+---------------------------------+--------------------+------+-------------------------------+
; OPTIMIZE_POWER_DURING_SYNTHESIS ; NORMAL_COMPILATION ; -    ; -                             ;
+---------------------------------+--------------------+------+-------------------------------+


+---------------------------------------------------------------------------------------------+
; Source assignments for picorv32:cpu|altsyncram:cpuregs_rtl_1|altsyncram_j6d1:auto_generated ;
+---------------------------------+--------------------+------+-------------------------------+
; Assignment                      ; Value              ; From ; To                            ;
+---------------------------------+--------------------+------+-------------------------------+
; OPTIMIZE_POWER_DURING_SYNTHESIS ; NORMAL_COMPILATION ; -    ; -                             ;
+---------------------------------+--------------------+------+-------------------------------+


+-------------------------------------------------------------------------------------------+
; Parameter Settings for User Entity Instance: pll_sys:pll_sys_inst|altpll:altpll_component ;
+-------------------------------+---------------------------+-------------------------------+
; Parameter Name                ; Value                     ; Type                          ;
+-------------------------------+---------------------------+-------------------------------+
; OPERATION_MODE                ; NORMAL                    ; Untyped                       ;
; PLL_TYPE                      ; AUTO                      ; Untyped                       ;
; LPM_HINT                      ; CBX_MODULE_PREFIX=pll_sys ; Untyped                       ;
; QUALIFY_CONF_DONE             ; OFF                       ; Untyped                       ;
; COMPENSATE_CLOCK              ; CLK0                      ; Untyped                       ;
; SCAN_CHAIN                    ; LONG                      ; Untyped                       ;
; PRIMARY_CLOCK                 ; INCLK0                    ; Untyped                       ;
; INCLK0_INPUT_FREQUENCY        ; 20000                     ; Signed Integer                ;
; INCLK1_INPUT_FREQUENCY        ; 0                         ; Untyped                       ;
; GATE_LOCK_SIGNAL              ; NO                        ; Untyped                       ;
; GATE_LOCK_COUNTER             ; 0                         ; Untyped                       ;
; LOCK_HIGH                     ; 1                         ; Untyped                       ;
; LOCK_LOW                      ; 1                         ; Untyped                       ;
; VALID_LOCK_MULTIPLIER         ; 1                         ; Untyped                       ;
; INVALID_LOCK_MULTIPLIER       ; 5                         ; Untyped                       ;
; SWITCH_OVER_ON_LOSSCLK        ; OFF                       ; Untyped                       ;
; SWITCH_OVER_ON_GATED_LOCK     ; OFF                       ; Untyped                       ;
; ENABLE_SWITCH_OVER_COUNTER    ; OFF                       ; Untyped                       ;
; SKIP_VCO                      ; OFF                       ; Untyped                       ;
; SWITCH_OVER_COUNTER           ; 0                         ; Untyped                       ;
; SWITCH_OVER_TYPE              ; AUTO                      ; Untyped                       ;
; FEEDBACK_SOURCE               ; EXTCLK0                   ; Untyped                       ;
; BANDWIDTH                     ; 0                         ; Untyped                       ;
; BANDWIDTH_TYPE                ; AUTO                      ; Untyped                       ;
; SPREAD_FREQUENCY              ; 0                         ; Untyped                       ;
; DOWN_SPREAD                   ; 0                         ; Untyped                       ;
; SELF_RESET_ON_GATED_LOSS_LOCK ; OFF                       ; Untyped                       ;
; SELF_RESET_ON_LOSS_LOCK       ; ON                        ; Untyped                       ;
; CLK9_MULTIPLY_BY              ; 0                         ; Untyped                       ;
; CLK8_MULTIPLY_BY              ; 0                         ; Untyped                       ;
; CLK7_MULTIPLY_BY              ; 0                         ; Untyped                       ;
; CLK6_MULTIPLY_BY              ; 0                         ; Untyped                       ;
; CLK5_MULTIPLY_BY              ; 1                         ; Untyped                       ;
; CLK4_MULTIPLY_BY              ; 1                         ; Untyped                       ;
; CLK3_MULTIPLY_BY              ; 1                         ; Untyped                       ;
; CLK2_MULTIPLY_BY              ; 4                         ; Signed Integer                ;
; CLK1_MULTIPLY_BY              ; 32                        ; Signed Integer                ;
; CLK0_MULTIPLY_BY              ; 32                        ; Signed Integer                ;
; CLK9_DIVIDE_BY                ; 0                         ; Untyped                       ;
; CLK8_DIVIDE_BY                ; 0                         ; Untyped                       ;
; CLK7_DIVIDE_BY                ; 0                         ; Untyped                       ;
; CLK6_DIVIDE_BY                ; 0                         ; Untyped                       ;
; CLK5_DIVIDE_BY                ; 1                         ; Untyped                       ;
; CLK4_DIVIDE_BY                ; 1                         ; Untyped                       ;
; CLK3_DIVIDE_BY                ; 1                         ; Untyped                       ;
; CLK2_DIVIDE_BY                ; 5                         ; Signed Integer                ;
; CLK1_DIVIDE_BY                ; 25                        ; Signed Integer                ;
; CLK0_DIVIDE_BY                ; 25                        ; Signed Integer                ;
; CLK9_PHASE_SHIFT              ; 0                         ; Untyped                       ;
; CLK8_PHASE_SHIFT              ; 0                         ; Untyped                       ;
; CLK7_PHASE_SHIFT              ; 0                         ; Untyped                       ;
; CLK6_PHASE_SHIFT              ; 0                         ; Untyped                       ;
; CLK5_PHASE_SHIFT              ; 0                         ; Untyped                       ;
; CLK4_PHASE_SHIFT              ; 0                         ; Untyped                       ;
; CLK3_PHASE_SHIFT              ; 0                         ; Untyped                       ;
; CLK2_PHASE_SHIFT              ; 0                         ; Untyped                       ;
; CLK1_PHASE_SHIFT              ; -2344                     ; Untyped                       ;
; CLK0_PHASE_SHIFT              ; 0                         ; Untyped                       ;
; CLK5_TIME_DELAY               ; 0                         ; Untyped                       ;
; CLK4_TIME_DELAY               ; 0                         ; Untyped                       ;
; CLK3_TIME_DELAY               ; 0                         ; Untyped                       ;
; CLK2_TIME_DELAY               ; 0                         ; Untyped                       ;
; CLK1_TIME_DELAY               ; 0                         ; Untyped                       ;
; CLK0_TIME_DELAY               ; 0                         ; Untyped                       ;
; CLK9_DUTY_CYCLE               ; 50                        ; Untyped                       ;
; CLK8_DUTY_CYCLE               ; 50                        ; Untyped                       ;
; CLK7_DUTY_CYCLE               ; 50                        ; Untyped                       ;
; CLK6_DUTY_CYCLE               ; 50                        ; Untyped                       ;
; CLK5_DUTY_CYCLE               ; 50                        ; Untyped                       ;
; CLK4_DUTY_CYCLE               ; 50                        ; Untyped                       ;
; CLK3_DUTY_CYCLE               ; 50                        ; Untyped                       ;
; CLK2_DUTY_CYCLE               ; 50                        ; Signed Integer                ;
; CLK1_DUTY_CYCLE               ; 50                        ; Signed Integer                ;
; CLK0_DUTY_CYCLE               ; 50                        ; Signed Integer                ;
; CLK9_USE_EVEN_COUNTER_MODE    ; OFF                       ; Untyped                       ;
; CLK8_USE_EVEN_COUNTER_MODE    ; OFF                       ; Untyped                       ;
; CLK7_USE_EVEN_COUNTER_MODE    ; OFF                       ; Untyped                       ;
; CLK6_USE_EVEN_COUNTER_MODE    ; OFF                       ; Untyped                       ;
; CLK5_USE_EVEN_COUNTER_MODE    ; OFF                       ; Untyped                       ;
; CLK4_USE_EVEN_COUNTER_MODE    ; OFF                       ; Untyped                       ;
; CLK3_USE_EVEN_COUNTER_MODE    ; OFF                       ; Untyped                       ;
; CLK2_USE_EVEN_COUNTER_MODE    ; OFF                       ; Untyped                       ;
; CLK1_USE_EVEN_COUNTER_MODE    ; OFF                       ; Untyped                       ;
; CLK0_USE_EVEN_COUNTER_MODE    ; OFF                       ; Untyped                       ;
; CLK9_USE_EVEN_COUNTER_VALUE   ; OFF                       ; Untyped                       ;
; CLK8_USE_EVEN_COUNTER_VALUE   ; OFF                       ; Untyped                       ;
; CLK7_USE_EVEN_COUNTER_VALUE   ; OFF                       ; Untyped                       ;
; CLK6_USE_EVEN_COUNTER_VALUE   ; OFF                       ; Untyped                       ;
; CLK5_USE_EVEN_COUNTER_VALUE   ; OFF                       ; Untyped                       ;
; CLK4_USE_EVEN_COUNTER_VALUE   ; OFF                       ; Untyped                       ;
; CLK3_USE_EVEN_COUNTER_VALUE   ; OFF                       ; Untyped                       ;
; CLK2_USE_EVEN_COUNTER_VALUE   ; OFF                       ; Untyped                       ;
; CLK1_USE_EVEN_COUNTER_VALUE   ; OFF                       ; Untyped                       ;
; CLK0_USE_EVEN_COUNTER_VALUE   ; OFF                       ; Untyped                       ;
; LOCK_WINDOW_UI                ;  0.05                     ; Untyped                       ;
; LOCK_WINDOW_UI_BITS           ; UNUSED                    ; Untyped                       ;
; VCO_RANGE_DETECTOR_LOW_BITS   ; UNUSED                    ; Untyped                       ;
; VCO_RANGE_DETECTOR_HIGH_BITS  ; UNUSED                    ; Untyped                       ;
; DPA_MULTIPLY_BY               ; 0                         ; Untyped                       ;
; DPA_DIVIDE_BY                 ; 1                         ; Untyped                       ;
; DPA_DIVIDER                   ; 0                         ; Untyped                       ;
; EXTCLK3_MULTIPLY_BY           ; 1                         ; Untyped                       ;
; EXTCLK2_MULTIPLY_BY           ; 1                         ; Untyped                       ;
; EXTCLK1_MULTIPLY_BY           ; 1                         ; Untyped                       ;
; EXTCLK0_MULTIPLY_BY           ; 1                         ; Untyped                       ;
; EXTCLK3_DIVIDE_BY             ; 1                         ; Untyped                       ;
; EXTCLK2_DIVIDE_BY             ; 1                         ; Untyped                       ;
; EXTCLK1_DIVIDE_BY             ; 1                         ; Untyped                       ;
; EXTCLK0_DIVIDE_BY             ; 1                         ; Untyped                       ;
; EXTCLK3_PHASE_SHIFT           ; 0                         ; Untyped                       ;
; EXTCLK2_PHASE_SHIFT           ; 0                         ; Untyped                       ;
; EXTCLK1_PHASE_SHIFT           ; 0                         ; Untyped                       ;
; EXTCLK0_PHASE_SHIFT           ; 0                         ; Untyped                       ;
; EXTCLK3_TIME_DELAY            ; 0                         ; Untyped                       ;
; EXTCLK2_TIME_DELAY            ; 0                         ; Untyped                       ;
; EXTCLK1_TIME_DELAY            ; 0                         ; Untyped                       ;
; EXTCLK0_TIME_DELAY            ; 0                         ; Untyped                       ;
; EXTCLK3_DUTY_CYCLE            ; 50                        ; Untyped                       ;
; EXTCLK2_DUTY_CYCLE            ; 50                        ; Untyped                       ;
; EXTCLK1_DUTY_CYCLE            ; 50                        ; Untyped                       ;
; EXTCLK0_DUTY_CYCLE            ; 50                        ; Untyped                       ;
; VCO_MULTIPLY_BY               ; 0                         ; Untyped                       ;
; VCO_DIVIDE_BY                 ; 0                         ; Untyped                       ;
; SCLKOUT0_PHASE_SHIFT          ; 0                         ; Untyped                       ;
; SCLKOUT1_PHASE_SHIFT          ; 0                         ; Untyped                       ;
; VCO_MIN                       ; 0                         ; Untyped                       ;
; VCO_MAX                       ; 0                         ; Untyped                       ;
; VCO_CENTER                    ; 0                         ; Untyped                       ;
; PFD_MIN                       ; 0                         ; Untyped                       ;
; PFD_MAX                       ; 0                         ; Untyped                       ;
; M_INITIAL                     ; 0                         ; Untyped                       ;
; M                             ; 0                         ; Untyped                       ;
; N                             ; 1                         ; Untyped                       ;
; M2                            ; 1                         ; Untyped                       ;
; N2                            ; 1                         ; Untyped                       ;
; SS                            ; 1                         ; Untyped                       ;
; C0_HIGH                       ; 0                         ; Untyped                       ;
; C1_HIGH                       ; 0                         ; Untyped                       ;
; C2_HIGH                       ; 0                         ; Untyped                       ;
; C3_HIGH                       ; 0                         ; Untyped                       ;
; C4_HIGH                       ; 0                         ; Untyped                       ;
; C5_HIGH                       ; 0                         ; Untyped                       ;
; C6_HIGH                       ; 0                         ; Untyped                       ;
; C7_HIGH                       ; 0                         ; Untyped                       ;
; C8_HIGH                       ; 0                         ; Untyped                       ;
; C9_HIGH                       ; 0                         ; Untyped                       ;
; C0_LOW                        ; 0                         ; Untyped                       ;
; C1_LOW                        ; 0                         ; Untyped                       ;
; C2_LOW                        ; 0                         ; Untyped                       ;
; C3_LOW                        ; 0                         ; Untyped                       ;
; C4_LOW                        ; 0                         ; Untyped                       ;
; C5_LOW                        ; 0                         ; Untyped                       ;
; C6_LOW                        ; 0                         ; Untyped                       ;
; C7_LOW                        ; 0                         ; Untyped                       ;
; C8_LOW                        ; 0                         ; Untyped                       ;
; C9_LOW                        ; 0                         ; Untyped                       ;
; C0_INITIAL                    ; 0                         ; Untyped                       ;
; C1_INITIAL                    ; 0                         ; Untyped                       ;
; C2_INITIAL                    ; 0                         ; Untyped                       ;
; C3_INITIAL                    ; 0                         ; Untyped                       ;
; C4_INITIAL                    ; 0                         ; Untyped                       ;
; C5_INITIAL                    ; 0                         ; Untyped                       ;
; C6_INITIAL                    ; 0                         ; Untyped                       ;
; C7_INITIAL                    ; 0                         ; Untyped                       ;
; C8_INITIAL                    ; 0                         ; Untyped                       ;
; C9_INITIAL                    ; 0                         ; Untyped                       ;
; C0_MODE                       ; BYPASS                    ; Untyped                       ;
; C1_MODE                       ; BYPASS                    ; Untyped                       ;
; C2_MODE                       ; BYPASS                    ; Untyped                       ;
; C3_MODE                       ; BYPASS                    ; Untyped                       ;
; C4_MODE                       ; BYPASS                    ; Untyped                       ;
; C5_MODE                       ; BYPASS                    ; Untyped                       ;
; C6_MODE                       ; BYPASS                    ; Untyped                       ;
; C7_MODE                       ; BYPASS                    ; Untyped                       ;
; C8_MODE                       ; BYPASS                    ; Untyped                       ;
; C9_MODE                       ; BYPASS                    ; Untyped                       ;
; C0_PH                         ; 0                         ; Untyped                       ;
; C1_PH                         ; 0                         ; Untyped                       ;
; C2_PH                         ; 0                         ; Untyped                       ;
; C3_PH                         ; 0                         ; Untyped                       ;
; C4_PH                         ; 0                         ; Untyped                       ;
; C5_PH                         ; 0                         ; Untyped                       ;
; C6_PH                         ; 0                         ; Untyped                       ;
; C7_PH                         ; 0                         ; Untyped                       ;
; C8_PH                         ; 0                         ; Untyped                       ;
; C9_PH                         ; 0                         ; Untyped                       ;
; L0_HIGH                       ; 1                         ; Untyped                       ;
; L1_HIGH                       ; 1                         ; Untyped                       ;
; G0_HIGH                       ; 1                         ; Untyped                       ;
; G1_HIGH                       ; 1                         ; Untyped                       ;
; G2_HIGH                       ; 1                         ; Untyped                       ;
; G3_HIGH                       ; 1                         ; Untyped                       ;
; E0_HIGH                       ; 1                         ; Untyped                       ;
; E1_HIGH                       ; 1                         ; Untyped                       ;
; E2_HIGH                       ; 1                         ; Untyped                       ;
; E3_HIGH                       ; 1                         ; Untyped                       ;
; L0_LOW                        ; 1                         ; Untyped                       ;
; L1_LOW                        ; 1                         ; Untyped                       ;
; G0_LOW                        ; 1                         ; Untyped                       ;
; G1_LOW                        ; 1                         ; Untyped                       ;
; G2_LOW                        ; 1                         ; Untyped                       ;
; G3_LOW                        ; 1                         ; Untyped                       ;
; E0_LOW                        ; 1                         ; Untyped                       ;
; E1_LOW                        ; 1                         ; Untyped                       ;
; E2_LOW                        ; 1                         ; Untyped                       ;
; E3_LOW                        ; 1                         ; Untyped                       ;
; L0_INITIAL                    ; 1                         ; Untyped                       ;
; L1_INITIAL                    ; 1                         ; Untyped                       ;
; G0_INITIAL                    ; 1                         ; Untyped                       ;
; G1_INITIAL                    ; 1                         ; Untyped                       ;
; G2_INITIAL                    ; 1                         ; Untyped                       ;
; G3_INITIAL                    ; 1                         ; Untyped                       ;
; E0_INITIAL                    ; 1                         ; Untyped                       ;
; E1_INITIAL                    ; 1                         ; Untyped                       ;
; E2_INITIAL                    ; 1                         ; Untyped                       ;
; E3_INITIAL                    ; 1                         ; Untyped                       ;
; L0_MODE                       ; BYPASS                    ; Untyped                       ;
; L1_MODE                       ; BYPASS                    ; Untyped                       ;
; G0_MODE                       ; BYPASS                    ; Untyped                       ;
; G1_MODE                       ; BYPASS                    ; Untyped                       ;
; G2_MODE                       ; BYPASS                    ; Untyped                       ;
; G3_MODE                       ; BYPASS                    ; Untyped                       ;
; E0_MODE                       ; BYPASS                    ; Untyped                       ;
; E1_MODE                       ; BYPASS                    ; Untyped                       ;
; E2_MODE                       ; BYPASS                    ; Untyped                       ;
; E3_MODE                       ; BYPASS                    ; Untyped                       ;
; L0_PH                         ; 0                         ; Untyped                       ;
; L1_PH                         ; 0                         ; Untyped                       ;
; G0_PH                         ; 0                         ; Untyped                       ;
; G1_PH                         ; 0                         ; Untyped                       ;
; G2_PH                         ; 0                         ; Untyped                       ;
; G3_PH                         ; 0                         ; Untyped                       ;
; E0_PH                         ; 0                         ; Untyped                       ;
; E1_PH                         ; 0                         ; Untyped                       ;
; E2_PH                         ; 0                         ; Untyped                       ;
; E3_PH                         ; 0                         ; Untyped                       ;
; M_PH                          ; 0                         ; Untyped                       ;
; C1_USE_CASC_IN                ; OFF                       ; Untyped                       ;
; C2_USE_CASC_IN                ; OFF                       ; Untyped                       ;
; C3_USE_CASC_IN                ; OFF                       ; Untyped                       ;
; C4_USE_CASC_IN                ; OFF                       ; Untyped                       ;
; C5_USE_CASC_IN                ; OFF                       ; Untyped                       ;
; C6_USE_CASC_IN                ; OFF                       ; Untyped                       ;
; C7_USE_CASC_IN                ; OFF                       ; Untyped                       ;
; C8_USE_CASC_IN                ; OFF                       ; Untyped                       ;
; C9_USE_CASC_IN                ; OFF                       ; Untyped                       ;
; CLK0_COUNTER                  ; G0                        ; Untyped                       ;
; CLK1_COUNTER                  ; G0                        ; Untyped                       ;
; CLK2_COUNTER                  ; G0                        ; Untyped                       ;
; CLK3_COUNTER                  ; G0                        ; Untyped                       ;
; CLK4_COUNTER                  ; G0                        ; Untyped                       ;
; CLK5_COUNTER                  ; G0                        ; Untyped                       ;
; CLK6_COUNTER                  ; E0                        ; Untyped                       ;
; CLK7_COUNTER                  ; E1                        ; Untyped                       ;
; CLK8_COUNTER                  ; E2                        ; Untyped                       ;
; CLK9_COUNTER                  ; E3                        ; Untyped                       ;
; L0_TIME_DELAY                 ; 0                         ; Untyped                       ;
; L1_TIME_DELAY                 ; 0                         ; Untyped                       ;
; G0_TIME_DELAY                 ; 0                         ; Untyped                       ;
; G1_TIME_DELAY                 ; 0                         ; Untyped                       ;
; G2_TIME_DELAY                 ; 0                         ; Untyped                       ;
; G3_TIME_DELAY                 ; 0                         ; Untyped                       ;
; E0_TIME_DELAY                 ; 0                         ; Untyped                       ;
; E1_TIME_DELAY                 ; 0                         ; Untyped                       ;
; E2_TIME_DELAY                 ; 0                         ; Untyped                       ;
; E3_TIME_DELAY                 ; 0                         ; Untyped                       ;
; M_TIME_DELAY                  ; 0                         ; Untyped                       ;
; N_TIME_DELAY                  ; 0                         ; Untyped                       ;
; EXTCLK3_COUNTER               ; E3                        ; Untyped                       ;
; EXTCLK2_COUNTER               ; E2                        ; Untyped                       ;
; EXTCLK1_COUNTER               ; E1                        ; Untyped                       ;
; EXTCLK0_COUNTER               ; E0                        ; Untyped                       ;
; ENABLE0_COUNTER               ; L0                        ; Untyped                       ;
; ENABLE1_COUNTER               ; L0                        ; Untyped                       ;
; CHARGE_PUMP_CURRENT           ; 2                         ; Untyped                       ;
; LOOP_FILTER_R                 ;  1.000000                 ; Untyped                       ;
; LOOP_FILTER_C                 ; 5                         ; Untyped                       ;
; CHARGE_PUMP_CURRENT_BITS      ; 9999                      ; Untyped                       ;
; LOOP_FILTER_R_BITS            ; 9999                      ; Untyped                       ;
; LOOP_FILTER_C_BITS            ; 9999                      ; Untyped                       ;
; VCO_POST_SCALE                ; 0                         ; Untyped                       ;
; CLK2_OUTPUT_FREQUENCY         ; 0                         ; Untyped                       ;
; CLK1_OUTPUT_FREQUENCY         ; 0                         ; Untyped                       ;
; CLK0_OUTPUT_FREQUENCY         ; 0                         ; Untyped                       ;
; INTENDED_DEVICE_FAMILY        ; MAX 10                    ; Untyped                       ;
; PORT_CLKENA0                  ; PORT_UNUSED               ; Untyped                       ;
; PORT_CLKENA1                  ; PORT_UNUSED               ; Untyped                       ;
; PORT_CLKENA2                  ; PORT_UNUSED               ; Untyped                       ;
; PORT_CLKENA3                  ; PORT_UNUSED               ; Untyped                       ;
; PORT_CLKENA4                  ; PORT_UNUSED               ; Untyped                       ;
; PORT_CLKENA5                  ; PORT_UNUSED               ; Untyped                       ;
; PORT_EXTCLKENA0               ; PORT_CONNECTIVITY         ; Untyped                       ;
; PORT_EXTCLKENA1               ; PORT_CONNECTIVITY         ; Untyped                       ;
; PORT_EXTCLKENA2               ; PORT_CONNECTIVITY         ; Untyped                       ;
; PORT_EXTCLKENA3               ; PORT_CONNECTIVITY         ; Untyped                       ;
; PORT_EXTCLK0                  ; PORT_UNUSED               ; Untyped                       ;
; PORT_EXTCLK1                  ; PORT_UNUSED               ; Untyped                       ;
; PORT_EXTCLK2                  ; PORT_UNUSED               ; Untyped                       ;
; PORT_EXTCLK3                  ; PORT_UNUSED               ; Untyped                       ;
; PORT_CLKBAD0                  ; PORT_UNUSED               ; Untyped                       ;
; PORT_CLKBAD1                  ; PORT_UNUSED               ; Untyped                       ;
; PORT_CLK0                     ; PORT_USED                 ; Untyped                       ;
; PORT_CLK1                     ; PORT_USED                 ; Untyped                       ;
; PORT_CLK2                     ; PORT_USED                 ; Untyped                       ;
; PORT_CLK3                     ; PORT_UNUSED               ; Untyped                       ;
; PORT_CLK4                     ; PORT_UNUSED               ; Untyped                       ;
; PORT_CLK5                     ; PORT_UNUSED               ; Untyped                       ;
; PORT_CLK6                     ; PORT_UNUSED               ; Untyped                       ;
; PORT_CLK7                     ; PORT_UNUSED               ; Untyped                       ;
; PORT_CLK8                     ; PORT_UNUSED               ; Untyped                       ;
; PORT_CLK9                     ; PORT_UNUSED               ; Untyped                       ;
; PORT_SCANDATA                 ; PORT_UNUSED               ; Untyped                       ;
; PORT_SCANDATAOUT              ; PORT_UNUSED               ; Untyped                       ;
; PORT_SCANDONE                 ; PORT_UNUSED               ; Untyped                       ;
; PORT_SCLKOUT1                 ; PORT_CONNECTIVITY         ; Untyped                       ;
; PORT_SCLKOUT0                 ; PORT_CONNECTIVITY         ; Untyped                       ;
; PORT_ACTIVECLOCK              ; PORT_UNUSED               ; Untyped                       ;
; PORT_CLKLOSS                  ; PORT_UNUSED               ; Untyped                       ;
; PORT_INCLK1                   ; PORT_UNUSED               ; Untyped                       ;
; PORT_INCLK0                   ; PORT_USED                 ; Untyped                       ;
; PORT_FBIN                     ; PORT_UNUSED               ; Untyped                       ;
; PORT_PLLENA                   ; PORT_UNUSED               ; Untyped                       ;
; PORT_CLKSWITCH                ; PORT_UNUSED               ; Untyped                       ;
; PORT_ARESET                   ; PORT_UNUSED               ; Untyped                       ;
; PORT_PFDENA                   ; PORT_UNUSED               ; Untyped                       ;
; PORT_SCANCLK                  ; PORT_UNUSED               ; Untyped                       ;
; PORT_SCANACLR                 ; PORT_UNUSED               ; Untyped                       ;
; PORT_SCANREAD                 ; PORT_UNUSED               ; Untyped                       ;
; PORT_SCANWRITE                ; PORT_UNUSED               ; Untyped                       ;
; PORT_ENABLE0                  ; PORT_CONNECTIVITY         ; Untyped                       ;
; PORT_ENABLE1                  ; PORT_CONNECTIVITY         ; Untyped                       ;
; PORT_LOCKED                   ; PORT_USED                 ; Untyped                       ;
; PORT_CONFIGUPDATE             ; PORT_UNUSED               ; Untyped                       ;
; PORT_FBOUT                    ; PORT_CONNECTIVITY         ; Untyped                       ;
; PORT_PHASEDONE                ; PORT_UNUSED               ; Untyped                       ;
; PORT_PHASESTEP                ; PORT_UNUSED               ; Untyped                       ;
; PORT_PHASEUPDOWN              ; PORT_UNUSED               ; Untyped                       ;
; PORT_SCANCLKENA               ; PORT_UNUSED               ; Untyped                       ;
; PORT_PHASECOUNTERSELECT       ; PORT_UNUSED               ; Untyped                       ;
; PORT_VCOOVERRANGE             ; PORT_CONNECTIVITY         ; Untyped                       ;
; PORT_VCOUNDERRANGE            ; PORT_CONNECTIVITY         ; Untyped                       ;
; M_TEST_SOURCE                 ; 5                         ; Untyped                       ;
; C0_TEST_SOURCE                ; 5                         ; Untyped                       ;
; C1_TEST_SOURCE                ; 5                         ; Untyped                       ;
; C2_TEST_SOURCE                ; 5                         ; Untyped                       ;
; C3_TEST_SOURCE                ; 5                         ; Untyped                       ;
; C4_TEST_SOURCE                ; 5                         ; Untyped                       ;
; C5_TEST_SOURCE                ; 5                         ; Untyped                       ;
; C6_TEST_SOURCE                ; 5                         ; Untyped                       ;
; C7_TEST_SOURCE                ; 5                         ; Untyped                       ;
; C8_TEST_SOURCE                ; 5                         ; Untyped                       ;
; C9_TEST_SOURCE                ; 5                         ; Untyped                       ;
; CBXI_PARAMETER                ; pll_sys_altpll            ; Untyped                       ;
; VCO_FREQUENCY_CONTROL         ; AUTO                      ; Untyped                       ;
; VCO_PHASE_SHIFT_STEP          ; 0                         ; Untyped                       ;
; WIDTH_CLOCK                   ; 5                         ; Signed Integer                ;
; WIDTH_PHASECOUNTERSELECT      ; 4                         ; Untyped                       ;
; USING_FBMIMICBIDIR_PORT       ; OFF                       ; Untyped                       ;
; DEVICE_FAMILY                 ; MAX 10                    ; Untyped                       ;
; SCAN_CHAIN_MIF_FILE           ; UNUSED                    ; Untyped                       ;
; SIM_GATE_LOCK_DEVICE_BEHAVIOR ; OFF                       ; Untyped                       ;
; AUTO_CARRY_CHAINS             ; ON                        ; AUTO_CARRY                    ;
; IGNORE_CARRY_BUFFERS          ; OFF                       ; IGNORE_CARRY                  ;
; AUTO_CASCADE_CHAINS           ; ON                        ; AUTO_CASCADE                  ;
; IGNORE_CASCADE_BUFFERS        ; OFF                       ; IGNORE_CASCADE                ;
+-------------------------------+---------------------------+-------------------------------+
Note: In order to hide this table in the UI and the text report file, please set the "Show Parameter Settings in Synthesis Report" option in "Analysis and Synthesis Settings -> More Settings" to "Off".


+---------------------------------------------------------------------------------------------------+
; Parameter Settings for User Entity Instance: memory:mem|iram:iram|altsyncram:altsyncram_component ;
+------------------------------------+----------------------+---------------------------------------+
; Parameter Name                     ; Value                ; Type                                  ;
+------------------------------------+----------------------+---------------------------------------+
; BYTE_SIZE_BLOCK                    ; 8                    ; Untyped                               ;
; AUTO_CARRY_CHAINS                  ; ON                   ; AUTO_CARRY                            ;
; IGNORE_CARRY_BUFFERS               ; OFF                  ; IGNORE_CARRY                          ;
; AUTO_CASCADE_CHAINS                ; ON                   ; AUTO_CASCADE                          ;
; IGNORE_CASCADE_BUFFERS             ; OFF                  ; IGNORE_CASCADE                        ;
; WIDTH_BYTEENA                      ; 1                    ; Untyped                               ;
; OPERATION_MODE                     ; SINGLE_PORT          ; Untyped                               ;
; WIDTH_A                            ; 32                   ; Signed Integer                        ;
; WIDTHAD_A                          ; 15                   ; Signed Integer                        ;
; NUMWORDS_A                         ; 32768                ; Signed Integer                        ;
; OUTDATA_REG_A                      ; UNREGISTERED         ; Untyped                               ;
; ADDRESS_ACLR_A                     ; NONE                 ; Untyped                               ;
; OUTDATA_ACLR_A                     ; NONE                 ; Untyped                               ;
; WRCONTROL_ACLR_A                   ; NONE                 ; Untyped                               ;
; INDATA_ACLR_A                      ; NONE                 ; Untyped                               ;
; BYTEENA_ACLR_A                     ; NONE                 ; Untyped                               ;
; WIDTH_B                            ; 1                    ; Untyped                               ;
; WIDTHAD_B                          ; 1                    ; Untyped                               ;
; NUMWORDS_B                         ; 1                    ; Untyped                               ;
; INDATA_REG_B                       ; CLOCK1               ; Untyped                               ;
; WRCONTROL_WRADDRESS_REG_B          ; CLOCK1               ; Untyped                               ;
; RDCONTROL_REG_B                    ; CLOCK1               ; Untyped                               ;
; ADDRESS_REG_B                      ; CLOCK1               ; Untyped                               ;
; OUTDATA_REG_B                      ; UNREGISTERED         ; Untyped                               ;
; BYTEENA_REG_B                      ; CLOCK1               ; Untyped                               ;
; INDATA_ACLR_B                      ; NONE                 ; Untyped                               ;
; WRCONTROL_ACLR_B                   ; NONE                 ; Untyped                               ;
; ADDRESS_ACLR_B                     ; NONE                 ; Untyped                               ;
; OUTDATA_ACLR_B                     ; NONE                 ; Untyped                               ;
; RDCONTROL_ACLR_B                   ; NONE                 ; Untyped                               ;
; BYTEENA_ACLR_B                     ; NONE                 ; Untyped                               ;
; WIDTH_BYTEENA_A                    ; 4                    ; Signed Integer                        ;
; WIDTH_BYTEENA_B                    ; 1                    ; Untyped                               ;
; RAM_BLOCK_TYPE                     ; AUTO                 ; Untyped                               ;
; BYTE_SIZE                          ; 8                    ; Signed Integer                        ;
; READ_DURING_WRITE_MODE_MIXED_PORTS ; DONT_CARE            ; Untyped                               ;
; READ_DURING_WRITE_MODE_PORT_A      ; NEW_DATA_NO_NBE_READ ; Untyped                               ;
; READ_DURING_WRITE_MODE_PORT_B      ; NEW_DATA_NO_NBE_READ ; Untyped                               ;
; INIT_FILE                          ; firmware.mif         ; Untyped                               ;
; INIT_FILE_LAYOUT                   ; PORT_A               ; Untyped                               ;
; MAXIMUM_DEPTH                      ; 0                    ; Untyped                               ;
; CLOCK_ENABLE_INPUT_A               ; BYPASS               ; Untyped                               ;
; CLOCK_ENABLE_INPUT_B               ; NORMAL               ; Untyped                               ;
; CLOCK_ENABLE_OUTPUT_A              ; BYPASS               ; Untyped                               ;
; CLOCK_ENABLE_OUTPUT_B              ; NORMAL               ; Untyped                               ;
; CLOCK_ENABLE_CORE_A                ; USE_INPUT_CLKEN      ; Untyped                               ;
; CLOCK_ENABLE_CORE_B                ; USE_INPUT_CLKEN      ; Untyped                               ;
; ENABLE_ECC                         ; FALSE                ; Untyped                               ;
; ECC_PIPELINE_STAGE_ENABLED         ; FALSE                ; Untyped                               ;
; WIDTH_ECCSTATUS                    ; 3                    ; Untyped                               ;
; DEVICE_FAMILY                      ; MAX 10               ; Untyped                               ;
; CBXI_PARAMETER                     ; altsyncram_e0k1      ; Untyped                               ;
+------------------------------------+----------------------+---------------------------------------+
Note: In order to hide this table in the UI and the text report file, please set the "Show Parameter Settings in Synthesis Report" option in "Analysis and Synthesis Settings -> More Settings" to "Off".


+--------------------------------------------------------------+
; Parameter Settings for User Entity Instance: uart_rx:uart_rx ;
+----------------+-------+-------------------------------------+
; Parameter Name ; Value ; Type                                ;
+----------------+-------+-------------------------------------+
; BAUD_DIVIDER   ; 34    ; Signed Integer                      ;
+----------------+-------+-------------------------------------+
Note: In order to hide this table in the UI and the text report file, please set the "Show Parameter Settings in Synthesis Report" option in "Analysis and Synthesis Settings -> More Settings" to "Off".


+---------------------------------------------------------------------+
; Parameter Settings for User Entity Instance: uartTx:uartTx          ;
+----------------+----------------------------------+-----------------+
; Parameter Name ; Value                            ; Type            ;
+----------------+----------------------------------+-----------------+
; BAUD_DIVIDER   ; 00000000000000000000001000101011 ; Unsigned Binary ;
+----------------+----------------------------------+-----------------+
Note: In order to hide this table in the UI and the text report file, please set the "Show Parameter Settings in Synthesis Report" option in "Analysis and Synthesis Settings -> More Settings" to "Off".


+---------------------------------------------------------------------------+
; Parameter Settings for User Entity Instance: picorv32:cpu                 ;
+----------------------+----------------------------------+-----------------+
; Parameter Name       ; Value                            ; Type            ;
+----------------------+----------------------------------+-----------------+
; ENABLE_COUNTERS      ; 1                                ; Unsigned Binary ;
; ENABLE_COUNTERS64    ; 1                                ; Unsigned Binary ;
; ENABLE_REGS_16_31    ; 1                                ; Unsigned Binary ;
; ENABLE_REGS_DUALPORT ; 1                                ; Unsigned Binary ;
; LATCHED_MEM_RDATA    ; 0                                ; Unsigned Binary ;
; TWO_STAGE_SHIFT      ; 1                                ; Unsigned Binary ;
; BARREL_SHIFTER       ; 1                                ; Signed Integer  ;
; TWO_CYCLE_COMPARE    ; 1                                ; Signed Integer  ;
; TWO_CYCLE_ALU        ; 1                                ; Signed Integer  ;
; COMPRESSED_ISA       ; 0                                ; Unsigned Binary ;
; CATCH_MISALIGN       ; 1                                ; Unsigned Binary ;
; CATCH_ILLINSN        ; 1                                ; Unsigned Binary ;
; ENABLE_PCPI          ; 0                                ; Signed Integer  ;
; ENABLE_MUL           ; 0                                ; Unsigned Binary ;
; ENABLE_FAST_MUL      ; 1                                ; Signed Integer  ;
; ENABLE_DIV           ; 1                                ; Signed Integer  ;
; ENABLE_IRQ           ; 0                                ; Unsigned Binary ;
; ENABLE_IRQ_QREGS     ; 1                                ; Unsigned Binary ;
; ENABLE_IRQ_TIMER     ; 1                                ; Unsigned Binary ;
; ENABLE_TRACE         ; 0                                ; Unsigned Binary ;
; REGS_INIT_ZERO       ; 0                                ; Unsigned Binary ;
; MASKED_IRQ           ; 00000000000000000000000000000000 ; Unsigned Binary ;
; LATCHED_IRQ          ; 11111111111111111111111111111111 ; Unsigned Binary ;
; PROGADDR_RESET       ; 00000000000000000000000000000000 ; Unsigned Binary ;
; PROGADDR_IRQ         ; 00000000000000000000000000010000 ; Unsigned Binary ;
; STACKADDR            ; 11111111111111111111111111111111 ; Unsigned Binary ;
+----------------------+----------------------------------+-----------------+
Note: In order to hide this table in the UI and the text report file, please set the "Show Parameter Settings in Synthesis Report" option in "Analysis and Synthesis Settings -> More Settings" to "Off".


+-------------------------------------------------------------------------------------------+
; Parameter Settings for User Entity Instance: picorv32:cpu|picorv32_pcpi_fast_mul:pcpi_mul ;
+----------------+-------+------------------------------------------------------------------+
; Parameter Name ; Value ; Type                                                             ;
+----------------+-------+------------------------------------------------------------------+
; EXTRA_MUL_FFS  ; 0     ; Signed Integer                                                   ;
; EXTRA_INSN_FFS ; 0     ; Signed Integer                                                   ;
; MUL_CLKGATE    ; 0     ; Signed Integer                                                   ;
+----------------+-------+------------------------------------------------------------------+
Note: In order to hide this table in the UI and the text report file, please set the "Show Parameter Settings in Synthesis Report" option in "Analysis and Synthesis Settings -> More Settings" to "Off".


+----------------------------------------------------------------------------------------+
; Parameter Settings for Inferred Entity Instance: picorv32:cpu|altsyncram:cpuregs_rtl_0 ;
+------------------------------------+----------------------+----------------------------+
; Parameter Name                     ; Value                ; Type                       ;
+------------------------------------+----------------------+----------------------------+
; BYTE_SIZE_BLOCK                    ; 8                    ; Untyped                    ;
; AUTO_CARRY_CHAINS                  ; ON                   ; AUTO_CARRY                 ;
; IGNORE_CARRY_BUFFERS               ; OFF                  ; IGNORE_CARRY               ;
; AUTO_CASCADE_CHAINS                ; ON                   ; AUTO_CASCADE               ;
; IGNORE_CASCADE_BUFFERS             ; OFF                  ; IGNORE_CASCADE             ;
; WIDTH_BYTEENA                      ; 1                    ; Untyped                    ;
; OPERATION_MODE                     ; DUAL_PORT            ; Untyped                    ;
; WIDTH_A                            ; 32                   ; Untyped                    ;
; WIDTHAD_A                          ; 5                    ; Untyped                    ;
; NUMWORDS_A                         ; 32                   ; Untyped                    ;
; OUTDATA_REG_A                      ; UNREGISTERED         ; Untyped                    ;
; ADDRESS_ACLR_A                     ; NONE                 ; Untyped                    ;
; OUTDATA_ACLR_A                     ; NONE                 ; Untyped                    ;
; WRCONTROL_ACLR_A                   ; NONE                 ; Untyped                    ;
; INDATA_ACLR_A                      ; NONE                 ; Untyped                    ;
; BYTEENA_ACLR_A                     ; NONE                 ; Untyped                    ;
; WIDTH_B                            ; 32                   ; Untyped                    ;
; WIDTHAD_B                          ; 5                    ; Untyped                    ;
; NUMWORDS_B                         ; 32                   ; Untyped                    ;
; INDATA_REG_B                       ; CLOCK1               ; Untyped                    ;
; WRCONTROL_WRADDRESS_REG_B          ; CLOCK1               ; Untyped                    ;
; RDCONTROL_REG_B                    ; CLOCK1               ; Untyped                    ;
; ADDRESS_REG_B                      ; CLOCK0               ; Untyped                    ;
; OUTDATA_REG_B                      ; UNREGISTERED         ; Untyped                    ;
; BYTEENA_REG_B                      ; CLOCK1               ; Untyped                    ;
; INDATA_ACLR_B                      ; NONE                 ; Untyped                    ;
; WRCONTROL_ACLR_B                   ; NONE                 ; Untyped                    ;
; ADDRESS_ACLR_B                     ; NONE                 ; Untyped                    ;
; OUTDATA_ACLR_B                     ; NONE                 ; Untyped                    ;
; RDCONTROL_ACLR_B                   ; NONE                 ; Untyped                    ;
; BYTEENA_ACLR_B                     ; NONE                 ; Untyped                    ;
; WIDTH_BYTEENA_A                    ; 1                    ; Untyped                    ;
; WIDTH_BYTEENA_B                    ; 1                    ; Untyped                    ;
; RAM_BLOCK_TYPE                     ; AUTO                 ; Untyped                    ;
; BYTE_SIZE                          ; 8                    ; Untyped                    ;
; READ_DURING_WRITE_MODE_MIXED_PORTS ; DONT_CARE            ; Untyped                    ;
; READ_DURING_WRITE_MODE_PORT_A      ; NEW_DATA_NO_NBE_READ ; Untyped                    ;
; READ_DURING_WRITE_MODE_PORT_B      ; NEW_DATA_NO_NBE_READ ; Untyped                    ;
; INIT_FILE                          ; UNUSED               ; Untyped                    ;
; INIT_FILE_LAYOUT                   ; PORT_A               ; Untyped                    ;
; MAXIMUM_DEPTH                      ; 0                    ; Untyped                    ;
; CLOCK_ENABLE_INPUT_A               ; NORMAL               ; Untyped                    ;
; CLOCK_ENABLE_INPUT_B               ; NORMAL               ; Untyped                    ;
; CLOCK_ENABLE_OUTPUT_A              ; NORMAL               ; Untyped                    ;
; CLOCK_ENABLE_OUTPUT_B              ; NORMAL               ; Untyped                    ;
; CLOCK_ENABLE_CORE_A                ; USE_INPUT_CLKEN      ; Untyped                    ;
; CLOCK_ENABLE_CORE_B                ; USE_INPUT_CLKEN      ; Untyped                    ;
; ENABLE_ECC                         ; FALSE                ; Untyped                    ;
; ECC_PIPELINE_STAGE_ENABLED         ; FALSE                ; Untyped                    ;
; WIDTH_ECCSTATUS                    ; 3                    ; Untyped                    ;
; DEVICE_FAMILY                      ; MAX 10               ; Untyped                    ;
; CBXI_PARAMETER                     ; altsyncram_j6d1      ; Untyped                    ;
+------------------------------------+----------------------+----------------------------+
Note: In order to hide this table in the UI and the text report file, please set the "Show Parameter Settings in Synthesis Report" option in "Analysis and Synthesis Settings -> More Settings" to "Off".


+----------------------------------------------------------------------------------------+
; Parameter Settings for Inferred Entity Instance: picorv32:cpu|altsyncram:cpuregs_rtl_1 ;
+------------------------------------+----------------------+----------------------------+
; Parameter Name                     ; Value                ; Type                       ;
+------------------------------------+----------------------+----------------------------+
; BYTE_SIZE_BLOCK                    ; 8                    ; Untyped                    ;
; AUTO_CARRY_CHAINS                  ; ON                   ; AUTO_CARRY                 ;
; IGNORE_CARRY_BUFFERS               ; OFF                  ; IGNORE_CARRY               ;
; AUTO_CASCADE_CHAINS                ; ON                   ; AUTO_CASCADE               ;
; IGNORE_CASCADE_BUFFERS             ; OFF                  ; IGNORE_CASCADE             ;
; WIDTH_BYTEENA                      ; 1                    ; Untyped                    ;
; OPERATION_MODE                     ; DUAL_PORT            ; Untyped                    ;
; WIDTH_A                            ; 32                   ; Untyped                    ;
; WIDTHAD_A                          ; 5                    ; Untyped                    ;
; NUMWORDS_A                         ; 32                   ; Untyped                    ;
; OUTDATA_REG_A                      ; UNREGISTERED         ; Untyped                    ;
; ADDRESS_ACLR_A                     ; NONE                 ; Untyped                    ;
; OUTDATA_ACLR_A                     ; NONE                 ; Untyped                    ;
; WRCONTROL_ACLR_A                   ; NONE                 ; Untyped                    ;
; INDATA_ACLR_A                      ; NONE                 ; Untyped                    ;
; BYTEENA_ACLR_A                     ; NONE                 ; Untyped                    ;
; WIDTH_B                            ; 32                   ; Untyped                    ;
; WIDTHAD_B                          ; 5                    ; Untyped                    ;
; NUMWORDS_B                         ; 32                   ; Untyped                    ;
; INDATA_REG_B                       ; CLOCK1               ; Untyped                    ;
; WRCONTROL_WRADDRESS_REG_B          ; CLOCK1               ; Untyped                    ;
; RDCONTROL_REG_B                    ; CLOCK1               ; Untyped                    ;
; ADDRESS_REG_B                      ; CLOCK0               ; Untyped                    ;
; OUTDATA_REG_B                      ; UNREGISTERED         ; Untyped                    ;
; BYTEENA_REG_B                      ; CLOCK1               ; Untyped                    ;
; INDATA_ACLR_B                      ; NONE                 ; Untyped                    ;
; WRCONTROL_ACLR_B                   ; NONE                 ; Untyped                    ;
; ADDRESS_ACLR_B                     ; NONE                 ; Untyped                    ;
; OUTDATA_ACLR_B                     ; NONE                 ; Untyped                    ;
; RDCONTROL_ACLR_B                   ; NONE                 ; Untyped                    ;
; BYTEENA_ACLR_B                     ; NONE                 ; Untyped                    ;
; WIDTH_BYTEENA_A                    ; 1                    ; Untyped                    ;
; WIDTH_BYTEENA_B                    ; 1                    ; Untyped                    ;
; RAM_BLOCK_TYPE                     ; AUTO                 ; Untyped                    ;
; BYTE_SIZE                          ; 8                    ; Untyped                    ;
; READ_DURING_WRITE_MODE_MIXED_PORTS ; DONT_CARE            ; Untyped                    ;
; READ_DURING_WRITE_MODE_PORT_A      ; NEW_DATA_NO_NBE_READ ; Untyped                    ;
; READ_DURING_WRITE_MODE_PORT_B      ; NEW_DATA_NO_NBE_READ ; Untyped                    ;
; INIT_FILE                          ; UNUSED               ; Untyped                    ;
; INIT_FILE_LAYOUT                   ; PORT_A               ; Untyped                    ;
; MAXIMUM_DEPTH                      ; 0                    ; Untyped                    ;
; CLOCK_ENABLE_INPUT_A               ; NORMAL               ; Untyped                    ;
; CLOCK_ENABLE_INPUT_B               ; NORMAL               ; Untyped                    ;
; CLOCK_ENABLE_OUTPUT_A              ; NORMAL               ; Untyped                    ;
; CLOCK_ENABLE_OUTPUT_B              ; NORMAL               ; Untyped                    ;
; CLOCK_ENABLE_CORE_A                ; USE_INPUT_CLKEN      ; Untyped                    ;
; CLOCK_ENABLE_CORE_B                ; USE_INPUT_CLKEN      ; Untyped                    ;
; ENABLE_ECC                         ; FALSE                ; Untyped                    ;
; ECC_PIPELINE_STAGE_ENABLED         ; FALSE                ; Untyped                    ;
; WIDTH_ECCSTATUS                    ; 3                    ; Untyped                    ;
; DEVICE_FAMILY                      ; MAX 10               ; Untyped                    ;
; CBXI_PARAMETER                     ; altsyncram_j6d1      ; Untyped                    ;
+------------------------------------+----------------------+----------------------------+
Note: In order to hide this table in the UI and the text report file, please set the "Show Parameter Settings in Synthesis Report" option in "Analysis and Synthesis Settings -> More Settings" to "Off".


+--------------------------------------------------------------------------------------------------------------+
; Parameter Settings for Inferred Entity Instance: picorv32:cpu|picorv32_pcpi_fast_mul:pcpi_mul|lpm_mult:Mult0 ;
+------------------------------------------------+----------+--------------------------------------------------+
; Parameter Name                                 ; Value    ; Type                                             ;
+------------------------------------------------+----------+--------------------------------------------------+
; AUTO_CARRY_CHAINS                              ; ON       ; AUTO_CARRY                                       ;
; IGNORE_CARRY_BUFFERS                           ; OFF      ; IGNORE_CARRY                                     ;
; AUTO_CASCADE_CHAINS                            ; ON       ; AUTO_CASCADE                                     ;
; IGNORE_CASCADE_BUFFERS                         ; OFF      ; IGNORE_CASCADE                                   ;
; LPM_WIDTHA                                     ; 33       ; Untyped                                          ;
; LPM_WIDTHB                                     ; 33       ; Untyped                                          ;
; LPM_WIDTHP                                     ; 66       ; Untyped                                          ;
; LPM_WIDTHR                                     ; 66       ; Untyped                                          ;
; LPM_WIDTHS                                     ; 1        ; Untyped                                          ;
; LPM_REPRESENTATION                             ; SIGNED   ; Untyped                                          ;
; LPM_PIPELINE                                   ; 0        ; Untyped                                          ;
; LATENCY                                        ; 0        ; Untyped                                          ;
; INPUT_A_IS_CONSTANT                            ; NO       ; Untyped                                          ;
; INPUT_B_IS_CONSTANT                            ; NO       ; Untyped                                          ;
; USE_EAB                                        ; OFF      ; Untyped                                          ;
; MAXIMIZE_SPEED                                 ; 5        ; Untyped                                          ;
; DEVICE_FAMILY                                  ; MAX 10   ; Untyped                                          ;
; CARRY_CHAIN                                    ; MANUAL   ; Untyped                                          ;
; APEX20K_TECHNOLOGY_MAPPER                      ; LUT      ; TECH_MAPPER_APEX20K                              ;
; DEDICATED_MULTIPLIER_CIRCUITRY                 ; AUTO     ; Untyped                                          ;
; DEDICATED_MULTIPLIER_MIN_INPUT_WIDTH_FOR_AUTO  ; 0        ; Untyped                                          ;
; DEDICATED_MULTIPLIER_MIN_OUTPUT_WIDTH_FOR_AUTO ; 0        ; Untyped                                          ;
; CBXI_PARAMETER                                 ; mult_ugs ; Untyped                                          ;
; INPUT_A_FIXED_VALUE                            ; Bx       ; Untyped                                          ;
; INPUT_B_FIXED_VALUE                            ; Bx       ; Untyped                                          ;
; USE_AHDL_IMPLEMENTATION                        ; OFF      ; Untyped                                          ;
+------------------------------------------------+----------+--------------------------------------------------+
Note: In order to hide this table in the UI and the text report file, please set the "Show Parameter Settings in Synthesis Report" option in "Analysis and Synthesis Settings -> More Settings" to "Off".


+------------------------------------------------------------------------------+
; altpll Parameter Settings by Entity Instance                                 ;
+-------------------------------+----------------------------------------------+
; Name                          ; Value                                        ;
+-------------------------------+----------------------------------------------+
; Number of entity instances    ; 1                                            ;
; Entity Instance               ; pll_sys:pll_sys_inst|altpll:altpll_component ;
;     -- OPERATION_MODE         ; NORMAL                                       ;
;     -- PLL_TYPE               ; AUTO                                         ;
;     -- PRIMARY_CLOCK          ; INCLK0                                       ;
;     -- INCLK0_INPUT_FREQUENCY ; 20000                                        ;
;     -- INCLK1_INPUT_FREQUENCY ; 0                                            ;
;     -- VCO_MULTIPLY_BY        ; 0                                            ;
;     -- VCO_DIVIDE_BY          ; 0                                            ;
+-------------------------------+----------------------------------------------+


+--------------------------------------------------------------------------------------------------+
; altsyncram Parameter Settings by Entity Instance                                                 ;
+-------------------------------------------+------------------------------------------------------+
; Name                                      ; Value                                                ;
+-------------------------------------------+------------------------------------------------------+
; Number of entity instances                ; 3                                                    ;
; Entity Instance                           ; memory:mem|iram:iram|altsyncram:altsyncram_component ;
;     -- OPERATION_MODE                     ; SINGLE_PORT                                          ;
;     -- WIDTH_A                            ; 32                                                   ;
;     -- NUMWORDS_A                         ; 32768                                                ;
;     -- OUTDATA_REG_A                      ; UNREGISTERED                                         ;
;     -- WIDTH_B                            ; 1                                                    ;
;     -- NUMWORDS_B                         ; 1                                                    ;
;     -- ADDRESS_REG_B                      ; CLOCK1                                               ;
;     -- OUTDATA_REG_B                      ; UNREGISTERED                                         ;
;     -- RAM_BLOCK_TYPE                     ; AUTO                                                 ;
;     -- READ_DURING_WRITE_MODE_MIXED_PORTS ; DONT_CARE                                            ;
; Entity Instance                           ; picorv32:cpu|altsyncram:cpuregs_rtl_0                ;
;     -- OPERATION_MODE                     ; DUAL_PORT                                            ;
;     -- WIDTH_A                            ; 32                                                   ;
;     -- NUMWORDS_A                         ; 32                                                   ;
;     -- OUTDATA_REG_A                      ; UNREGISTERED                                         ;
;     -- WIDTH_B                            ; 32                                                   ;
;     -- NUMWORDS_B                         ; 32                                                   ;
;     -- ADDRESS_REG_B                      ; CLOCK0                                               ;
;     -- OUTDATA_REG_B                      ; UNREGISTERED                                         ;
;     -- RAM_BLOCK_TYPE                     ; AUTO                                                 ;
;     -- READ_DURING_WRITE_MODE_MIXED_PORTS ; DONT_CARE                                            ;
; Entity Instance                           ; picorv32:cpu|altsyncram:cpuregs_rtl_1                ;
;     -- OPERATION_MODE                     ; DUAL_PORT                                            ;
;     -- WIDTH_A                            ; 32                                                   ;
;     -- NUMWORDS_A                         ; 32                                                   ;
;     -- OUTDATA_REG_A                      ; UNREGISTERED                                         ;
;     -- WIDTH_B                            ; 32                                                   ;
;     -- NUMWORDS_B                         ; 32                                                   ;
;     -- ADDRESS_REG_B                      ; CLOCK0                                               ;
;     -- OUTDATA_REG_B                      ; UNREGISTERED                                         ;
;     -- RAM_BLOCK_TYPE                     ; AUTO                                                 ;
;     -- READ_DURING_WRITE_MODE_MIXED_PORTS ; DONT_CARE                                            ;
+-------------------------------------------+------------------------------------------------------+


+-----------------------------------------------------------------------------------------------------+
; lpm_mult Parameter Settings by Entity Instance                                                      ;
+---------------------------------------+-------------------------------------------------------------+
; Name                                  ; Value                                                       ;
+---------------------------------------+-------------------------------------------------------------+
; Number of entity instances            ; 1                                                           ;
; Entity Instance                       ; picorv32:cpu|picorv32_pcpi_fast_mul:pcpi_mul|lpm_mult:Mult0 ;
;     -- LPM_WIDTHA                     ; 33                                                          ;
;     -- LPM_WIDTHB                     ; 33                                                          ;
;     -- LPM_WIDTHP                     ; 66                                                          ;
;     -- LPM_REPRESENTATION             ; SIGNED                                                      ;
;     -- INPUT_A_IS_CONSTANT            ; NO                                                          ;
;     -- INPUT_B_IS_CONSTANT            ; NO                                                          ;
;     -- USE_EAB                        ; OFF                                                         ;
;     -- DEDICATED_MULTIPLIER_CIRCUITRY ; AUTO                                                        ;
;     -- INPUT_A_FIXED_VALUE            ; Bx                                                          ;
;     -- INPUT_B_FIXED_VALUE            ; Bx                                                          ;
+---------------------------------------+-------------------------------------------------------------+


+------------------------------------------------------------------------------------------------------------------------+
; Port Connectivity Checks: "picorv32:cpu"                                                                               ;
+--------------+--------+----------+-------------------------------------------------------------------------------------+
; Port         ; Type   ; Severity ; Details                                                                             ;
+--------------+--------+----------+-------------------------------------------------------------------------------------+
; trap         ; Output ; Info     ; Connected to dangling logic. Logic that only feeds a dangling port will be removed. ;
; mem_la_read  ; Output ; Info     ; Connected to dangling logic. Logic that only feeds a dangling port will be removed. ;
; mem_la_write ; Output ; Info     ; Connected to dangling logic. Logic that only feeds a dangling port will be removed. ;
; mem_la_addr  ; Output ; Info     ; Connected to dangling logic. Logic that only feeds a dangling port will be removed. ;
; mem_la_wdata ; Output ; Info     ; Connected to dangling logic. Logic that only feeds a dangling port will be removed. ;
; mem_la_wstrb ; Output ; Info     ; Connected to dangling logic. Logic that only feeds a dangling port will be removed. ;
; pcpi_valid   ; Output ; Info     ; Connected to dangling logic. Logic that only feeds a dangling port will be removed. ;
; pcpi_insn    ; Output ; Info     ; Connected to dangling logic. Logic that only feeds a dangling port will be removed. ;
; pcpi_rs1     ; Output ; Info     ; Connected to dangling logic. Logic that only feeds a dangling port will be removed. ;
; pcpi_rs2     ; Output ; Info     ; Connected to dangling logic. Logic that only feeds a dangling port will be removed. ;
; eoi          ; Output ; Info     ; Connected to dangling logic. Logic that only feeds a dangling port will be removed. ;
; trace_valid  ; Output ; Info     ; Connected to dangling logic. Logic that only feeds a dangling port will be removed. ;
; trace_data   ; Output ; Info     ; Connected to dangling logic. Logic that only feeds a dangling port will be removed. ;
+--------------+--------+----------+-------------------------------------------------------------------------------------+


+-----------------------------------------------------------------------------------------------------------------------------+
; Port Connectivity Checks: "address_decoder:ad"                                                                              ;
+-------------------+--------+----------+-------------------------------------------------------------------------------------+
; Port              ; Type   ; Severity ; Details                                                                             ;
+-------------------+--------+----------+-------------------------------------------------------------------------------------+
; enable_audio_ctrl ; Output ; Info     ; Connected to dangling logic. Logic that only feeds a dangling port will be removed. ;
; enable_video_ctrl ; Output ; Info     ; Connected to dangling logic. Logic that only feeds a dangling port will be removed. ;
; enable_spi        ; Output ; Info     ; Connected to dangling logic. Logic that only feeds a dangling port will be removed. ;
; enable_timers     ; Output ; Info     ; Connected to dangling logic. Logic that only feeds a dangling port will be removed. ;
; enable_audio_ram  ; Output ; Info     ; Connected to dangling logic. Logic that only feeds a dangling port will be removed. ;
; enable_video_ram  ; Output ; Info     ; Connected to dangling logic. Logic that only feeds a dangling port will be removed. ;
; enable_sdram      ; Output ; Info     ; Connected to dangling logic. Logic that only feeds a dangling port will be removed. ;
+-------------------+--------+----------+-------------------------------------------------------------------------------------+


+--------------------------------------------------------------------------------------------------------------------------+
; Port Connectivity Checks: "gpio:gpio"                                                                                    ;
+----------------+--------+----------+-------------------------------------------------------------------------------------+
; Port           ; Type   ; Severity ; Details                                                                             ;
+----------------+--------+----------+-------------------------------------------------------------------------------------+
; gpio[31..10]   ; Output ; Info     ; Connected to dangling logic. Logic that only feeds a dangling port will be removed. ;
; gpio_in[31..1] ; Input  ; Info     ; Stuck at GND                                                                        ;
+----------------+--------+----------+-------------------------------------------------------------------------------------+


+------------------------------------------------------------------------------------------------------------------------------------------------------------------------------------------------------------------+
; Port Connectivity Checks: "memory:mem|iram:iram"                                                                                                                                                                 ;
+---------+-------+----------+-------------------------------------------------------------------------------------------------------------------------------------------------------------------------------------+
; Port    ; Type  ; Severity ; Details                                                                                                                                                                             ;
+---------+-------+----------+-------------------------------------------------------------------------------------------------------------------------------------------------------------------------------------+
; address ; Input ; Warning  ; Input port expression (32 bits) is wider than the input port (15 bits) it drives.  The 17 most-significant bit(s) in the expression will be dangling if they have no other fanouts. ;
+---------+-------+----------+-------------------------------------------------------------------------------------------------------------------------------------------------------------------------------------+


+---------------------------------------------------------------------------------------------------------------------------------------+
; Port Connectivity Checks: "pll_sys:pll_sys_inst"                                                                                      ;
+--------+--------+----------+----------------------------------------------------------------------------------------------------------+
; Port   ; Type   ; Severity ; Details                                                                                                  ;
+--------+--------+----------+----------------------------------------------------------------------------------------------------------+
; c1     ; Output ; Info     ; Connected to dangling logic. Logic that only feeds a dangling port will be removed.                      ;
; locked ; Output ; Info     ; Connected to dangling logic. Logic that only feeds a dangling port will be removed.                      ;
; c2     ; Output ; Warning  ; Declared by entity but not connected by instance. Logic that only feeds a dangling port will be removed. ;
+--------+--------+----------+----------------------------------------------------------------------------------------------------------+


+-----------------------------------------------------+
; Post-Synthesis Netlist Statistics for Top Partition ;
+-----------------------+-----------------------------+
; Type                  ; Count                       ;
+-----------------------+-----------------------------+
; boundary_port         ; 16                          ;
; cycloneiii_ff         ; 1221                        ;
;     CLR               ; 49                          ;
;     ENA               ; 381                         ;
;     ENA CLR           ; 19                          ;
;     ENA SCLR          ; 118                         ;
;     ENA SCLR SLD      ; 27                          ;
;     ENA SLD           ; 126                         ;
;     SCLR              ; 88                          ;
;     SCLR SLD          ; 1                           ;
;     SLD               ; 64                          ;
;     plain             ; 348                         ;
; cycloneiii_lcell_comb ; 2540                        ;
;     arith             ; 656                         ;
;         2 data inputs ; 280                         ;
;         3 data inputs ; 376                         ;
;     normal            ; 1884                        ;
;         1 data inputs ; 12                          ;
;         2 data inputs ; 153                         ;
;         3 data inputs ; 544                         ;
;         4 data inputs ; 1175                        ;
; cycloneiii_mac_mult   ; 4                           ;
; cycloneiii_mac_out    ; 4                           ;
; cycloneiii_pll        ; 1                           ;
; cycloneiii_ram_block  ; 192                         ;
;                       ;                             ;
; Max LUT depth         ; 9.00                        ;
; Average LUT depth     ; 4.33                        ;
+-----------------------+-----------------------------+


+-------------------------------+
; Elapsed Time Per Partition    ;
+----------------+--------------+
; Partition Name ; Elapsed Time ;
+----------------+--------------+
; Top            ; 00:00:04     ;
+----------------+--------------+


+-------------------------------+
; Analysis & Synthesis Messages ;
+-------------------------------+
Info: *******************************************************************
Info: Running Quartus Prime Analysis & Synthesis
    Info: Version 18.1.0 Build 625 09/12/2018 SJ Lite Edition
    Info: Processing started: Fri Jul 24 01:38:45 2026
Info: Command: quartus_map --read_settings_files=on --write_settings_files=off prv32_top -c prv32_top
Warning (18236): Number of processors has not been specified which may cause overloading on shared machines.  Set the global assignment NUM_PARALLEL_PROCESSORS in your QSF to an appropriate value for best performance.
Info (20030): Parallel compilation is enabled and will use 16 of the 16 processors detected
Info (12021): Found 1 design units, including 1 entities, in source file uarttx.v
    Info (12023): Found entity 1: uartTx File: E:/Quartus/Project_Quartus/03_pico/uartTx.v Line: 11
Info (12021): Found 1 design units, including 1 entities, in source file uart.v
    Info (12023): Found entity 1: uart_rx File: E:/Quartus/Project_Quartus/03_pico/uart.v Line: 42
Info (12021): Found 1 design units, including 1 entities, in source file prv32_top.v
    Info (12023): Found entity 1: prv32_top File: E:/Quartus/Project_Quartus/03_pico/prv32_top.v Line: 10
Info (12021): Found 1 design units, including 1 entities, in source file pll_sys.v
    Info (12023): Found entity 1: pll_sys File: E:/Quartus/Project_Quartus/03_pico/pll_sys.v Line: 40
Warning (10335): Unrecognized synthesis attribute "parallel_case" at picorv32.v(301) File: E:/Quartus/Project_Quartus/03_pico/picorv32.v Line: 301
Warning (10335): Unrecognized synthesis attribute "full_case" at picorv32.v(372) File: E:/Quartus/Project_Quartus/03_pico/picorv32.v Line: 372
Warning (10335): Unrecognized synthesis attribute "parallel_case" at picorv32.v(1080) File: E:/Quartus/Project_Quartus/03_pico/picorv32.v Line: 1080
Warning (10335): Unrecognized synthesis attribute "parallel_case" at picorv32.v(1210) File: E:/Quartus/Project_Quartus/03_pico/picorv32.v Line: 1210
Warning (10335): Unrecognized synthesis attribute "full_case" at picorv32.v(1210) File: E:/Quartus/Project_Quartus/03_pico/picorv32.v Line: 1210
Warning (10335): Unrecognized synthesis attribute "parallel_case" at picorv32.v(1227) File: E:/Quartus/Project_Quartus/03_pico/picorv32.v Line: 1227
Warning (10335): Unrecognized synthesis attribute "full_case" at picorv32.v(1227) File: E:/Quartus/Project_Quartus/03_pico/picorv32.v Line: 1227
Warning (10335): Unrecognized synthesis attribute "parallel_case" at picorv32.v(1268) File: E:/Quartus/Project_Quartus/03_pico/picorv32.v Line: 1268
Warning (10335): Unrecognized synthesis attribute "parallel_case" at picorv32.v(1398) File: E:/Quartus/Project_Quartus/03_pico/picorv32.v Line: 1398
Warning (10335): Unrecognized synthesis attribute "full_case" at picorv32.v(1398) File: E:/Quartus/Project_Quartus/03_pico/picorv32.v Line: 1398
Warning (10335): Unrecognized synthesis attribute "parallel_case" at picorv32.v(1410) File: E:/Quartus/Project_Quartus/03_pico/picorv32.v Line: 1410
Warning (10335): Unrecognized synthesis attribute "parallel_case" at picorv32.v(1496) File: E:/Quartus/Project_Quartus/03_pico/picorv32.v Line: 1496
Warning (10335): Unrecognized synthesis attribute "parallel_case" at picorv32.v(1540) File: E:/Quartus/Project_Quartus/03_pico/picorv32.v Line: 1540
Warning (10335): Unrecognized synthesis attribute "full_case" at picorv32.v(1540) File: E:/Quartus/Project_Quartus/03_pico/picorv32.v Line: 1540
Warning (10335): Unrecognized synthesis attribute "parallel_case" at picorv32.v(1648) File: E:/Quartus/Project_Quartus/03_pico/picorv32.v Line: 1648
Warning (10335): Unrecognized synthesis attribute "parallel_case" at picorv32.v(1679) File: E:/Quartus/Project_Quartus/03_pico/picorv32.v Line: 1679
Warning (10335): Unrecognized synthesis attribute "parallel_case" at picorv32.v(1749) File: E:/Quartus/Project_Quartus/03_pico/picorv32.v Line: 1749
Warning (10335): Unrecognized synthesis attribute "full_case" at picorv32.v(1749) File: E:/Quartus/Project_Quartus/03_pico/picorv32.v Line: 1749
Warning (10335): Unrecognized synthesis attribute "parallel_case" at picorv32.v(1757) File: E:/Quartus/Project_Quartus/03_pico/picorv32.v Line: 1757
Warning (10335): Unrecognized synthesis attribute "full_case" at picorv32.v(1757) File: E:/Quartus/Project_Quartus/03_pico/picorv32.v Line: 1757
Warning (10335): Unrecognized synthesis attribute "parallel_case" at picorv32.v(1772) File: E:/Quartus/Project_Quartus/03_pico/picorv32.v Line: 1772
Warning (10335): Unrecognized synthesis attribute "full_case" at picorv32.v(1772) File: E:/Quartus/Project_Quartus/03_pico/picorv32.v Line: 1772
Warning (10335): Unrecognized synthesis attribute "parallel_case" at picorv32.v(1797) File: E:/Quartus/Project_Quartus/03_pico/picorv32.v Line: 1797
Warning (10335): Unrecognized synthesis attribute "full_case" at picorv32.v(1797) File: E:/Quartus/Project_Quartus/03_pico/picorv32.v Line: 1797
Warning (10335): Unrecognized synthesis attribute "parallel_case" at picorv32.v(1814) File: E:/Quartus/Project_Quartus/03_pico/picorv32.v Line: 1814
Warning (10335): Unrecognized synthesis attribute "full_case" at picorv32.v(1814) File: E:/Quartus/Project_Quartus/03_pico/picorv32.v Line: 1814
Info (12021): Found 7 design units, including 7 entities, in source file picorv32.v
    Info (12023): Found entity 1: picorv32 File: E:/Quartus/Project_Quartus/03_pico/picorv32.v Line: 49
    Info (12023): Found entity 2: picorv32_pcpi_mul File: E:/Quartus/Project_Quartus/03_pico/picorv32.v Line: 2002
    Info (12023): Found entity 3: picorv32_pcpi_fast_mul File: E:/Quartus/Project_Quartus/03_pico/picorv32.v Line: 2123
    Info (12023): Found entity 4: picorv32_pcpi_div File: E:/Quartus/Project_Quartus/03_pico/picorv32.v Line: 2217
    Info (12023): Found entity 5: picorv32_axi File: E:/Quartus/Project_Quartus/03_pico/picorv32.v Line: 2301
    Info (12023): Found entity 6: picorv32_axi_adapter File: E:/Quartus/Project_Quartus/03_pico/picorv32.v Line: 2471
    Info (12023): Found entity 7: picorv32_wb File: E:/Quartus/Project_Quartus/03_pico/picorv32.v Line: 2555
Info (12021): Found 1 design units, including 1 entities, in source file memory.v
    Info (12023): Found entity 1: memory File: E:/Quartus/Project_Quartus/03_pico/memory.v Line: 9
Info (12021): Found 1 design units, including 1 entities, in source file iram.v
    Info (12023): Found entity 1: iram File: E:/Quartus/Project_Quartus/03_pico/iram.v Line: 40
Info (12021): Found 1 design units, including 1 entities, in source file gpio.v
    Info (12023): Found entity 1: gpio File: E:/Quartus/Project_Quartus/03_pico/gpio.v Line: 9
Info (12021): Found 1 design units, including 1 entities, in source file address_decoder.v
    Info (12023): Found entity 1: address_decoder File: E:/Quartus/Project_Quartus/03_pico/address_decoder.v Line: 8
Info (12127): Elaborating entity "prv32_top" for the top level hierarchy
Warning (10230): Verilog HDL assignment warning at prv32_top.v(108): truncated value with size 32 to match size of target (8) File: E:/Quartus/Project_Quartus/03_pico/prv32_top.v Line: 108
Info (12128): Elaborating entity "pll_sys" for hierarchy "pll_sys:pll_sys_inst" File: E:/Quartus/Project_Quartus/03_pico/prv32_top.v Line: 123
Info (12128): Elaborating entity "altpll" for hierarchy "pll_sys:pll_sys_inst|altpll:altpll_component" File: E:/Quartus/Project_Quartus/03_pico/pll_sys.v Line: 103
Info (12130): Elaborated megafunction instantiation "pll_sys:pll_sys_inst|altpll:altpll_component" File: E:/Quartus/Project_Quartus/03_pico/pll_sys.v Line: 103
Info (12133): Instantiated megafunction "pll_sys:pll_sys_inst|altpll:altpll_component" with the following parameter: File: E:/Quartus/Project_Quartus/03_pico/pll_sys.v Line: 103
    Info (12134): Parameter "bandwidth_type" = "AUTO"
    Info (12134): Parameter "clk0_divide_by" = "25"
    Info (12134): Parameter "clk0_duty_cycle" = "50"
    Info (12134): Parameter "clk0_multiply_by" = "32"
    Info (12134): Parameter "clk0_phase_shift" = "0"
    Info (12134): Parameter "clk1_divide_by" = "25"
    Info (12134): Parameter "clk1_duty_cycle" = "50"
    Info (12134): Parameter "clk1_multiply_by" = "32"
    Info (12134): Parameter "clk1_phase_shift" = "-2344"
    Info (12134): Parameter "clk2_divide_by" = "5"
    Info (12134): Parameter "clk2_duty_cycle" = "50"
    Info (12134): Parameter "clk2_multiply_by" = "4"
    Info (12134): Parameter "clk2_phase_shift" = "0"
    Info (12134): Parameter "compensate_clock" = "CLK0"
    Info (12134): Parameter "inclk0_input_frequency" = "20000"
    Info (12134): Parameter "intended_device_family" = "MAX 10"
    Info (12134): Parameter "lpm_hint" = "CBX_MODULE_PREFIX=pll_sys"
    Info (12134): Parameter "lpm_type" = "altpll"
    Info (12134): Parameter "operation_mode" = "NORMAL"
    Info (12134): Parameter "pll_type" = "AUTO"
    Info (12134): Parameter "port_activeclock" = "PORT_UNUSED"
    Info (12134): Parameter "port_areset" = "PORT_UNUSED"
    Info (12134): Parameter "port_clkbad0" = "PORT_UNUSED"
    Info (12134): Parameter "port_clkbad1" = "PORT_UNUSED"
    Info (12134): Parameter "port_clkloss" = "PORT_UNUSED"
    Info (12134): Parameter "port_clkswitch" = "PORT_UNUSED"
    Info (12134): Parameter "port_configupdate" = "PORT_UNUSED"
    Info (12134): Parameter "port_fbin" = "PORT_UNUSED"
    Info (12134): Parameter "port_inclk0" = "PORT_USED"
    Info (12134): Parameter "port_inclk1" = "PORT_UNUSED"
    Info (12134): Parameter "port_locked" = "PORT_USED"
    Info (12134): Parameter "port_pfdena" = "PORT_UNUSED"
    Info (12134): Parameter "port_phasecounterselect" = "PORT_UNUSED"
    Info (12134): Parameter "port_phasedone" = "PORT_UNUSED"
    Info (12134): Parameter "port_phasestep" = "PORT_UNUSED"
    Info (12134): Parameter "port_phaseupdown" = "PORT_UNUSED"
    Info (12134): Parameter "port_pllena" = "PORT_UNUSED"
    Info (12134): Parameter "port_scanaclr" = "PORT_UNUSED"
    Info (12134): Parameter "port_scanclk" = "PORT_UNUSED"
    Info (12134): Parameter "port_scanclkena" = "PORT_UNUSED"
    Info (12134): Parameter "port_scandata" = "PORT_UNUSED"
    Info (12134): Parameter "port_scandataout" = "PORT_UNUSED"
    Info (12134): Parameter "port_scandone" = "PORT_UNUSED"
    Info (12134): Parameter "port_scanread" = "PORT_UNUSED"
    Info (12134): Parameter "port_scanwrite" = "PORT_UNUSED"
    Info (12134): Parameter "port_clk0" = "PORT_USED"
    Info (12134): Parameter "port_clk1" = "PORT_USED"
    Info (12134): Parameter "port_clk2" = "PORT_USED"
    Info (12134): Parameter "port_clk3" = "PORT_UNUSED"
    Info (12134): Parameter "port_clk4" = "PORT_UNUSED"
    Info (12134): Parameter "port_clk5" = "PORT_UNUSED"
    Info (12134): Parameter "port_clkena0" = "PORT_UNUSED"
    Info (12134): Parameter "port_clkena1" = "PORT_UNUSED"
    Info (12134): Parameter "port_clkena2" = "PORT_UNUSED"
    Info (12134): Parameter "port_clkena3" = "PORT_UNUSED"
    Info (12134): Parameter "port_clkena4" = "PORT_UNUSED"
    Info (12134): Parameter "port_clkena5" = "PORT_UNUSED"
    Info (12134): Parameter "port_extclk0" = "PORT_UNUSED"
    Info (12134): Parameter "port_extclk1" = "PORT_UNUSED"
    Info (12134): Parameter "port_extclk2" = "PORT_UNUSED"
    Info (12134): Parameter "port_extclk3" = "PORT_UNUSED"
    Info (12134): Parameter "self_reset_on_loss_lock" = "ON"
    Info (12134): Parameter "width_clock" = "5"
Info (12021): Found 1 design units, including 1 entities, in source file db/pll_sys_altpll.v
    Info (12023): Found entity 1: pll_sys_altpll File: E:/Quartus/Project_Quartus/03_pico/db/pll_sys_altpll.v Line: 29
Info (12128): Elaborating entity "pll_sys_altpll" for hierarchy "pll_sys:pll_sys_inst|altpll:altpll_component|pll_sys_altpll:auto_generated" File: e:/quartus/data_setup/quartus/libraries/megafunctions/altpll.tdf Line: 897
Info (12128): Elaborating entity "memory" for hierarchy "memory:mem" File: E:/Quartus/Project_Quartus/03_pico/prv32_top.v Line: 151
Info (12128): Elaborating entity "iram" for hierarchy "memory:mem|iram:iram" File: E:/Quartus/Project_Quartus/03_pico/memory.v Line: 65
Info (12128): Elaborating entity "altsyncram" for hierarchy "memory:mem|iram:iram|altsyncram:altsyncram_component" File: E:/Quartus/Project_Quartus/03_pico/iram.v Line: 89
Info (12130): Elaborated megafunction instantiation "memory:mem|iram:iram|altsyncram:altsyncram_component" File: E:/Quartus/Project_Quartus/03_pico/iram.v Line: 89
Info (12133): Instantiated megafunction "memory:mem|iram:iram|altsyncram:altsyncram_component" with the following parameter: File: E:/Quartus/Project_Quartus/03_pico/iram.v Line: 89
    Info (12134): Parameter "byte_size" = "8"
    Info (12134): Parameter "clock_enable_input_a" = "BYPASS"
    Info (12134): Parameter "clock_enable_output_a" = "BYPASS"
    Info (12134): Parameter "init_file" = "firmware.mif"
    Info (12134): Parameter "intended_device_family" = "MAX 10"
    Info (12134): Parameter "lpm_hint" = "ENABLE_RUNTIME_MOD=NO"
    Info (12134): Parameter "lpm_type" = "altsyncram"
    Info (12134): Parameter "numwords_a" = "32768"
    Info (12134): Parameter "operation_mode" = "SINGLE_PORT"
    Info (12134): Parameter "outdata_aclr_a" = "NONE"
    Info (12134): Parameter "outdata_reg_a" = "UNREGISTERED"
    Info (12134): Parameter "power_up_uninitialized" = "FALSE"
    Info (12134): Parameter "read_during_write_mode_port_a" = "NEW_DATA_NO_NBE_READ"
    Info (12134): Parameter "widthad_a" = "15"
    Info (12134): Parameter "width_a" = "32"
    Info (12134): Parameter "width_byteena_a" = "4"
Info (12021): Found 1 design units, including 1 entities, in source file db/altsyncram_e0k1.tdf
    Info (12023): Found entity 1: altsyncram_e0k1 File: E:/Quartus/Project_Quartus/03_pico/db/altsyncram_e0k1.tdf Line: 33
Info (12128): Elaborating entity "altsyncram_e0k1" for hierarchy "memory:mem|iram:iram|altsyncram:altsyncram_component|altsyncram_e0k1:auto_generated" File: e:/quartus/data_setup/quartus/libraries/megafunctions/altsyncram.tdf Line: 791
Info (12021): Found 1 design units, including 1 entities, in source file db/decode_c7a.tdf
    Info (12023): Found entity 1: decode_c7a File: E:/Quartus/Project_Quartus/03_pico/db/decode_c7a.tdf Line: 22
Info (12128): Elaborating entity "decode_c7a" for hierarchy "memory:mem|iram:iram|altsyncram:altsyncram_component|altsyncram_e0k1:auto_generated|decode_c7a:decode3" File: E:/Quartus/Project_Quartus/03_pico/db/altsyncram_e0k1.tdf Line: 44
Info (12021): Found 1 design units, including 1 entities, in source file db/decode_5j9.tdf
    Info (12023): Found entity 1: decode_5j9 File: E:/Quartus/Project_Quartus/03_pico/db/decode_5j9.tdf Line: 22
Info (12128): Elaborating entity "decode_5j9" for hierarchy "memory:mem|iram:iram|altsyncram:altsyncram_component|altsyncram_e0k1:auto_generated|decode_5j9:rden_decode" File: E:/Quartus/Project_Quartus/03_pico/db/altsyncram_e0k1.tdf Line: 45
Info (12021): Found 1 design units, including 1 entities, in source file db/mux_93b.tdf
    Info (12023): Found entity 1: mux_93b File: E:/Quartus/Project_Quartus/03_pico/db/mux_93b.tdf Line: 22
Info (12128): Elaborating entity "mux_93b" for hierarchy "memory:mem|iram:iram|altsyncram:altsyncram_component|altsyncram_e0k1:auto_generated|mux_93b:mux2" File: E:/Quartus/Project_Quartus/03_pico/db/altsyncram_e0k1.tdf Line: 46
Info (12128): Elaborating entity "gpio" for hierarchy "gpio:gpio" File: E:/Quartus/Project_Quartus/03_pico/prv32_top.v Line: 169
Warning (10230): Verilog HDL assignment warning at gpio.v(48): truncated value with size 32 to match size of target (8) File: E:/Quartus/Project_Quartus/03_pico/gpio.v Line: 48
Info (12128): Elaborating entity "uart_rx" for hierarchy "uart_rx:uart_rx" File: E:/Quartus/Project_Quartus/03_pico/prv32_top.v Line: 189
Warning (10230): Verilog HDL assignment warning at uart.v(112): truncated value with size 32 to match size of target (16) File: E:/Quartus/Project_Quartus/03_pico/uart.v Line: 112
Info (12128): Elaborating entity "uartTx" for hierarchy "uartTx:uartTx" File: E:/Quartus/Project_Quartus/03_pico/prv32_top.v Line: 206
Warning (10230): Verilog HDL assignment warning at uartTx.v(52): truncated value with size 32 to match size of target (8) File: E:/Quartus/Project_Quartus/03_pico/uartTx.v Line: 52
Warning (10230): Verilog HDL assignment warning at uartTx.v(61): truncated value with size 32 to match size of target (20) File: E:/Quartus/Project_Quartus/03_pico/uartTx.v Line: 61
Warning (10230): Verilog HDL assignment warning at uartTx.v(86): truncated value with size 32 to match size of target (4) File: E:/Quartus/Project_Quartus/03_pico/uartTx.v Line: 86
Info (12128): Elaborating entity "address_decoder" for hierarchy "address_decoder:ad" File: E:/Quartus/Project_Quartus/03_pico/prv32_top.v Line: 224
Info (12128): Elaborating entity "picorv32" for hierarchy "picorv32:cpu" File: E:/Quartus/Project_Quartus/03_pico/prv32_top.v Line: 285
Warning (10036): Verilog HDL or VHDL warning at picorv32.v(155): object "dbg_insn_addr" assigned a value but never read File: E:/Quartus/Project_Quartus/03_pico/picorv32.v Line: 155
Warning (10036): Verilog HDL or VHDL warning at picorv32.v(157): object "dbg_mem_valid" assigned a value but never read File: E:/Quartus/Project_Quartus/03_pico/picorv32.v Line: 157
Warning (10036): Verilog HDL or VHDL warning at picorv32.v(158): object "dbg_mem_instr" assigned a value but never read File: E:/Quartus/Project_Quartus/03_pico/picorv32.v Line: 158
Warning (10036): Verilog HDL or VHDL warning at picorv32.v(159): object "dbg_mem_ready" assigned a value but never read File: E:/Quartus/Project_Quartus/03_pico/picorv32.v Line: 159
Warning (10036): Verilog HDL or VHDL warning at picorv32.v(160): object "dbg_mem_addr" assigned a value but never read File: E:/Quartus/Project_Quartus/03_pico/picorv32.v Line: 160
Warning (10036): Verilog HDL or VHDL warning at picorv32.v(161): object "dbg_mem_wdata" assigned a value but never read File: E:/Quartus/Project_Quartus/03_pico/picorv32.v Line: 161
Warning (10036): Verilog HDL or VHDL warning at picorv32.v(162): object "dbg_mem_wstrb" assigned a value but never read File: E:/Quartus/Project_Quartus/03_pico/picorv32.v Line: 162
Warning (10036): Verilog HDL or VHDL warning at picorv32.v(163): object "dbg_mem_rdata" assigned a value but never read File: E:/Quartus/Project_Quartus/03_pico/picorv32.v Line: 163
Warning (10036): Verilog HDL or VHDL warning at picorv32.v(345): object "mem_busy" assigned a value but never read File: E:/Quartus/Project_Quartus/03_pico/picorv32.v Line: 345
Warning (10036): Verilog HDL or VHDL warning at picorv32.v(665): object "dbg_rs1val" assigned a value but never read File: E:/Quartus/Project_Quartus/03_pico/picorv32.v Line: 665
Warning (10036): Verilog HDL or VHDL warning at picorv32.v(666): object "dbg_rs2val" assigned a value but never read File: E:/Quartus/Project_Quartus/03_pico/picorv32.v Line: 666
Warning (10036): Verilog HDL or VHDL warning at picorv32.v(667): object "dbg_rs1val_valid" assigned a value but never read File: E:/Quartus/Project_Quartus/03_pico/picorv32.v Line: 667
Warning (10036): Verilog HDL or VHDL warning at picorv32.v(668): object "dbg_rs2val_valid" assigned a value but never read File: E:/Quartus/Project_Quartus/03_pico/picorv32.v Line: 668
Warning (10036): Verilog HDL or VHDL warning at picorv32.v(737): object "dbg_valid_insn" assigned a value but never read File: E:/Quartus/Project_Quartus/03_pico/picorv32.v Line: 737
Warning (10036): Verilog HDL or VHDL warning at picorv32.v(1143): object "dbg_ascii_state" assigned a value but never read File: E:/Quartus/Project_Quartus/03_pico/picorv32.v Line: 1143
Warning (10763): Verilog HDL warning at picorv32.v(302): case statement has overlapping case item expressions with non-constant or don't care bits - unable to check case statement for completeness File: E:/Quartus/Project_Quartus/03_pico/picorv32.v Line: 302
Warning (10270): Verilog HDL Case Statement warning at picorv32.v(302): incomplete case statement has no default case item File: E:/Quartus/Project_Quartus/03_pico/picorv32.v Line: 302
Warning (10230): Verilog HDL assignment warning at picorv32.v(587): truncated value with size 32 to match size of target (2) File: E:/Quartus/Project_Quartus/03_pico/picorv32.v Line: 587
Warning (10230): Verilog HDL assignment warning at picorv32.v(1195): truncated value with size 33 to match size of target (32) File: E:/Quartus/Project_Quartus/03_pico/picorv32.v Line: 1195
Warning (10230): Verilog HDL assignment warning at picorv32.v(1209): truncated value with size 32 to match size of target (1) File: E:/Quartus/Project_Quartus/03_pico/picorv32.v Line: 1209
Warning (10763): Verilog HDL warning at picorv32.v(1211): case statement has overlapping case item expressions with non-constant or don't care bits - unable to check case statement for completeness File: E:/Quartus/Project_Quartus/03_pico/picorv32.v Line: 1211
Warning (10208): Verilog HDL Case Statement warning at picorv32.v(1211): honored full_case synthesis attribute - differences between design synthesis and simulation may occur File: E:/Quartus/Project_Quartus/03_pico/picorv32.v Line: 1211
Warning (10763): Verilog HDL warning at picorv32.v(1228): case statement has overlapping case item expressions with non-constant or don't care bits - unable to check case statement for completeness File: E:/Quartus/Project_Quartus/03_pico/picorv32.v Line: 1228
Warning (10208): Verilog HDL Case Statement warning at picorv32.v(1228): honored full_case synthesis attribute - differences between design synthesis and simulation may occur File: E:/Quartus/Project_Quartus/03_pico/picorv32.v Line: 1228
Warning (10763): Verilog HDL warning at picorv32.v(1269): case statement has overlapping case item expressions with non-constant or don't care bits - unable to check case statement for completeness File: E:/Quartus/Project_Quartus/03_pico/picorv32.v Line: 1269
Warning (10270): Verilog HDL Case Statement warning at picorv32.v(1269): incomplete case statement has no default case item File: E:/Quartus/Project_Quartus/03_pico/picorv32.v Line: 1269
Warning (10230): Verilog HDL assignment warning at picorv32.v(1296): truncated value with size 32 to match size of target (5) File: E:/Quartus/Project_Quartus/03_pico/picorv32.v Line: 1296
Warning (10230): Verilog HDL assignment warning at picorv32.v(1311): truncated value with size 32 to match size of target (5) File: E:/Quartus/Project_Quartus/03_pico/picorv32.v Line: 1311
Warning (10230): Verilog HDL assignment warning at picorv32.v(1333): truncated value with size 32 to match size of target (4) File: E:/Quartus/Project_Quartus/03_pico/picorv32.v Line: 1333
Warning (10230): Verilog HDL assignment warning at picorv32.v(1335): truncated value with size 32 to match size of target (4) File: E:/Quartus/Project_Quartus/03_pico/picorv32.v Line: 1335
Warning (10763): Verilog HDL warning at picorv32.v(1411): case statement has overlapping case item expressions with non-constant or don't care bits - unable to check case statement for completeness File: E:/Quartus/Project_Quartus/03_pico/picorv32.v Line: 1411
Warning (10230): Verilog HDL assignment warning at picorv32.v(1507): truncated value with size 32 to match size of target (5) File: E:/Quartus/Project_Quartus/03_pico/picorv32.v Line: 1507
Warning (10763): Verilog HDL warning at picorv32.v(1541): case statement has overlapping case item expressions with non-constant or don't care bits - unable to check case statement for completeness File: E:/Quartus/Project_Quartus/03_pico/picorv32.v Line: 1541
Warning (10208): Verilog HDL Case Statement warning at picorv32.v(1541): honored full_case synthesis attribute - differences between design synthesis and simulation may occur File: E:/Quartus/Project_Quartus/03_pico/picorv32.v Line: 1541
Warning (10230): Verilog HDL assignment warning at picorv32.v(1644): truncated value with size 32 to match size of target (5) File: E:/Quartus/Project_Quartus/03_pico/picorv32.v Line: 1644
Warning (10230): Verilog HDL assignment warning at picorv32.v(1674): truncated value with size 32 to match size of target (5) File: E:/Quartus/Project_Quartus/03_pico/picorv32.v Line: 1674
Warning (10763): Verilog HDL warning at picorv32.v(1750): case statement has overlapping case item expressions with non-constant or don't care bits - unable to check case statement for completeness File: E:/Quartus/Project_Quartus/03_pico/picorv32.v Line: 1750
Warning (10208): Verilog HDL Case Statement warning at picorv32.v(1750): honored full_case synthesis attribute - differences between design synthesis and simulation may occur File: E:/Quartus/Project_Quartus/03_pico/picorv32.v Line: 1750
Warning (10230): Verilog HDL assignment warning at picorv32.v(1755): truncated value with size 32 to match size of target (5) File: E:/Quartus/Project_Quartus/03_pico/picorv32.v Line: 1755
Warning (10763): Verilog HDL warning at picorv32.v(1758): case statement has overlapping case item expressions with non-constant or don't care bits - unable to check case statement for completeness File: E:/Quartus/Project_Quartus/03_pico/picorv32.v Line: 1758
Warning (10208): Verilog HDL Case Statement warning at picorv32.v(1758): honored full_case synthesis attribute - differences between design synthesis and simulation may occur File: E:/Quartus/Project_Quartus/03_pico/picorv32.v Line: 1758
Warning (10230): Verilog HDL assignment warning at picorv32.v(1763): truncated value with size 32 to match size of target (5) File: E:/Quartus/Project_Quartus/03_pico/picorv32.v Line: 1763
Warning (10763): Verilog HDL warning at picorv32.v(1773): case statement has overlapping case item expressions with non-constant or don't care bits - unable to check case statement for completeness File: E:/Quartus/Project_Quartus/03_pico/picorv32.v Line: 1773
Warning (10208): Verilog HDL Case Statement warning at picorv32.v(1773): honored full_case synthesis attribute - differences between design synthesis and simulation may occur File: E:/Quartus/Project_Quartus/03_pico/picorv32.v Line: 1773
Warning (10763): Verilog HDL warning at picorv32.v(1798): case statement has overlapping case item expressions with non-constant or don't care bits - unable to check case statement for completeness File: E:/Quartus/Project_Quartus/03_pico/picorv32.v Line: 1798
Warning (10208): Verilog HDL Case Statement warning at picorv32.v(1798): honored full_case synthesis attribute - differences between design synthesis and simulation may occur File: E:/Quartus/Project_Quartus/03_pico/picorv32.v Line: 1798
Warning (10763): Verilog HDL warning at picorv32.v(1815): case statement has overlapping case item expressions with non-constant or don't care bits - unable to check case statement for completeness File: E:/Quartus/Project_Quartus/03_pico/picorv32.v Line: 1815
Warning (10208): Verilog HDL Case Statement warning at picorv32.v(1815): honored full_case synthesis attribute - differences between design synthesis and simulation may occur File: E:/Quartus/Project_Quartus/03_pico/picorv32.v Line: 1815
Info (12128): Elaborating entity "picorv32_pcpi_fast_mul" for hierarchy "picorv32:cpu|picorv32_pcpi_fast_mul:pcpi_mul" File: E:/Quartus/Project_Quartus/03_pico/picorv32.v Line: 254
Warning (10270): Verilog HDL Case Statement warning at picorv32.v(2160): incomplete case statement has no default case item File: E:/Quartus/Project_Quartus/03_pico/picorv32.v Line: 2160
Warning (10230): Verilog HDL assignment warning at picorv32.v(2199): truncated value with size 4 to match size of target (3) File: E:/Quartus/Project_Quartus/03_pico/picorv32.v Line: 2199
Warning (10230): Verilog HDL assignment warning at picorv32.v(2209): truncated value with size 64 to match size of target (32) File: E:/Quartus/Project_Quartus/03_pico/picorv32.v Line: 2209
Info (12128): Elaborating entity "picorv32_pcpi_div" for hierarchy "picorv32:cpu|picorv32_pcpi_div:pcpi_div" File: E:/Quartus/Project_Quartus/03_pico/picorv32.v Line: 287
Warning (10259): Verilog HDL error at picorv32.v(2275): constant value overflow File: E:/Quartus/Project_Quartus/03_pico/picorv32.v Line: 2275
Warning (10230): Verilog HDL assignment warning at picorv32.v(2287): truncated value with size 63 to match size of target (32) File: E:/Quartus/Project_Quartus/03_pico/picorv32.v Line: 2287
Warning (276020): Inferred RAM node "picorv32:cpu|cpuregs_rtl_0" from synchronous design logic.  Pass-through logic has been added to match the read-during-write behavior of the original design.
Warning (276020): Inferred RAM node "picorv32:cpu|cpuregs_rtl_1" from synchronous design logic.  Pass-through logic has been added to match the read-during-write behavior of the original design.
Info (19000): Inferred 2 megafunctions from design logic
    Info (276029): Inferred altsyncram megafunction from the following design logic: "picorv32:cpu|cpuregs_rtl_0" 
        Info (286033): Parameter OPERATION_MODE set to DUAL_PORT
        Info (286033): Parameter WIDTH_A set to 32
        Info (286033): Parameter WIDTHAD_A set to 5
        Info (286033): Parameter NUMWORDS_A set to 32
        Info (286033): Parameter WIDTH_B set to 32
        Info (286033): Parameter WIDTHAD_B set to 5
        Info (286033): Parameter NUMWORDS_B set to 32
        Info (286033): Parameter ADDRESS_ACLR_A set to NONE
        Info (286033): Parameter OUTDATA_REG_B set to UNREGISTERED
        Info (286033): Parameter ADDRESS_ACLR_B set to NONE
        Info (286033): Parameter OUTDATA_ACLR_B set to NONE
        Info (286033): Parameter ADDRESS_REG_B set to CLOCK0
        Info (286033): Parameter INDATA_ACLR_A set to NONE
        Info (286033): Parameter WRCONTROL_ACLR_A set to NONE
    Info (276029): Inferred altsyncram megafunction from the following design logic: "picorv32:cpu|cpuregs_rtl_1" 
        Info (286033): Parameter OPERATION_MODE set to DUAL_PORT
        Info (286033): Parameter WIDTH_A set to 32
        Info (286033): Parameter WIDTHAD_A set to 5
        Info (286033): Parameter NUMWORDS_A set to 32
        Info (286033): Parameter WIDTH_B set to 32
        Info (286033): Parameter WIDTHAD_B set to 5
        Info (286033): Parameter NUMWORDS_B set to 32
        Info (286033): Parameter ADDRESS_ACLR_A set to NONE
        Info (286033): Parameter OUTDATA_REG_B set to UNREGISTERED
        Info (286033): Parameter ADDRESS_ACLR_B set to NONE
        Info (286033): Parameter OUTDATA_ACLR_B set to NONE
        Info (286033): Parameter ADDRESS_REG_B set to CLOCK0
        Info (286033): Parameter INDATA_ACLR_A set to NONE
        Info (286033): Parameter WRCONTROL_ACLR_A set to NONE
Info (278001): Inferred 1 megafunctions from design logic
    Info (278003): Inferred multiplier megafunction ("lpm_mult") from the following logic: "picorv32:cpu|picorv32_pcpi_fast_mul:pcpi_mul|Mult0" File: E:/Quartus/Project_Quartus/03_pico/picorv32.v Line: 2176
Info (12130): Elaborated megafunction instantiation "picorv32:cpu|altsyncram:cpuregs_rtl_0"
Info (12133): Instantiated megafunction "picorv32:cpu|altsyncram:cpuregs_rtl_0" with the following parameter:
    Info (12134): Parameter "OPERATION_MODE" = "DUAL_PORT"
    Info (12134): Parameter "WIDTH_A" = "32"
    Info (12134): Parameter "WIDTHAD_A" = "5"
    Info (12134): Parameter "NUMWORDS_A" = "32"
    Info (12134): Parameter "WIDTH_B" = "32"
    Info (12134): Parameter "WIDTHAD_B" = "5"
    Info (12134): Parameter "NUMWORDS_B" = "32"
    Info (12134): Parameter "ADDRESS_ACLR_A" = "NONE"
    Info (12134): Parameter "OUTDATA_REG_B" = "UNREGISTERED"
    Info (12134): Parameter "ADDRESS_ACLR_B" = "NONE"
    Info (12134): Parameter "OUTDATA_ACLR_B" = "NONE"
    Info (12134): Parameter "ADDRESS_REG_B" = "CLOCK0"
    Info (12134): Parameter "INDATA_ACLR_A" = "NONE"
    Info (12134): Parameter "WRCONTROL_ACLR_A" = "NONE"
Info (12021): Found 1 design units, including 1 entities, in source file db/altsyncram_j6d1.tdf
    Info (12023): Found entity 1: altsyncram_j6d1 File: E:/Quartus/Project_Quartus/03_pico/db/altsyncram_j6d1.tdf Line: 27
Info (12130): Elaborated megafunction instantiation "picorv32:cpu|picorv32_pcpi_fast_mul:pcpi_mul|lpm_mult:Mult0" File: E:/Quartus/Project_Quartus/03_pico/picorv32.v Line: 2176
Info (12133): Instantiated megafunction "picorv32:cpu|picorv32_pcpi_fast_mul:pcpi_mul|lpm_mult:Mult0" with the following parameter: File: E:/Quartus/Project_Quartus/03_pico/picorv32.v Line: 2176
    Info (12134): Parameter "LPM_WIDTHA" = "33"
    Info (12134): Parameter "LPM_WIDTHB" = "33"
    Info (12134): Parameter "LPM_WIDTHP" = "66"
    Info (12134): Parameter "LPM_WIDTHR" = "66"
    Info (12134): Parameter "LPM_WIDTHS" = "1"
    Info (12134): Parameter "LPM_REPRESENTATION" = "SIGNED"
    Info (12134): Parameter "INPUT_A_IS_CONSTANT" = "NO"
    Info (12134): Parameter "INPUT_B_IS_CONSTANT" = "NO"
    Info (12134): Parameter "MAXIMIZE_SPEED" = "5"
Info (12021): Found 1 design units, including 1 entities, in source file db/mult_ugs.tdf
    Info (12023): Found entity 1: mult_ugs File: E:/Quartus/Project_Quartus/03_pico/db/mult_ugs.tdf Line: 30
Warning (12241): 2 hierarchies have connectivity warnings - see the Connectivity Checks report folder
Info (13014): Ignored 204 buffer(s)
    Info (13019): Ignored 204 SOFT buffer(s)
Info (13000): Registers with preset signals will power-up high File: E:/Quartus/Project_Quartus/03_pico/uartTx.v Line: 28
Info (13003): DEV_CLRn pin will set, and not reset, register with preset signal due to NOT Gate Push-Back
Info (286030): Timing-Driven Synthesis is running
Info (17049): 8 registers lost all their fanouts during netlist optimizations.
Info (144001): Generated suppressed messages file E:/Quartus/Project_Quartus/03_pico/output_files/prv32_top.map.smsg
Info (16010): Generating hard_block partition "hard_block:auto_generated_inst"
    Info (16011): Adding 1 node(s), including 0 DDIO, 1 PLL, 0 transceiver and 0 LCELL
Warning (15899): PLL "pll_sys:pll_sys_inst|altpll:altpll_component|pll_sys_altpll:auto_generated|pll1" has parameters clk1_multiply_by and clk1_divide_by specified but port CLK[1] is not connected File: E:/Quartus/Project_Quartus/03_pico/db/pll_sys_altpll.v Line: 45
Info (21057): Implemented 3059 device resources after synthesis - the final resource count might be different
    Info (21058): Implemented 4 input pins
    Info (21059): Implemented 12 output pins
    Info (21061): Implemented 2842 logic cells
    Info (21064): Implemented 192 RAM segments
    Info (21065): Implemented 1 PLLs
    Info (21062): Implemented 8 DSP elements
Info: Quartus Prime Analysis & Synthesis was successful. 0 errors, 90 warnings
    Info: Peak virtual memory: 4884 megabytes
    Info: Processing ended: Fri Jul 24 01:39:00 2026
    Info: Elapsed time: 00:00:15
    Info: Total CPU time (on all processors): 00:00:28


+------------------------------------------+
; Analysis & Synthesis Suppressed Messages ;
+------------------------------------------+
The suppressed messages can be found in E:/Quartus/Project_Quartus/03_pico/output_files/prv32_top.map.smsg.


