Fitter report for picosoc
Wed Jul 22 23:47:16 2026
Quartus Prime Version 18.1.0 Build 625 09/12/2018 SJ Lite Edition


---------------------
; Table of Contents ;
---------------------
  1. Legal Notice
  2. Fitter Summary
  3. Fitter Settings
  4. Parallel Compilation
  5. Incremental Compilation Preservation Summary
  6. Incremental Compilation Partition Settings
  7. Incremental Compilation Placement Preservation
  8. Pin-Out File
  9. Fitter Resource Usage Summary
 10. Fitter Partition Statistics
 11. Input Pins
 12. Output Pins
 13. Dual Purpose and Dedicated Pins
 14. I/O Bank Usage
 15. All Package Pins
 16. I/O Assignment Warnings
 17. Fitter Resource Utilization by Entity
 18. Delay Chain Summary
 19. Pad To Core Delay Chain Fanout
 20. Control Signals
 21. Global & Other Fast Signals
 22. Non-Global High Fan-Out Signals
 23. Fitter RAM Summary
 24. |top|picosoc:soc_core|picosoc_mem:memory|altsyncram:mem2_rtl_0|altsyncram_ble1:auto_generated|ALTSYNCRAM
 25. |top|picosoc:soc_core|picosoc_mem:memory|altsyncram:mem0_rtl_0|altsyncram_9le1:auto_generated|ALTSYNCRAM
 26. |top|picosoc:soc_core|picosoc_mem:memory|altsyncram:mem3_rtl_0|altsyncram_cle1:auto_generated|ALTSYNCRAM
 27. |top|picosoc:soc_core|picosoc_mem:memory|altsyncram:mem1_rtl_0|altsyncram_ale1:auto_generated|ALTSYNCRAM
 28. Routing Usage Summary
 29. LAB Logic Elements
 30. LAB-wide Signals
 31. LAB Signals Sourced
 32. LAB Signals Sourced Out
 33. LAB Distinct Inputs
 34. I/O Rules Summary
 35. I/O Rules Details
 36. I/O Rules Matrix
 37. Fitter Device Options
 38. Operating Settings and Conditions
 39. Estimated Delay Added for Hold Timing Summary
 40. Estimated Delay Added for Hold Timing Details
 41. Fitter Messages
 42. Fitter Suppressed Messages



----------------
; Legal Notice ;
----------------
Copyright (C) 2018  Intel Corporation. All rights reserved.
Your use of Intel Corporation's design tools, logic functions 
and other software and tools, and its AMPP partner logic 
functions, and any output files from any of the foregoing 
(including device programming or simulation files), and any 
associated documentation or information are expressly subject 
to the terms and conditions of the Intel Program License 
Subscription Agreement, the Intel Quartus Prime License Agreement,
the Intel FPGA IP License Agreement, or other applicable license
agreement, including, without limitation, that your use is for
the sole purpose of programming logic devices manufactured by
Intel and sold by Intel or its authorized distributors.  Please
refer to the applicable agreement for further details.



+----------------------------------------------------------------------------------+
; Fitter Summary                                                                   ;
+------------------------------------+---------------------------------------------+
; Fitter Status                      ; Successful - Wed Jul 22 23:47:16 2026       ;
; Quartus Prime Version              ; 18.1.0 Build 625 09/12/2018 SJ Lite Edition ;
; Revision Name                      ; picosoc                                     ;
; Top-level Entity Name              ; top                                         ;
; Family                             ; MAX 10                                      ;
; Device                             ; 10M50DAF484C7G                              ;
; Timing Models                      ; Final                                       ;
; Total logic elements               ; 3,609 / 49,760 ( 7 % )                      ;
;     Total combinational functions  ; 3,532 / 49,760 ( 7 % )                      ;
;     Dedicated logic registers      ; 1,258 / 49,760 ( 3 % )                      ;
; Total registers                    ; 1258                                        ;
; Total pins                         ; 25 / 360 ( 7 % )                            ;
; Total virtual pins                 ; 0                                           ;
; Total memory bits                  ; 67,584 / 1,677,312 ( 4 % )                  ;
; Embedded Multiplier 9-bit elements ; 0 / 288 ( 0 % )                             ;
; Total PLLs                         ; 0 / 4 ( 0 % )                               ;
; UFM blocks                         ; 0 / 1 ( 0 % )                               ;
; ADC blocks                         ; 0 / 2 ( 0 % )                               ;
+------------------------------------+---------------------------------------------+


+----------------------------------------------------------------------------------------------------------------------------------------------------+
; Fitter Settings                                                                                                                                    ;
+--------------------------------------------------------------------+---------------------------------------+---------------------------------------+
; Option                                                             ; Setting                               ; Default Value                         ;
+--------------------------------------------------------------------+---------------------------------------+---------------------------------------+
; Device                                                             ; 10M50DAF484C7G                        ;                                       ;
; Minimum Core Junction Temperature                                  ; 0                                     ;                                       ;
; Maximum Core Junction Temperature                                  ; 85                                    ;                                       ;
; Fit Attempts to Skip                                               ; 0                                     ; 0.0                                   ;
; Use smart compilation                                              ; Off                                   ; Off                                   ;
; Enable parallel Assembler and Timing Analyzer during compilation   ; On                                    ; On                                    ;
; Enable compact report table                                        ; Off                                   ; Off                                   ;
; Auto Merge PLLs                                                    ; On                                    ; On                                    ;
; Router Timing Optimization Level                                   ; Normal                                ; Normal                                ;
; Perform Clocking Topology Analysis During Routing                  ; Off                                   ; Off                                   ;
; Placement Effort Multiplier                                        ; 1.0                                   ; 1.0                                   ;
; Router Effort Multiplier                                           ; 1.0                                   ; 1.0                                   ;
; Optimize Hold Timing                                               ; All Paths                             ; All Paths                             ;
; Optimize Multi-Corner Timing                                       ; On                                    ; On                                    ;
; Power Optimization During Fitting                                  ; Normal compilation                    ; Normal compilation                    ;
; SSN Optimization                                                   ; Off                                   ; Off                                   ;
; Optimize Timing                                                    ; Normal compilation                    ; Normal compilation                    ;
; Optimize Timing for ECOs                                           ; Off                                   ; Off                                   ;
; Regenerate Full Fit Report During ECO Compiles                     ; Off                                   ; Off                                   ;
; Optimize IOC Register Placement for Timing                         ; Normal                                ; Normal                                ;
; Final Placement Optimizations                                      ; Automatically                         ; Automatically                         ;
; Fitter Initial Placement Seed                                      ; 1                                     ; 1                                     ;
; Periphery to Core Placement and Routing Optimization               ; Off                                   ; Off                                   ;
; PCI I/O                                                            ; Off                                   ; Off                                   ;
; Weak Pull-Up Resistor                                              ; Off                                   ; Off                                   ;
; Enable Bus-Hold Circuitry                                          ; Off                                   ; Off                                   ;
; Auto Packed Registers                                              ; Auto                                  ; Auto                                  ;
; Auto Delay Chains                                                  ; On                                    ; On                                    ;
; Auto Delay Chains for High Fanout Input Pins                       ; Off                                   ; Off                                   ;
; Allow Single-ended Buffer for Differential-XSTL Input              ; Off                                   ; Off                                   ;
; Treat Bidirectional Pin as Output Pin                              ; Off                                   ; Off                                   ;
; Perform Physical Synthesis for Combinational Logic for Fitting     ; Off                                   ; Off                                   ;
; Perform Physical Synthesis for Combinational Logic for Performance ; Off                                   ; Off                                   ;
; Perform Register Duplication for Performance                       ; Off                                   ; Off                                   ;
; Perform Logic to Memory Mapping for Fitting                        ; Off                                   ; Off                                   ;
; Perform Register Retiming for Performance                          ; Off                                   ; Off                                   ;
; Perform Asynchronous Signal Pipelining                             ; Off                                   ; Off                                   ;
; Fitter Effort                                                      ; Auto Fit                              ; Auto Fit                              ;
; Physical Synthesis Effort Level                                    ; Normal                                ; Normal                                ;
; Logic Cell Insertion - Logic Duplication                           ; Auto                                  ; Auto                                  ;
; Auto Register Duplication                                          ; Auto                                  ; Auto                                  ;
; Auto Global Clock                                                  ; On                                    ; On                                    ;
; Auto Global Register Control Signals                               ; On                                    ; On                                    ;
; Reserve all unused pins                                            ; As input tri-stated with weak pull-up ; As input tri-stated with weak pull-up ;
; Synchronizer Identification                                        ; Auto                                  ; Auto                                  ;
; Enable Beneficial Skew Optimization                                ; On                                    ; On                                    ;
; Optimize Design for Metastability                                  ; On                                    ; On                                    ;
; Force Fitter to Avoid Periphery Placement Warnings                 ; Off                                   ; Off                                   ;
; Enable input tri-state on active configuration pins in user mode   ; Off                                   ; Off                                   ;
+--------------------------------------------------------------------+---------------------------------------+---------------------------------------+


+------------------------------------------+
; Parallel Compilation                     ;
+----------------------------+-------------+
; Processors                 ; Number      ;
+----------------------------+-------------+
; Number detected on machine ; 16          ;
; Maximum allowed            ; 16          ;
;                            ;             ;
; Average used               ; 1.83        ;
; Maximum used               ; 16          ;
;                            ;             ;
; Usage by Processor         ; % Time Used ;
;     Processor 1            ; 100.0%      ;
;     Processor 2            ;   6.1%      ;
;     Processor 3            ;   6.0%      ;
;     Processor 4            ;   5.9%      ;
;     Processor 5            ;   5.9%      ;
;     Processor 6            ;   5.8%      ;
;     Processor 7            ;   5.8%      ;
;     Processor 8            ;   5.7%      ;
;     Processors 9-16        ;   5.2%      ;
+----------------------------+-------------+


+---------------------------------------------------------------------------------------------------+
; Incremental Compilation Preservation Summary                                                      ;
+---------------------+---------------------+----------------------------+--------------------------+
; Type                ; Total [A + B]       ; From Design Partitions [A] ; From Rapid Recompile [B] ;
+---------------------+---------------------+----------------------------+--------------------------+
; Placement (by node) ;                     ;                            ;                          ;
;     -- Requested    ; 0.00 % ( 0 / 4956 ) ; 0.00 % ( 0 / 4956 )        ; 0.00 % ( 0 / 4956 )      ;
;     -- Achieved     ; 0.00 % ( 0 / 4956 ) ; 0.00 % ( 0 / 4956 )        ; 0.00 % ( 0 / 4956 )      ;
;                     ;                     ;                            ;                          ;
; Routing (by net)    ;                     ;                            ;                          ;
;     -- Requested    ; 0.00 % ( 0 / 0 )    ; 0.00 % ( 0 / 0 )           ; 0.00 % ( 0 / 0 )         ;
;     -- Achieved     ; 0.00 % ( 0 / 0 )    ; 0.00 % ( 0 / 0 )           ; 0.00 % ( 0 / 0 )         ;
+---------------------+---------------------+----------------------------+--------------------------+


+----------------------------------------------------------------------------------------------------------------------------------------------------------------------------------------+
; Incremental Compilation Partition Settings                                                                                                                                             ;
+--------------------------------+----------------+-------------------+-------------------------+------------------------+------------------------------+--------------------------------+
; Partition Name                 ; Partition Type ; Netlist Type Used ; Preservation Level Used ; Netlist Type Requested ; Preservation Level Requested ; Contents                       ;
+--------------------------------+----------------+-------------------+-------------------------+------------------------+------------------------------+--------------------------------+
; Top                            ; User-created   ; Source File       ; N/A                     ; Source File            ; N/A                          ;                                ;
; hard_block:auto_generated_inst ; Auto-generated ; Source File       ; N/A                     ; Source File            ; N/A                          ; hard_block:auto_generated_inst ;
+--------------------------------+----------------+-------------------+-------------------------+------------------------+------------------------------+--------------------------------+


+------------------------------------------------------------------------------------------------------------------------------------+
; Incremental Compilation Placement Preservation                                                                                     ;
+--------------------------------+-----------------------+-------------------------+-------------------+---------------------+-------+
; Partition Name                 ; Preservation Achieved ; Preservation Level Used ; Netlist Type Used ; Preservation Method ; Notes ;
+--------------------------------+-----------------------+-------------------------+-------------------+---------------------+-------+
; Top                            ; 0.00 % ( 0 / 4940 )   ; N/A                     ; Source File       ; N/A                 ;       ;
; hard_block:auto_generated_inst ; 0.00 % ( 0 / 16 )     ; N/A                     ; Source File       ; N/A                 ;       ;
+--------------------------------+-----------------------+-------------------------+-------------------+---------------------+-------+


+--------------+
; Pin-Out File ;
+--------------+
The pin-out file can be found in E:/Quartus/Project_Quartus/02_risc_v_led/output_files/picosoc.pin.


+--------------------------------------------------------------------------+
; Fitter Resource Usage Summary                                            ;
+---------------------------------------------+----------------------------+
; Resource                                    ; Usage                      ;
+---------------------------------------------+----------------------------+
; Total logic elements                        ; 3,609 / 49,760 ( 7 % )     ;
;     -- Combinational with no register       ; 2351                       ;
;     -- Register only                        ; 77                         ;
;     -- Combinational with a register        ; 1181                       ;
;                                             ;                            ;
; Logic element usage by number of LUT inputs ;                            ;
;     -- 4 input functions                    ; 1774                       ;
;     -- 3 input functions                    ; 1095                       ;
;     -- <=2 input functions                  ; 663                        ;
;     -- Register only                        ; 77                         ;
;                                             ;                            ;
; Logic elements by mode                      ;                            ;
;     -- normal mode                          ; 2824                       ;
;     -- arithmetic mode                      ; 708                        ;
;                                             ;                            ;
; Total registers*                            ; 1,258 / 51,509 ( 2 % )     ;
;     -- Dedicated logic registers            ; 1,258 / 49,760 ( 3 % )     ;
;     -- I/O registers                        ; 0 / 1,749 ( 0 % )          ;
;                                             ;                            ;
; Total LABs:  partially or completely used   ; 258 / 3,110 ( 8 % )        ;
; Virtual pins                                ; 0                          ;
; I/O pins                                    ; 25 / 360 ( 7 % )           ;
;     -- Clock pins                           ; 3 / 8 ( 38 % )             ;
;     -- Dedicated input pins                 ; 1 / 1 ( 100 % )            ;
;                                             ;                            ;
; M9Ks                                        ; 10 / 182 ( 5 % )           ;
; UFM blocks                                  ; 0 / 1 ( 0 % )              ;
; ADC blocks                                  ; 0 / 2 ( 0 % )              ;
; Total block memory bits                     ; 67,584 / 1,677,312 ( 4 % ) ;
; Total block memory implementation bits      ; 92,160 / 1,677,312 ( 5 % ) ;
; Embedded Multiplier 9-bit elements          ; 0 / 288 ( 0 % )            ;
; PLLs                                        ; 0 / 4 ( 0 % )              ;
; Global signals                              ; 1                          ;
;     -- Global clocks                        ; 1 / 20 ( 5 % )             ;
; JTAGs                                       ; 0 / 1 ( 0 % )              ;
; CRC blocks                                  ; 0 / 1 ( 0 % )              ;
; Remote update blocks                        ; 0 / 1 ( 0 % )              ;
; Oscillator blocks                           ; 0 / 1 ( 0 % )              ;
; Impedance control blocks                    ; 0 / 1 ( 0 % )              ;
; Average interconnect usage (total/H/V)      ; 2.7% / 2.5% / 2.9%         ;
; Peak interconnect usage (total/H/V)         ; 28.8% / 27.7% / 30.9%      ;
; Maximum fan-out                             ; 1268                       ;
; Highest non-global fan-out                  ; 653                        ;
; Total fan-out                               ; 16196                      ;
; Average fan-out                             ; 3.27                       ;
+---------------------------------------------+----------------------------+
*  Register count does not include registers inside RAM blocks or DSP blocks.



+-----------------------------------------------------------------------------------------------------+
; Fitter Partition Statistics                                                                         ;
+---------------------------------------------+----------------------+--------------------------------+
; Statistic                                   ; Top                  ; hard_block:auto_generated_inst ;
+---------------------------------------------+----------------------+--------------------------------+
; Difficulty Clustering Region                ; Low                  ; Low                            ;
;                                             ;                      ;                                ;
; Total logic elements                        ; 3609 / 49760 ( 7 % ) ; 0 / 49760 ( 0 % )              ;
;     -- Combinational with no register       ; 2351                 ; 0                              ;
;     -- Register only                        ; 77                   ; 0                              ;
;     -- Combinational with a register        ; 1181                 ; 0                              ;
;                                             ;                      ;                                ;
; Logic element usage by number of LUT inputs ;                      ;                                ;
;     -- 4 input functions                    ; 1774                 ; 0                              ;
;     -- 3 input functions                    ; 1095                 ; 0                              ;
;     -- <=2 input functions                  ; 663                  ; 0                              ;
;     -- Register only                        ; 77                   ; 0                              ;
;                                             ;                      ;                                ;
; Logic elements by mode                      ;                      ;                                ;
;     -- normal mode                          ; 2824                 ; 0                              ;
;     -- arithmetic mode                      ; 708                  ; 0                              ;
;                                             ;                      ;                                ;
; Total registers                             ; 1258                 ; 0                              ;
;     -- Dedicated logic registers            ; 1258 / 49760 ( 3 % ) ; 0 / 49760 ( 0 % )              ;
;     -- I/O registers                        ; 0                    ; 0                              ;
;                                             ;                      ;                                ;
; Total LABs:  partially or completely used   ; 258 / 3110 ( 8 % )   ; 0 / 3110 ( 0 % )               ;
;                                             ;                      ;                                ;
; Virtual pins                                ; 0                    ; 0                              ;
; I/O pins                                    ; 25                   ; 0                              ;
; Embedded Multiplier 9-bit elements          ; 0 / 288 ( 0 % )      ; 0 / 288 ( 0 % )                ;
; Total memory bits                           ; 67584                ; 0                              ;
; Total RAM block bits                        ; 92160                ; 0                              ;
; M9K                                         ; 10 / 182 ( 5 % )     ; 0 / 182 ( 0 % )                ;
; Clock control block                         ; 1 / 24 ( 4 % )       ; 0 / 24 ( 0 % )                 ;
; User Flash Memory                           ; 1 / 1 ( 100 % )      ; 0 / 1 ( 0 % )                  ;
; Analog-to-Digital Converter                 ; 2 / 2 ( 100 % )      ; 0 / 2 ( 0 % )                  ;
;                                             ;                      ;                                ;
; Connections                                 ;                      ;                                ;
;     -- Input Connections                    ; 0                    ; 0                              ;
;     -- Registered Input Connections         ; 0                    ; 0                              ;
;     -- Output Connections                   ; 0                    ; 0                              ;
;     -- Registered Output Connections        ; 0                    ; 0                              ;
;                                             ;                      ;                                ;
; Internal Connections                        ;                      ;                                ;
;     -- Total Connections                    ; 16212                ; 8                              ;
;     -- Registered Connections               ; 5636                 ; 0                              ;
;                                             ;                      ;                                ;
; External Connections                        ;                      ;                                ;
;     -- Top                                  ; 0                    ; 0                              ;
;     -- hard_block:auto_generated_inst       ; 0                    ; 0                              ;
;                                             ;                      ;                                ;
; Partition Interface                         ;                      ;                                ;
;     -- Input Ports                          ; 14                   ; 0                              ;
;     -- Output Ports                         ; 11                   ; 0                              ;
;     -- Bidir Ports                          ; 0                    ; 0                              ;
;                                             ;                      ;                                ;
; Registered Ports                            ;                      ;                                ;
;     -- Registered Input Ports               ; 0                    ; 0                              ;
;     -- Registered Output Ports              ; 0                    ; 0                              ;
;                                             ;                      ;                                ;
; Port Connectivity                           ;                      ;                                ;
;     -- Input Ports driven by GND            ; 0                    ; 0                              ;
;     -- Output Ports driven by GND           ; 0                    ; 0                              ;
;     -- Input Ports driven by VCC            ; 0                    ; 0                              ;
;     -- Output Ports driven by VCC           ; 0                    ; 0                              ;
;     -- Input Ports with no Source           ; 0                    ; 0                              ;
;     -- Output Ports with no Source          ; 0                    ; 0                              ;
;     -- Input Ports with no Fanout           ; 0                    ; 0                              ;
;     -- Output Ports with no Fanout          ; 0                    ; 0                              ;
+---------------------------------------------+----------------------+--------------------------------+


+------------------------------------------------------------------------------------------------------------------------------------------------------------------------------------------------------------------------------------------------------------------------------------------------+
; Input Pins                                                                                                                                                                                                                                                                                     ;
+---------------+-------+----------+--------------+--------------+--------------+-----------------------+--------------------+--------+----------------+---------------+-----------------+----------+--------------+--------------+---------------------------+----------------------+-----------+
; Name          ; Pin # ; I/O Bank ; X coordinate ; Y coordinate ; Z coordinate ; Combinational Fan-Out ; Registered Fan-Out ; Global ; Input Register ; Power Up High ; PCI I/O Enabled ; Bus Hold ; Weak Pull Up ; I/O Standard ; Termination Control Block ; Location assigned by ; Slew Rate ;
+---------------+-------+----------+--------------+--------------+--------------+-----------------------+--------------------+--------+----------------+---------------+-----------------+----------+--------------+--------------+---------------------------+----------------------+-----------+
; KEY[0]        ; B8    ; 7        ; 46           ; 54           ; 28           ; 653                   ; 0                  ; no     ; no             ; no            ; yes             ; no       ; Off          ; 2.5 V        ; --                        ; User                 ; 0         ;
; KEY[1]        ; A7    ; 7        ; 49           ; 54           ; 28           ; 0                     ; 0                  ; no     ; no             ; no            ; yes             ; no       ; Off          ; 2.5 V        ; --                        ; User                 ; 0         ;
; MAX10_CLK1_50 ; P11   ; 3        ; 34           ; 0            ; 28           ; 1268                  ; 0                  ; yes    ; no             ; no            ; yes             ; no       ; Off          ; 2.5 V        ; --                        ; User                 ; 0         ;
; SW[0]         ; W19   ; 5        ; 78           ; 16           ; 22           ; 0                     ; 0                  ; no     ; no             ; no            ; yes             ; no       ; Off          ; 2.5 V        ; --                        ; Fitter               ; 0         ;
; SW[1]         ; R22   ; 5        ; 78           ; 21           ; 7            ; 0                     ; 0                  ; no     ; no             ; no            ; yes             ; no       ; Off          ; 2.5 V        ; --                        ; Fitter               ; 0         ;
; SW[2]         ; D15   ; 7        ; 66           ; 54           ; 14           ; 0                     ; 0                  ; no     ; no             ; no            ; yes             ; no       ; Off          ; 2.5 V        ; --                        ; Fitter               ; 0         ;
; SW[3]         ; J21   ; 6        ; 78           ; 30           ; 0            ; 0                     ; 0                  ; no     ; no             ; no            ; yes             ; no       ; Off          ; 2.5 V        ; --                        ; Fitter               ; 0         ;
; SW[4]         ; V12   ; 4        ; 38           ; 0            ; 21           ; 0                     ; 0                  ; no     ; no             ; no            ; yes             ; no       ; Off          ; 2.5 V        ; --                        ; Fitter               ; 0         ;
; SW[5]         ; W16   ; 4        ; 60           ; 0            ; 28           ; 0                     ; 0                  ; no     ; no             ; no            ; yes             ; no       ; Off          ; 2.5 V        ; --                        ; Fitter               ; 0         ;
; SW[6]         ; W9    ; 3        ; 22           ; 0            ; 0            ; 0                     ; 0                  ; no     ; no             ; no            ; yes             ; no       ; Off          ; 2.5 V        ; --                        ; Fitter               ; 0         ;
; SW[7]         ; AB18  ; 4        ; 69           ; 0            ; 14           ; 0                     ; 0                  ; no     ; no             ; no            ; yes             ; no       ; Off          ; 2.5 V        ; --                        ; Fitter               ; 0         ;
; SW[8]         ; P22   ; 5        ; 78           ; 21           ; 0            ; 0                     ; 0                  ; no     ; no             ; no            ; yes             ; no       ; Off          ; 2.5 V        ; --                        ; Fitter               ; 0         ;
; SW[9]         ; J1    ; 1B       ; 0            ; 26           ; 21           ; 0                     ; 0                  ; no     ; no             ; no            ; yes             ; no       ; Off          ; 2.5 V        ; --                        ; Fitter               ; 0         ;
; UART_RX       ; J10   ; 8        ; 34           ; 39           ; 7            ; 2                     ; 0                  ; no     ; no             ; no            ; yes             ; no       ; Off          ; 2.5 V        ; --                        ; Fitter               ; 0         ;
+---------------+-------+----------+--------------+--------------+--------------+-----------------------+--------------------+--------+----------------+---------------+-----------------+----------+--------------+--------------+---------------------------+----------------------+-----------+


+----------------------------------------------------------------------------------------------------------------------------------------------------------------------------------------------------------------------------------------------------------------------------------------------------------------------------------------------------------------------------------------------------------------------------------------------------------+
; Output Pins                                                                                                                                                                                                                                                                                                                                                                                                                                              ;
+---------+-------+----------+--------------+--------------+--------------+-----------------+------------------------+---------------+-----------+-----------------+------------+---------------+----------+--------------+--------------+------------------+-----------------------------------+---------------------------+----------------------------+-----------------------------+----------------------+----------------------+---------------------+
; Name    ; Pin # ; I/O Bank ; X coordinate ; Y coordinate ; Z coordinate ; Output Register ; Output Enable Register ; Power Up High ; Slew Rate ; PCI I/O Enabled ; Open Drain ; TRI Primitive ; Bus Hold ; Weak Pull Up ; I/O Standard ; Current Strength ; Termination                       ; Termination Control Block ; Output Buffer Pre-emphasis ; Voltage Output Differential ; Location assigned by ; Output Enable Source ; Output Enable Group ;
+---------+-------+----------+--------------+--------------+--------------+-----------------+------------------------+---------------+-----------+-----------------+------------+---------------+----------+--------------+--------------+------------------+-----------------------------------+---------------------------+----------------------------+-----------------------------+----------------------+----------------------+---------------------+
; LEDR[0] ; A8    ; 7        ; 46           ; 54           ; 0            ; no              ; no                     ; no            ; 2         ; no              ; no         ; no            ; no       ; Off          ; 2.5 V        ; Default          ; Series 50 Ohm without Calibration ; --                        ; no                         ; no                          ; User                 ; -                    ; -                   ;
; LEDR[1] ; A9    ; 7        ; 46           ; 54           ; 21           ; no              ; no                     ; no            ; 2         ; no              ; no         ; no            ; no       ; Off          ; 2.5 V        ; Default          ; Series 50 Ohm without Calibration ; --                        ; no                         ; no                          ; User                 ; -                    ; -                   ;
; LEDR[2] ; A10   ; 7        ; 51           ; 54           ; 14           ; no              ; no                     ; no            ; 2         ; no              ; no         ; no            ; no       ; Off          ; 2.5 V        ; Default          ; Series 50 Ohm without Calibration ; --                        ; no                         ; no                          ; User                 ; -                    ; -                   ;
; LEDR[3] ; B10   ; 7        ; 46           ; 54           ; 7            ; no              ; no                     ; no            ; 2         ; no              ; no         ; no            ; no       ; Off          ; 2.5 V        ; Default          ; Series 50 Ohm without Calibration ; --                        ; no                         ; no                          ; User                 ; -                    ; -                   ;
; LEDR[4] ; D13   ; 7        ; 56           ; 54           ; 28           ; no              ; no                     ; no            ; 2         ; no              ; no         ; no            ; no       ; Off          ; 2.5 V        ; Default          ; Series 50 Ohm without Calibration ; --                        ; no                         ; no                          ; User                 ; -                    ; -                   ;
; LEDR[5] ; C13   ; 7        ; 58           ; 54           ; 21           ; no              ; no                     ; no            ; 2         ; no              ; no         ; no            ; no       ; Off          ; 2.5 V        ; Default          ; Series 50 Ohm without Calibration ; --                        ; no                         ; no                          ; User                 ; -                    ; -                   ;
; LEDR[6] ; E14   ; 7        ; 66           ; 54           ; 21           ; no              ; no                     ; no            ; 2         ; no              ; no         ; no            ; no       ; Off          ; 2.5 V        ; Default          ; Series 50 Ohm without Calibration ; --                        ; no                         ; no                          ; User                 ; -                    ; -                   ;
; LEDR[7] ; D14   ; 7        ; 56           ; 54           ; 7            ; no              ; no                     ; no            ; 2         ; no              ; no         ; no            ; no       ; Off          ; 2.5 V        ; Default          ; Series 50 Ohm without Calibration ; --                        ; no                         ; no                          ; User                 ; -                    ; -                   ;
; LEDR[8] ; A11   ; 7        ; 51           ; 54           ; 7            ; no              ; no                     ; no            ; 2         ; no              ; no         ; no            ; no       ; Off          ; 2.5 V        ; Default          ; Series 50 Ohm without Calibration ; --                        ; no                         ; no                          ; User                 ; -                    ; -                   ;
; LEDR[9] ; B11   ; 7        ; 49           ; 54           ; 7            ; no              ; no                     ; no            ; 2         ; no              ; no         ; no            ; no       ; Off          ; 2.5 V        ; Default          ; Series 50 Ohm without Calibration ; --                        ; no                         ; no                          ; User                 ; -                    ; -                   ;
; UART_TX ; E10   ; 8        ; 36           ; 39           ; 21           ; no              ; no                     ; no            ; 2         ; no              ; no         ; no            ; no       ; Off          ; 2.5 V        ; Default          ; Series 50 Ohm without Calibration ; --                        ; no                         ; no                          ; Fitter               ; -                    ; -                   ;
+---------+-------+----------+--------------+--------------+--------------+-----------------+------------------------+---------------+-----------+-----------------+------------+---------------+----------+--------------+--------------+------------------+-----------------------------------+---------------------------+----------------------------+-----------------------------+----------------------+----------------------+---------------------+


+-----------------------------------------------------------------------------------------------------------------------------------------+
; Dual Purpose and Dedicated Pins                                                                                                         ;
+----------+----------------------------------------------------+--------------------------------+---------------------+------------------+
; Location ; Pin Name                                           ; Reserved As                    ; User Signal Name    ; Pin Type         ;
+----------+----------------------------------------------------+--------------------------------+---------------------+------------------+
; H2       ; DIFFIO_RX_L17n, DIFFOUT_L17n, TMS, Low_Speed       ; Reserved as secondary function ; ~ALTERA_TMS~        ; Dual Purpose Pin ;
; G2       ; DIFFIO_RX_L17p, DIFFOUT_L17p, TCK, Low_Speed       ; Reserved as secondary function ; ~ALTERA_TCK~        ; Dual Purpose Pin ;
; L4       ; DIFFIO_RX_L18n, DIFFOUT_L18n, TDI, Low_Speed       ; Reserved as secondary function ; ~ALTERA_TDI~        ; Dual Purpose Pin ;
; M5       ; DIFFIO_RX_L18p, DIFFOUT_L18p, TDO, Low_Speed       ; Reserved as secondary function ; ~ALTERA_TDO~        ; Dual Purpose Pin ;
; H10      ; CONFIG_SEL, Low_Speed                              ; Reserved as secondary function ; ~ALTERA_CONFIG_SEL~ ; Dual Purpose Pin ;
; H9       ; nCONFIG, Low_Speed                                 ; Reserved as secondary function ; ~ALTERA_nCONFIG~    ; Dual Purpose Pin ;
; G9       ; DIFFIO_RX_T50p, DIFFOUT_T50p, nSTATUS, Low_Speed   ; Reserved as secondary function ; ~ALTERA_nSTATUS~    ; Dual Purpose Pin ;
; F8       ; DIFFIO_RX_T50n, DIFFOUT_T50n, CONF_DONE, Low_Speed ; Reserved as secondary function ; ~ALTERA_CONF_DONE~  ; Dual Purpose Pin ;
+----------+----------------------------------------------------+--------------------------------+---------------------+------------------+


+------------------------------------------------------------+
; I/O Bank Usage                                             ;
+----------+------------------+---------------+--------------+
; I/O Bank ; Usage            ; VCCIO Voltage ; VREF Voltage ;
+----------+------------------+---------------+--------------+
; 1A       ; 0 / 16 ( 0 % )   ; 2.5V          ; --           ;
; 1B       ; 5 / 24 ( 21 % )  ; 2.5V          ; --           ;
; 2        ; 0 / 36 ( 0 % )   ; 2.5V          ; --           ;
; 3        ; 2 / 48 ( 4 % )   ; 2.5V          ; --           ;
; 4        ; 3 / 48 ( 6 % )   ; 2.5V          ; --           ;
; 5        ; 3 / 40 ( 8 % )   ; 2.5V          ; --           ;
; 6        ; 1 / 60 ( 2 % )   ; 2.5V          ; --           ;
; 7        ; 13 / 52 ( 25 % ) ; 2.5V          ; --           ;
; 8        ; 6 / 36 ( 17 % )  ; 2.5V          ; --           ;
+----------+------------------+---------------+--------------+


+---------------------------------------------------------------------------------------------------------------------------------------------------------------------------------------+
; All Package Pins                                                                                                                                                                      ;
+----------+------------+----------+------------------------------------------------+--------+-----------------------+---------+------------+-----------------+----------+--------------+
; Location ; Pad Number ; I/O Bank ; Pin Name/Usage                                 ; Dir.   ; I/O Standard          ; Voltage ; I/O Type   ; User Assignment ; Bus Hold ; Weak Pull Up ;
+----------+------------+----------+------------------------------------------------+--------+-----------------------+---------+------------+-----------------+----------+--------------+
; A1       ;            ;          ; GND                                            ; gnd    ;                       ;         ; --         ;                 ; --       ; --           ;
; A2       ; 481        ; 8        ; RESERVED_INPUT_WITH_WEAK_PULLUP                ;        ;                       ;         ; Column I/O ;                 ; no       ; On           ;
; A3       ; 483        ; 8        ; RESERVED_INPUT_WITH_WEAK_PULLUP                ;        ;                       ;         ; Column I/O ;                 ; no       ; On           ;
; A4       ; 475        ; 8        ; RESERVED_INPUT_WITH_WEAK_PULLUP                ;        ;                       ;         ; Column I/O ;                 ; no       ; On           ;
; A5       ; 473        ; 8        ; RESERVED_INPUT_WITH_WEAK_PULLUP                ;        ;                       ;         ; Column I/O ;                 ; no       ; On           ;
; A6       ; 471        ; 8        ; RESERVED_INPUT_WITH_WEAK_PULLUP                ;        ;                       ;         ; Column I/O ;                 ; no       ; On           ;
; A7       ; 445        ; 7        ; KEY[1]                                         ; input  ; 2.5 V                 ;         ; Column I/O ; Y               ; no       ; Off          ;
; A8       ; 447        ; 7        ; LEDR[0]                                        ; output ; 2.5 V                 ;         ; Column I/O ; Y               ; no       ; Off          ;
; A9       ; 449        ; 7        ; LEDR[1]                                        ; output ; 2.5 V                 ;         ; Column I/O ; Y               ; no       ; Off          ;
; A10      ; 439        ; 7        ; LEDR[2]                                        ; output ; 2.5 V                 ;         ; Column I/O ; Y               ; no       ; Off          ;
; A11      ; 437        ; 7        ; LEDR[8]                                        ; output ; 2.5 V                 ;         ; Column I/O ; Y               ; no       ; Off          ;
; A12      ; 435        ; 7        ; RESERVED_INPUT_WITH_WEAK_PULLUP                ;        ;                       ;         ; Column I/O ;                 ; no       ; On           ;
; A13      ; 433        ; 7        ; RESERVED_INPUT_WITH_WEAK_PULLUP                ;        ;                       ;         ; Column I/O ;                 ; no       ; On           ;
; A14      ; 425        ; 7        ; RESERVED_INPUT_WITH_WEAK_PULLUP                ;        ;                       ;         ; Column I/O ;                 ; no       ; On           ;
; A15      ; 421        ; 7        ; RESERVED_INPUT_WITH_WEAK_PULLUP                ;        ;                       ;         ; Column I/O ;                 ; no       ; On           ;
; A16      ; 419        ; 7        ; RESERVED_INPUT_WITH_WEAK_PULLUP                ;        ;                       ;         ; Column I/O ;                 ; no       ; On           ;
; A17      ; 407        ; 7        ; RESERVED_INPUT_WITH_WEAK_PULLUP                ;        ;                       ;         ; Column I/O ;                 ; no       ; On           ;
; A18      ; 405        ; 7        ; RESERVED_INPUT_WITH_WEAK_PULLUP                ;        ;                       ;         ; Column I/O ;                 ; no       ; On           ;
; A19      ; 403        ; 7        ; RESERVED_INPUT_WITH_WEAK_PULLUP                ;        ;                       ;         ; Column I/O ;                 ; no       ; On           ;
; A20      ; 401        ; 7        ; RESERVED_INPUT_WITH_WEAK_PULLUP                ;        ;                       ;         ; Column I/O ;                 ; no       ; On           ;
; A21      ; 371        ; 6        ; RESERVED_INPUT_WITH_WEAK_PULLUP                ;        ;                       ;         ; Row I/O    ;                 ; no       ; On           ;
; A22      ;            ;          ; GND                                            ; gnd    ;                       ;         ; --         ;                 ; --       ; --           ;
; AA1      ; 133        ; 3        ; RESERVED_INPUT_WITH_WEAK_PULLUP                ;        ;                       ;         ; Column I/O ;                 ; no       ; On           ;
; AA2      ; 135        ; 3        ; RESERVED_INPUT_WITH_WEAK_PULLUP                ;        ;                       ;         ; Column I/O ;                 ; no       ; On           ;
; AA3      ; 153        ; 3        ; RESERVED_INPUT_WITH_WEAK_PULLUP                ;        ;                       ;         ; Column I/O ;                 ; --       ; --           ;
; AA4      ;            ;          ; GND                                            ; gnd    ;                       ;         ; --         ;                 ; --       ; --           ;
; AA5      ; 157        ; 3        ; RESERVED_INPUT_WITH_WEAK_PULLUP                ;        ;                       ;         ; Column I/O ;                 ; no       ; On           ;
; AA6      ; 156        ; 3        ; RESERVED_INPUT_WITH_WEAK_PULLUP                ;        ;                       ;         ; Column I/O ;                 ; no       ; On           ;
; AA7      ; 158        ; 3        ; RESERVED_INPUT_WITH_WEAK_PULLUP                ;        ;                       ;         ; Column I/O ;                 ; no       ; On           ;
; AA8      ; 165        ; 3        ; RESERVED_INPUT_WITH_WEAK_PULLUP                ;        ;                       ;         ; Column I/O ;                 ; no       ; On           ;
; AA9      ; 169        ; 3        ; RESERVED_INPUT_WITH_WEAK_PULLUP                ;        ;                       ;         ; Column I/O ;                 ; no       ; On           ;
; AA10     ; 170        ; 3        ; RESERVED_INPUT_WITH_WEAK_PULLUP                ;        ;                       ;         ; Column I/O ;                 ; no       ; On           ;
; AA11     ; 180        ; 4        ; RESERVED_INPUT_WITH_WEAK_PULLUP                ;        ;                       ;         ; Column I/O ;                 ; no       ; On           ;
; AA12     ; 182        ; 4        ; RESERVED_INPUT_WITH_WEAK_PULLUP                ;        ;                       ;         ; Column I/O ;                 ; no       ; On           ;
; AA13     ; 197        ; 4        ; RESERVED_INPUT_WITH_WEAK_PULLUP                ;        ;                       ;         ; Column I/O ;                 ; --       ; --           ;
; AA14     ; 201        ; 4        ; RESERVED_INPUT_WITH_WEAK_PULLUP                ;        ;                       ;         ; Column I/O ;                 ; no       ; On           ;
; AA15     ; 205        ; 4        ; RESERVED_INPUT_WITH_WEAK_PULLUP                ;        ;                       ;         ; Column I/O ;                 ; no       ; On           ;
; AA16     ; 211        ; 4        ; RESERVED_INPUT_WITH_WEAK_PULLUP                ;        ;                       ;         ; Column I/O ;                 ; no       ; On           ;
; AA17     ; 212        ; 4        ; RESERVED_INPUT_WITH_WEAK_PULLUP                ;        ;                       ;         ; Column I/O ;                 ; no       ; On           ;
; AA18     ;            ;          ; GND                                            ; gnd    ;                       ;         ; --         ;                 ; --       ; --           ;
; AA19     ; 217        ; 4        ; RESERVED_INPUT_WITH_WEAK_PULLUP                ;        ;                       ;         ; Column I/O ;                 ; no       ; On           ;
; AA20     ; 227        ; 4        ; RESERVED_INPUT_WITH_WEAK_PULLUP                ;        ;                       ;         ; Column I/O ;                 ; no       ; On           ;
; AA21     ; 245        ; 5        ; RESERVED_INPUT_WITH_WEAK_PULLUP                ;        ;                       ;         ; Row I/O    ;                 ; no       ; On           ;
; AA22     ; 247        ; 5        ; RESERVED_INPUT_WITH_WEAK_PULLUP                ;        ;                       ;         ; Row I/O    ;                 ; no       ; On           ;
; AB1      ;            ;          ; GND                                            ; gnd    ;                       ;         ; --         ;                 ; --       ; --           ;
; AB2      ; 145        ; 3        ; RESERVED_INPUT_WITH_WEAK_PULLUP                ;        ;                       ;         ; Column I/O ;                 ; no       ; On           ;
; AB3      ; 147        ; 3        ; RESERVED_INPUT_WITH_WEAK_PULLUP                ;        ;                       ;         ; Column I/O ;                 ; no       ; On           ;
; AB4      ; 155        ; 3        ; RESERVED_INPUT_WITH_WEAK_PULLUP                ;        ;                       ;         ; Column I/O ;                 ; no       ; On           ;
; AB5      ; 159        ; 3        ; RESERVED_INPUT_WITH_WEAK_PULLUP                ;        ;                       ;         ; Column I/O ;                 ; no       ; On           ;
; AB6      ; 161        ; 3        ; RESERVED_INPUT_WITH_WEAK_PULLUP                ;        ;                       ;         ; Column I/O ;                 ; no       ; On           ;
; AB7      ; 163        ; 3        ; RESERVED_INPUT_WITH_WEAK_PULLUP                ;        ;                       ;         ; Column I/O ;                 ; no       ; On           ;
; AB8      ; 167        ; 3        ; RESERVED_INPUT_WITH_WEAK_PULLUP                ;        ;                       ;         ; Column I/O ;                 ; no       ; On           ;
; AB9      ; 171        ; 3        ; RESERVED_INPUT_WITH_WEAK_PULLUP                ;        ;                       ;         ; Column I/O ;                 ; no       ; On           ;
; AB10     ; 177        ; 4        ; RESERVED_INPUT_WITH_WEAK_PULLUP                ;        ;                       ;         ; Column I/O ;                 ; no       ; On           ;
; AB11     ; 179        ; 4        ; RESERVED_INPUT_WITH_WEAK_PULLUP                ;        ;                       ;         ; Column I/O ;                 ; no       ; On           ;
; AB12     ; 181        ; 4        ; RESERVED_INPUT_WITH_WEAK_PULLUP                ;        ;                       ;         ; Column I/O ;                 ; no       ; On           ;
; AB13     ; 183        ; 4        ; RESERVED_INPUT_WITH_WEAK_PULLUP                ;        ;                       ;         ; Column I/O ;                 ; no       ; On           ;
; AB14     ; 199        ; 4        ; RESERVED_INPUT_WITH_WEAK_PULLUP                ;        ;                       ;         ; Column I/O ;                 ; no       ; On           ;
; AB15     ; 203        ; 4        ; RESERVED_INPUT_WITH_WEAK_PULLUP                ;        ;                       ;         ; Column I/O ;                 ; no       ; On           ;
; AB16     ; 209        ; 4        ; RESERVED_INPUT_WITH_WEAK_PULLUP                ;        ;                       ;         ; Column I/O ;                 ; no       ; On           ;
; AB17     ; 241        ; 4        ; RESERVED_INPUT_WITH_WEAK_PULLUP                ;        ;                       ;         ; Column I/O ;                 ; no       ; On           ;
; AB18     ; 243        ; 4        ; SW[7]                                          ; input  ; 2.5 V                 ;         ; Column I/O ; N               ; no       ; Off          ;
; AB19     ; 213        ; 4        ; RESERVED_INPUT_WITH_WEAK_PULLUP                ;        ;                       ;         ; Column I/O ;                 ; no       ; On           ;
; AB20     ; 215        ; 4        ; RESERVED_INPUT_WITH_WEAK_PULLUP                ;        ;                       ;         ; Column I/O ;                 ; no       ; On           ;
; AB21     ; 225        ; 4        ; RESERVED_INPUT_WITH_WEAK_PULLUP                ;        ;                       ;         ; Column I/O ;                 ; no       ; On           ;
; AB22     ;            ;          ; GND                                            ; gnd    ;                       ;         ; --         ;                 ; --       ; --           ;
; B1       ; 495        ; 8        ; RESERVED_INPUT_WITH_WEAK_PULLUP                ;        ;                       ;         ; Column I/O ;                 ; no       ; On           ;
; B2       ; 493        ; 8        ; RESERVED_INPUT_WITH_WEAK_PULLUP                ;        ;                       ;         ; Column I/O ;                 ; no       ; On           ;
; B3       ; 484        ; 8        ; RESERVED_INPUT_WITH_WEAK_PULLUP                ;        ;                       ;         ; Column I/O ;                 ; no       ; On           ;
; B4       ; 486        ; 8        ; RESERVED_INPUT_WITH_WEAK_PULLUP                ;        ;                       ;         ; Column I/O ;                 ; no       ; On           ;
; B5       ; 485        ; 8        ; RESERVED_INPUT_WITH_WEAK_PULLUP                ;        ;                       ;         ; Column I/O ;                 ; no       ; On           ;
; B6       ;            ;          ; GND                                            ; gnd    ;                       ;         ; --         ;                 ; --       ; --           ;
; B7       ; 469        ; 8        ; RESERVED_INPUT_WITH_WEAK_PULLUP                ;        ;                       ;         ; Column I/O ;                 ; no       ; On           ;
; B8       ; 451        ; 7        ; KEY[0]                                         ; input  ; 2.5 V                 ;         ; Column I/O ; Y               ; no       ; Off          ;
; B9       ;            ;          ; GND                                            ; gnd    ;                       ;         ; --         ;                 ; --       ; --           ;
; B10      ; 448        ; 7        ; LEDR[3]                                        ; output ; 2.5 V                 ;         ; Column I/O ; Y               ; no       ; Off          ;
; B11      ; 443        ; 7        ; LEDR[9]                                        ; output ; 2.5 V                 ;         ; Column I/O ; Y               ; no       ; Off          ;
; B12      ; 441        ; 7        ; RESERVED_INPUT_WITH_WEAK_PULLUP                ;        ;                       ;         ; Column I/O ;                 ; no       ; On           ;
; B13      ;            ;          ; GND                                            ; gnd    ;                       ;         ; --         ;                 ; --       ; --           ;
; B14      ; 427        ; 7        ; RESERVED_INPUT_WITH_WEAK_PULLUP                ;        ;                       ;         ; Column I/O ;                 ; no       ; On           ;
; B15      ; 423        ; 7        ; RESERVED_INPUT_WITH_WEAK_PULLUP                ;        ;                       ;         ; Column I/O ;                 ; --       ; --           ;
; B16      ; 417        ; 7        ; RESERVED_INPUT_WITH_WEAK_PULLUP                ;        ;                       ;         ; Column I/O ;                 ; no       ; On           ;
; B17      ; 402        ; 7        ; RESERVED_INPUT_WITH_WEAK_PULLUP                ;        ;                       ;         ; Column I/O ;                 ; no       ; On           ;
; B18      ;            ;          ; GND                                            ; gnd    ;                       ;         ; --         ;                 ; --       ; --           ;
; B19      ; 399        ; 7        ; RESERVED_INPUT_WITH_WEAK_PULLUP                ;        ;                       ;         ; Column I/O ;                 ; no       ; On           ;
; B20      ; 369        ; 6        ; RESERVED_INPUT_WITH_WEAK_PULLUP                ;        ;                       ;         ; Row I/O    ;                 ; no       ; On           ;
; B21      ; 367        ; 6        ; RESERVED_INPUT_WITH_WEAK_PULLUP                ;        ;                       ;         ; Row I/O    ;                 ; no       ; On           ;
; B22      ; 365        ; 6        ; RESERVED_INPUT_WITH_WEAK_PULLUP                ;        ;                       ;         ; Row I/O    ;                 ; no       ; On           ;
; C1       ; 33         ; 1B       ; RESERVED_INPUT_WITH_WEAK_PULLUP                ;        ;                       ;         ; Row I/O    ;                 ; --       ; --           ;
; C2       ; 499        ; 8        ; RESERVED_INPUT_WITH_WEAK_PULLUP                ;        ;                       ;         ; Column I/O ;                 ; no       ; On           ;
; C3       ; 497        ; 8        ; RESERVED_INPUT_WITH_WEAK_PULLUP                ;        ;                       ;         ; Column I/O ;                 ; no       ; On           ;
; C4       ; 487        ; 8        ; RESERVED_INPUT_WITH_WEAK_PULLUP                ;        ;                       ;         ; Column I/O ;                 ; no       ; On           ;
; C5       ; 489        ; 8        ; RESERVED_INPUT_WITH_WEAK_PULLUP                ;        ;                       ;         ; Column I/O ;                 ; no       ; On           ;
; C6       ; 477        ; 8        ; RESERVED_INPUT_WITH_WEAK_PULLUP                ;        ;                       ;         ; Column I/O ;                 ; no       ; On           ;
; C7       ; 467        ; 8        ; RESERVED_INPUT_WITH_WEAK_PULLUP                ;        ;                       ;         ; Column I/O ;                 ; no       ; On           ;
; C8       ; 465        ; 8        ; RESERVED_INPUT_WITH_WEAK_PULLUP                ;        ;                       ;         ; Column I/O ;                 ; no       ; On           ;
; C9       ; 450        ; 7        ; RESERVED_INPUT_WITH_WEAK_PULLUP                ;        ;                       ;         ; Column I/O ;                 ; no       ; On           ;
; C10      ; 442        ; 7        ; RESERVED_INPUT_WITH_WEAK_PULLUP                ;        ;                       ;         ; Column I/O ;                 ; no       ; On           ;
; C11      ; 440        ; 7        ; RESERVED_INPUT_WITH_WEAK_PULLUP                ;        ;                       ;         ; Column I/O ;                 ; no       ; On           ;
; C12      ; 436        ; 7        ; RESERVED_INPUT_WITH_WEAK_PULLUP                ;        ;                       ;         ; Column I/O ;                 ; no       ; On           ;
; C13      ; 426        ; 7        ; LEDR[5]                                        ; output ; 2.5 V                 ;         ; Column I/O ; Y               ; no       ; Off          ;
; C14      ; 424        ; 7        ; RESERVED_INPUT_WITH_WEAK_PULLUP                ;        ;                       ;         ; Column I/O ;                 ; no       ; On           ;
; C15      ; 418        ; 7        ; RESERVED_INPUT_WITH_WEAK_PULLUP                ;        ;                       ;         ; Column I/O ;                 ; no       ; On           ;
; C16      ; 416        ; 7        ; RESERVED_INPUT_WITH_WEAK_PULLUP                ;        ;                       ;         ; Column I/O ;                 ; no       ; On           ;
; C17      ; 391        ; 7        ; RESERVED_INPUT_WITH_WEAK_PULLUP                ;        ;                       ;         ; Column I/O ;                 ; no       ; On           ;
; C18      ; 400        ; 7        ; RESERVED_INPUT_WITH_WEAK_PULLUP                ;        ;                       ;         ; Column I/O ;                 ; no       ; On           ;
; C19      ; 397        ; 7        ; RESERVED_INPUT_WITH_WEAK_PULLUP                ;        ;                       ;         ; Column I/O ;                 ; no       ; On           ;
; C20      ; 357        ; 6        ; RESERVED_INPUT_WITH_WEAK_PULLUP                ;        ;                       ;         ; Row I/O    ;                 ; no       ; On           ;
; C21      ; 347        ; 6        ; RESERVED_INPUT_WITH_WEAK_PULLUP                ;        ;                       ;         ; Row I/O    ;                 ; no       ; On           ;
; C22      ; 343        ; 6        ; RESERVED_INPUT_WITH_WEAK_PULLUP                ;        ;                       ;         ; Row I/O    ;                 ; no       ; On           ;
; D1       ; 35         ; 1B       ; RESERVED_INPUT_WITH_WEAK_PULLUP                ;        ;                       ;         ; Row I/O    ;                 ; no       ; On           ;
; D2       ; 31         ; 1B       ; RESERVED_INPUT_WITH_WEAK_PULLUP                ;        ;                       ;         ; Row I/O    ;                 ; no       ; On           ;
; D3       ; 29         ; 1B       ; RESERVED_INPUT_WITH_WEAK_PULLUP                ;        ;                       ;         ; Row I/O    ;                 ; no       ; On           ;
; D4       ;            ;          ; GND                                            ; gnd    ;                       ;         ; --         ;                 ; --       ; --           ;
; D5       ; 491        ; 8        ; RESERVED_INPUT_WITH_WEAK_PULLUP                ;        ;                       ;         ; Column I/O ;                 ; no       ; On           ;
; D6       ; 496        ; 8        ; RESERVED_INPUT_WITH_WEAK_PULLUP                ;        ;                       ;         ; Column I/O ;                 ; no       ; On           ;
; D7       ; 479        ; 8        ; RESERVED_INPUT_WITH_WEAK_PULLUP                ;        ;                       ;         ; Column I/O ;                 ; --       ; --           ;
; D8       ; 472        ; 8        ; RESERVED_INPUT_WITH_WEAK_PULLUP                ;        ;                       ;         ; Column I/O ;                 ; no       ; On           ;
; D9       ; 474        ; 8        ; RESERVED_INPUT_WITH_WEAK_PULLUP                ;        ;                       ;         ; Column I/O ;                 ; no       ; On           ;
; D10      ; 476        ; 8        ; RESERVED_INPUT_WITH_WEAK_PULLUP                ;        ;                       ;         ; Column I/O ;                 ; no       ; On           ;
; D11      ;            ;          ; GND                                            ; gnd    ;                       ;         ; --         ;                 ; --       ; --           ;
; D12      ; 438        ; 7        ; RESERVED_INPUT_WITH_WEAK_PULLUP                ;        ;                       ;         ; Column I/O ;                 ; no       ; On           ;
; D13      ; 431        ; 7        ; LEDR[4]                                        ; output ; 2.5 V                 ;         ; Column I/O ; Y               ; no       ; Off          ;
; D14      ; 428        ; 7        ; LEDR[7]                                        ; output ; 2.5 V                 ;         ; Column I/O ; Y               ; no       ; Off          ;
; D15      ; 404        ; 7        ; SW[2]                                          ; input  ; 2.5 V                 ;         ; Column I/O ; N               ; no       ; Off          ;
; D16      ;            ;          ; GND                                            ; gnd    ;                       ;         ; --         ;                 ; --       ; --           ;
; D17      ; 389        ; 7        ; RESERVED_INPUT_WITH_WEAK_PULLUP                ;        ;                       ;         ; Column I/O ;                 ; no       ; On           ;
; D18      ; 385        ; 6        ; RESERVED_INPUT_WITH_WEAK_PULLUP                ;        ;                       ;         ; Row I/O    ;                 ; no       ; On           ;
; D19      ; 359        ; 6        ; RESERVED_INPUT_WITH_WEAK_PULLUP                ;        ;                       ;         ; Row I/O    ;                 ; no       ; On           ;
; D20      ;            ;          ; GND                                            ; gnd    ;                       ;         ; --         ;                 ; --       ; --           ;
; D21      ; 345        ; 6        ; RESERVED_INPUT_WITH_WEAK_PULLUP                ;        ;                       ;         ; Row I/O    ;                 ; --       ; --           ;
; D22      ; 341        ; 6        ; RESERVED_INPUT_WITH_WEAK_PULLUP                ;        ;                       ;         ; Row I/O    ;                 ; no       ; On           ;
; E1       ; 41         ; 1B       ; RESERVED_INPUT_WITH_WEAK_PULLUP                ;        ;                       ;         ; Row I/O    ;                 ; no       ; On           ;
; E2       ;            ;          ; GND                                            ; gnd    ;                       ;         ; --         ;                 ; --       ; --           ;
; E3       ; 3          ; 1A       ; RESERVED_INPUT_WITH_WEAK_PULLUP                ;        ;                       ;         ; Row I/O    ;                 ; no       ; On           ;
; E4       ; 1          ; 1A       ; RESERVED_INPUT_WITH_WEAK_PULLUP                ;        ;                       ;         ; Row I/O    ;                 ; no       ; On           ;
; E5       ;            ;          ; NC                                             ;        ;                       ;         ; --         ;                 ; --       ; --           ;
; E6       ; 498        ; 8        ; RESERVED_INPUT_WITH_WEAK_PULLUP                ;        ;                       ;         ; Column I/O ;                 ; no       ; On           ;
; E7       ;            ;          ; GND                                            ; gnd    ;                       ;         ; --         ;                 ; --       ; --           ;
; E8       ; 488        ; 8        ; RESERVED_INPUT_WITH_WEAK_PULLUP                ;        ;                       ;         ; Column I/O ;                 ; no       ; On           ;
; E9       ; 478        ; 8        ; RESERVED_INPUT_WITH_WEAK_PULLUP                ;        ;                       ;         ; Column I/O ;                 ; no       ; On           ;
; E10      ; 466        ; 8        ; UART_TX                                        ; output ; 2.5 V                 ;         ; Column I/O ; N               ; no       ; Off          ;
; E11      ; 464        ; 8        ; RESERVED_INPUT_WITH_WEAK_PULLUP                ;        ;                       ;         ; Column I/O ;                 ; no       ; On           ;
; E12      ; 429        ; 7        ; RESERVED_INPUT_WITH_WEAK_PULLUP                ;        ;                       ;         ; Column I/O ;                 ; no       ; On           ;
; E13      ; 430        ; 7        ; RESERVED_INPUT_WITH_WEAK_PULLUP                ;        ;                       ;         ; Column I/O ;                 ; no       ; On           ;
; E14      ; 406        ; 7        ; LEDR[6]                                        ; output ; 2.5 V                 ;         ; Column I/O ; Y               ; no       ; Off          ;
; E15      ; 390        ; 7        ; RESERVED_INPUT_WITH_WEAK_PULLUP                ;        ;                       ;         ; Column I/O ;                 ; no       ; On           ;
; E16      ; 388        ; 7        ; RESERVED_INPUT_WITH_WEAK_PULLUP                ;        ;                       ;         ; Column I/O ;                 ; no       ; On           ;
; E17      ; 366        ; 6        ; RESERVED_INPUT_WITH_WEAK_PULLUP                ;        ;                       ;         ; Row I/O    ;                 ; no       ; On           ;
; E18      ; 387        ; 6        ; RESERVED_INPUT_WITH_WEAK_PULLUP                ;        ;                       ;         ; Row I/O    ;                 ; no       ; On           ;
; E19      ; 352        ; 6        ; RESERVED_INPUT_WITH_WEAK_PULLUP                ;        ;                       ;         ; Row I/O    ;                 ; no       ; On           ;
; E20      ; 355        ; 6        ; RESERVED_INPUT_WITH_WEAK_PULLUP                ;        ;                       ;         ; Row I/O    ;                 ; no       ; On           ;
; E21      ; 335        ; 6        ; RESERVED_INPUT_WITH_WEAK_PULLUP                ;        ;                       ;         ; Row I/O    ;                 ; no       ; On           ;
; E22      ; 333        ; 6        ; RESERVED_INPUT_WITH_WEAK_PULLUP                ;        ;                       ;         ; Row I/O    ;                 ; no       ; On           ;
; F1       ; 47         ; 1B       ; RESERVED_INPUT_WITH_WEAK_PULLUP                ;        ;                       ;         ; Row I/O    ;                 ; no       ; On           ;
; F2       ; 43         ; 1B       ; RESERVED_INPUT_WITH_WEAK_PULLUP                ;        ;                       ;         ; Row I/O    ;                 ; no       ; On           ;
; F3       ; 7          ; 1A       ; RESERVED_INPUT_WITH_WEAK_PULLUP                ;        ;                       ;         ; Row I/O    ;                 ; no       ; On           ;
; F4       ; 2          ; 1A       ; RESERVED_INPUT_WITH_WEAK_PULLUP                ;        ;                       ;         ; Row I/O    ;                 ; no       ; On           ;
; F5       ; 0          ; 1A       ; RESERVED_INPUT_WITH_WEAK_PULLUP                ;        ;                       ;         ; Row I/O    ;                 ; no       ; On           ;
; F6       ;            ;          ; NC                                             ;        ;                       ;         ; --         ;                 ; --       ; --           ;
; F7       ; 490        ; 8        ; RESERVED_INPUT_WITH_WEAK_PULLUP                ;        ;                       ;         ; Column I/O ;                 ; no       ; On           ;
; F8       ; 494        ; 8        ; ~ALTERA_CONF_DONE~ / RESERVED_INPUT            ; input  ; 2.5 V Schmitt Trigger ;         ; Column I/O ; N               ; no       ; Off          ;
; F9       ;            ; 8        ; VCCIO8                                         ; power  ;                       ; 2.5V    ; --         ;                 ; --       ; --           ;
; F10      ;            ;          ; GND                                            ; gnd    ;                       ;         ; --         ;                 ; --       ; --           ;
; F11      ;            ; 8        ; VCCIO8                                         ; power  ;                       ; 2.5V    ; --         ;                 ; --       ; --           ;
; F12      ;            ; 7        ; VCCIO7                                         ; power  ;                       ; 2.5V    ; --         ;                 ; --       ; --           ;
; F13      ;            ;          ; GND                                            ; gnd    ;                       ;         ; --         ;                 ; --       ; --           ;
; F14      ;            ; 7        ; VCCIO7                                         ; power  ;                       ; 2.5V    ; --         ;                 ; --       ; --           ;
; F15      ; 398        ; 7        ; RESERVED_INPUT_WITH_WEAK_PULLUP                ;        ;                       ;         ; Column I/O ;                 ; no       ; On           ;
; F16      ; 396        ; 7        ; RESERVED_INPUT_WITH_WEAK_PULLUP                ;        ;                       ;         ; Column I/O ;                 ; no       ; On           ;
; F17      ; 364        ; 6        ; RESERVED_INPUT_WITH_WEAK_PULLUP                ;        ;                       ;         ; Row I/O    ;                 ; no       ; On           ;
; F18      ; 354        ; 6        ; RESERVED_INPUT_WITH_WEAK_PULLUP                ;        ;                       ;         ; Row I/O    ;                 ; no       ; On           ;
; F19      ; 353        ; 6        ; RESERVED_INPUT_WITH_WEAK_PULLUP                ;        ;                       ;         ; Row I/O    ;                 ; no       ; On           ;
; F20      ; 342        ; 6        ; RESERVED_INPUT_WITH_WEAK_PULLUP                ;        ;                       ;         ; Row I/O    ;                 ; no       ; On           ;
; F21      ; 340        ; 6        ; RESERVED_INPUT_WITH_WEAK_PULLUP                ;        ;                       ;         ; Row I/O    ;                 ; no       ; On           ;
; F22      ; 331        ; 6        ; RESERVED_INPUT_WITH_WEAK_PULLUP                ;        ;                       ;         ; Row I/O    ;                 ; no       ; On           ;
; G1       ; 45         ; 1B       ; RESERVED_INPUT_WITH_WEAK_PULLUP                ;        ;                       ;         ; Row I/O    ;                 ; no       ; On           ;
; G2       ; 34         ; 1B       ; ~ALTERA_TCK~ / RESERVED_INPUT                  ; input  ; 2.5 V Schmitt Trigger ;         ; Row I/O    ; N               ; no       ; Off          ;
; G3       ; 11         ; 1A       ; RESERVED_INPUT_WITH_WEAK_PULLUP                ;        ;                       ;         ; Row I/O    ;                 ; no       ; On           ;
; G4       ; 5          ; 1A       ; RESERVED_INPUT_WITH_WEAK_PULLUP                ;        ;                       ;         ; Row I/O    ;                 ; no       ; On           ;
; G5       ;            ;          ; ANAIN1                                         ;        ;                       ;         ; --         ;                 ; --       ; --           ;
; G6       ;            ;          ; GND                                            ; gnd    ;                       ;         ; --         ;                 ; --       ; --           ;
; G7       ;            ;          ; VCCD_PLL3                                      ; power  ;                       ; 1.2V    ; --         ;                 ; --       ; --           ;
; G8       ;            ;          ; GND                                            ; gnd    ;                       ;         ; --         ;                 ; --       ; --           ;
; G9       ; 492        ; 8        ; ~ALTERA_nSTATUS~ / RESERVED_INPUT              ; input  ; 2.5 V Schmitt Trigger ;         ; Column I/O ; N               ; no       ; Off          ;
; G10      ;            ; 8        ; VCCIO8                                         ; power  ;                       ; 2.5V    ; --         ;                 ; --       ; --           ;
; G11      ;            ; 8        ; VCCIO8                                         ; power  ;                       ; 2.5V    ; --         ;                 ; --       ; --           ;
; G12      ;            ; 7        ; VCCIO7                                         ; power  ;                       ; 2.5V    ; --         ;                 ; --       ; --           ;
; G13      ;            ; 7        ; VCCIO7                                         ; power  ;                       ; 2.5V    ; --         ;                 ; --       ; --           ;
; G14      ;            ; 7        ; VCCIO7                                         ; power  ;                       ; 2.5V    ; --         ;                 ; --       ; --           ;
; G15      ;            ;          ; GND                                            ; gnd    ;                       ;         ; --         ;                 ; --       ; --           ;
; G16      ;            ;          ; VCCD_PLL2                                      ; power  ;                       ; 1.2V    ; --         ;                 ; --       ; --           ;
; G17      ; 386        ; 6        ; RESERVED_INPUT_WITH_WEAK_PULLUP                ;        ;                       ;         ; Row I/O    ;                 ; no       ; On           ;
; G18      ;            ;          ; GND                                            ; gnd    ;                       ;         ; --         ;                 ; --       ; --           ;
; G19      ; 330        ; 6        ; RESERVED_INPUT_WITH_WEAK_PULLUP                ;        ;                       ;         ; Row I/O    ;                 ; no       ; On           ;
; G20      ; 328        ; 6        ; RESERVED_INPUT_WITH_WEAK_PULLUP                ;        ;                       ;         ; Row I/O    ;                 ; no       ; On           ;
; G21      ;            ;          ; GND                                            ; gnd    ;                       ;         ; --         ;                 ; --       ; --           ;
; G22      ; 329        ; 6        ; RESERVED_INPUT_WITH_WEAK_PULLUP                ;        ;                       ;         ; Row I/O    ;                 ; no       ; On           ;
; H1       ; 44         ; 1B       ; RESERVED_INPUT_WITH_WEAK_PULLUP                ;        ;                       ;         ; Row I/O    ;                 ; no       ; On           ;
; H2       ; 32         ; 1B       ; ~ALTERA_TMS~ / RESERVED_INPUT_WITH_WEAK_PULLUP ; input  ; 2.5 V Schmitt Trigger ;         ; Row I/O    ; N               ; no       ; On           ;
; H3       ; 10         ; 1A       ; RESERVED_INPUT_WITH_WEAK_PULLUP                ;        ;                       ;         ; Row I/O    ;                 ; no       ; On           ;
; H4       ; 9          ; 1A       ; RESERVED_INPUT_WITH_WEAK_PULLUP                ;        ;                       ;         ; Row I/O    ;                 ; no       ; On           ;
; H5       ;            ;          ; REFGND                                         ;        ;                       ;         ; --         ;                 ; --       ; --           ;
; H6       ;            ;          ; ADC_VREF                                       ;        ;                       ;         ; --         ;                 ; --       ; --           ;
; H7       ;            ; --       ; VCCA_ADC                                       ; power  ;                       ; 2.5V    ; --         ;                 ; --       ; --           ;
; H8       ;            ; --       ; VCCA3                                          ; power  ;                       ; 2.5V    ; --         ;                 ; --       ; --           ;
; H9       ; 482        ; 8        ; ~ALTERA_nCONFIG~ / RESERVED_INPUT              ; input  ; 2.5 V Schmitt Trigger ;         ; Column I/O ; N               ; no       ; Off          ;
; H10      ; 480        ; 8        ; ~ALTERA_CONFIG_SEL~ / RESERVED_INPUT           ; input  ; 2.5 V                 ;         ; Column I/O ; N               ; no       ; Off          ;
; H11      ; 470        ; 8        ; RESERVED_INPUT_WITH_WEAK_PULLUP                ;        ;                       ;         ; Column I/O ;                 ; no       ; On           ;
; H12      ; 444        ; 7        ; RESERVED_INPUT_WITH_WEAK_PULLUP                ;        ;                       ;         ; Column I/O ;                 ; no       ; On           ;
; H13      ; 432        ; 7        ; RESERVED_INPUT_WITH_WEAK_PULLUP                ;        ;                       ;         ; Column I/O ;                 ; no       ; On           ;
; H14      ; 420        ; 7        ; RESERVED_INPUT_WITH_WEAK_PULLUP                ;        ;                       ;         ; Column I/O ;                 ; no       ; On           ;
; H15      ;            ; --       ; VCCA2                                          ; power  ;                       ; 2.5V    ; --         ;                 ; --       ; --           ;
; H16      ;            ; 6        ; VCCIO6                                         ; power  ;                       ; 2.5V    ; --         ;                 ; --       ; --           ;
; H17      ; 384        ; 6        ; RESERVED_INPUT_WITH_WEAK_PULLUP                ;        ;                       ;         ; Row I/O    ;                 ; no       ; On           ;
; H18      ; 374        ; 6        ; RESERVED_INPUT_WITH_WEAK_PULLUP                ;        ;                       ;         ; Row I/O    ;                 ; no       ; On           ;
; H19      ; 372        ; 6        ; RESERVED_INPUT_WITH_WEAK_PULLUP                ;        ;                       ;         ; Row I/O    ;                 ; no       ; On           ;
; H20      ; 375        ; 6        ; RESERVED_INPUT_WITH_WEAK_PULLUP                ;        ;                       ;         ; Row I/O    ;                 ; no       ; On           ;
; H21      ; 323        ; 6        ; RESERVED_INPUT_WITH_WEAK_PULLUP                ;        ;                       ;         ; Row I/O    ;                 ; no       ; On           ;
; H22      ; 321        ; 6        ; RESERVED_INPUT_WITH_WEAK_PULLUP                ;        ;                       ;         ; Row I/O    ;                 ; no       ; On           ;
; J1       ; 46         ; 1B       ; SW[9]                                          ; input  ; 2.5 V                 ;         ; Row I/O    ; N               ; no       ; Off          ;
; J2       ;            ;          ; GND                                            ; gnd    ;                       ;         ; --         ;                 ; --       ; --           ;
; J3       ; 15         ; 1A       ; RESERVED_INPUT_WITH_WEAK_PULLUP                ;        ;                       ;         ; Row I/O    ;                 ; no       ; On           ;
; J4       ; 8          ; 1A       ; RESERVED_INPUT_WITH_WEAK_PULLUP                ;        ;                       ;         ; Row I/O    ;                 ; no       ; On           ;
; J5       ;            ;          ; ANAIN2                                         ;        ;                       ;         ; --         ;                 ; --       ; --           ;
; J6       ;            ;          ; GND                                            ; gnd    ;                       ;         ; --         ;                 ; --       ; --           ;
; J7       ;            ;          ; VCCINT                                         ; power  ;                       ; 1.2V    ; --         ;                 ; --       ; --           ;
; J8       ; 4          ; 1A       ; RESERVED_INPUT_WITH_WEAK_PULLUP                ;        ;                       ;         ; Row I/O    ;                 ; no       ; On           ;
; J9       ; 6          ; 1A       ; RESERVED_INPUT_WITH_WEAK_PULLUP                ;        ;                       ;         ; Row I/O    ;                 ; no       ; On           ;
; J10      ; 468        ; 8        ; UART_RX                                        ; input  ; 2.5 V                 ;         ; Column I/O ; N               ; no       ; Off          ;
; J11      ; 446        ; 7        ; RESERVED_INPUT_WITH_WEAK_PULLUP                ;        ;                       ;         ; Column I/O ;                 ; no       ; On           ;
; J12      ; 434        ; 7        ; RESERVED_INPUT_WITH_WEAK_PULLUP                ;        ;                       ;         ; Column I/O ;                 ; no       ; On           ;
; J13      ; 422        ; 7        ; RESERVED_INPUT_WITH_WEAK_PULLUP                ;        ;                       ;         ; Column I/O ;                 ; no       ; On           ;
; J14      ; 368        ; 6        ; RESERVED_INPUT_WITH_WEAK_PULLUP                ;        ;                       ;         ; Row I/O    ;                 ; no       ; On           ;
; J15      ; 370        ; 6        ; RESERVED_INPUT_WITH_WEAK_PULLUP                ;        ;                       ;         ; Row I/O    ;                 ; no       ; On           ;
; J16      ;            ;          ; GND                                            ; gnd    ;                       ;         ; --         ;                 ; --       ; --           ;
; J17      ;            ; 6        ; VCCIO6                                         ; power  ;                       ; 2.5V    ; --         ;                 ; --       ; --           ;
; J18      ; 362        ; 6        ; RESERVED_INPUT_WITH_WEAK_PULLUP                ;        ;                       ;         ; Row I/O    ;                 ; no       ; On           ;
; J19      ;            ;          ; GND                                            ; gnd    ;                       ;         ; --         ;                 ; --       ; --           ;
; J20      ; 373        ; 6        ; RESERVED_INPUT_WITH_WEAK_PULLUP                ;        ;                       ;         ; Row I/O    ;                 ; no       ; On           ;
; J21      ; 327        ; 6        ; SW[3]                                          ; input  ; 2.5 V                 ;         ; Row I/O    ; N               ; no       ; Off          ;
; J22      ; 325        ; 6        ; RESERVED_INPUT_WITH_WEAK_PULLUP                ;        ;                       ;         ; Row I/O    ;                 ; no       ; On           ;
; K1       ; 49         ; 1B       ; RESERVED_INPUT_WITH_WEAK_PULLUP                ;        ;                       ;         ; Row I/O    ;                 ; no       ; On           ;
; K2       ; 37         ; 1B       ; RESERVED_INPUT_WITH_WEAK_PULLUP                ;        ;                       ;         ; Row I/O    ;                 ; no       ; On           ;
; K3       ;            ;          ; GND                                            ; gnd    ;                       ;         ; --         ;                 ; --       ; --           ;
; K4       ; 13         ; 1A       ; RESERVED_INPUT_WITH_WEAK_PULLUP                ;        ;                       ;         ; Row I/O    ;                 ; no       ; On           ;
; K5       ; 12         ; 1A       ; RESERVED_INPUT_WITH_WEAK_PULLUP                ;        ;                       ;         ; Row I/O    ;                 ; no       ; On           ;
; K6       ; 14         ; 1A       ; RESERVED_INPUT_WITH_WEAK_PULLUP                ;        ;                       ;         ; Row I/O    ;                 ; no       ; On           ;
; K7       ;            ; 1A       ; VCCIO1A                                        ; power  ;                       ; 2.5V    ; --         ;                 ; --       ; --           ;
; K8       ; 28         ; 1B       ; RESERVED_INPUT_WITH_WEAK_PULLUP                ;        ;                       ;         ; Row I/O    ;                 ; no       ; On           ;
; K9       ; 30         ; 1B       ; RESERVED_INPUT_WITH_WEAK_PULLUP                ;        ;                       ;         ; Row I/O    ;                 ; no       ; On           ;
; K10      ;            ;          ; GND                                            ; gnd    ;                       ;         ; --         ;                 ; --       ; --           ;
; K11      ;            ; --       ; VCC                                            ; power  ;                       ; 1.2V    ; --         ;                 ; --       ; --           ;
; K12      ;            ;          ; GND                                            ; gnd    ;                       ;         ; --         ;                 ; --       ; --           ;
; K13      ;            ; --       ; VCC                                            ; power  ;                       ; 1.2V    ; --         ;                 ; --       ; --           ;
; K14      ; 356        ; 6        ; RESERVED_INPUT_WITH_WEAK_PULLUP                ;        ;                       ;         ; Row I/O    ;                 ; no       ; On           ;
; K15      ; 358        ; 6        ; RESERVED_INPUT_WITH_WEAK_PULLUP                ;        ;                       ;         ; Row I/O    ;                 ; no       ; On           ;
; K16      ;            ; 6        ; VCCIO6                                         ; power  ;                       ; 2.5V    ; --         ;                 ; --       ; --           ;
; K17      ;            ; 6        ; VCCIO6                                         ; power  ;                       ; 2.5V    ; --         ;                 ; --       ; --           ;
; K18      ; 360        ; 6        ; RESERVED_INPUT_WITH_WEAK_PULLUP                ;        ;                       ;         ; Row I/O    ;                 ; no       ; On           ;
; K19      ; 361        ; 6        ; RESERVED_INPUT_WITH_WEAK_PULLUP                ;        ;                       ;         ; Row I/O    ;                 ; no       ; On           ;
; K20      ; 363        ; 6        ; RESERVED_INPUT_WITH_WEAK_PULLUP                ;        ;                       ;         ; Row I/O    ;                 ; no       ; On           ;
; K21      ; 326        ; 6        ; RESERVED_INPUT_WITH_WEAK_PULLUP                ;        ;                       ;         ; Row I/O    ;                 ; no       ; On           ;
; K22      ; 324        ; 6        ; RESERVED_INPUT_WITH_WEAK_PULLUP                ;        ;                       ;         ; Row I/O    ;                 ; no       ; On           ;
; L1       ; 51         ; 1B       ; RESERVED_INPUT_WITH_WEAK_PULLUP                ;        ;                       ;         ; Row I/O    ;                 ; no       ; On           ;
; L2       ; 39         ; 1B       ; RESERVED_INPUT_WITH_WEAK_PULLUP                ;        ;                       ;         ; Row I/O    ;                 ; no       ; On           ;
; L3       ;            ;          ; DNU                                            ;        ;                       ;         ; --         ;                 ; --       ; --           ;
; L4       ; 36         ; 1B       ; ~ALTERA_TDI~ / RESERVED_INPUT_WITH_WEAK_PULLUP ; input  ; 2.5 V Schmitt Trigger ;         ; Row I/O    ; N               ; no       ; On           ;
; L5       ;            ;          ; GND                                            ; gnd    ;                       ;         ; --         ;                 ; --       ; --           ;
; L6       ;            ; 1A       ; VCCIO1A                                        ; power  ;                       ; 2.5V    ; --         ;                 ; --       ; --           ;
; L7       ;            ; 1B       ; VCCIO1B                                        ; power  ;                       ; 2.5V    ; --         ;                 ; --       ; --           ;
; L8       ; 40         ; 1B       ; RESERVED_INPUT_WITH_WEAK_PULLUP                ;        ;                       ;         ; Row I/O    ;                 ; no       ; On           ;
; L9       ; 42         ; 1B       ; RESERVED_INPUT_WITH_WEAK_PULLUP                ;        ;                       ;         ; Row I/O    ;                 ; no       ; On           ;
; L10      ;            ; --       ; VCC                                            ; power  ;                       ; 1.2V    ; --         ;                 ; --       ; --           ;
; L11      ;            ; --       ; VCC                                            ; power  ;                       ; 1.2V    ; --         ;                 ; --       ; --           ;
; L12      ;            ; --       ; VCC                                            ; power  ;                       ; 1.2V    ; --         ;                 ; --       ; --           ;
; L13      ;            ;          ; GND                                            ; gnd    ;                       ;         ; --         ;                 ; --       ; --           ;
; L14      ; 344        ; 6        ; RESERVED_INPUT_WITH_WEAK_PULLUP                ;        ;                       ;         ; Row I/O    ;                 ; no       ; On           ;
; L15      ; 346        ; 6        ; RESERVED_INPUT_WITH_WEAK_PULLUP                ;        ;                       ;         ; Row I/O    ;                 ; no       ; On           ;
; L16      ;            ; 6        ; VCCIO6                                         ; power  ;                       ; 2.5V    ; --         ;                 ; --       ; --           ;
; L17      ;            ;          ; GND                                            ; gnd    ;                       ;         ; --         ;                 ; --       ; --           ;
; L18      ; 350        ; 6        ; RESERVED_INPUT_WITH_WEAK_PULLUP                ;        ;                       ;         ; Row I/O    ;                 ; no       ; On           ;
; L19      ; 349        ; 6        ; RESERVED_INPUT_WITH_WEAK_PULLUP                ;        ;                       ;         ; Row I/O    ;                 ; no       ; On           ;
; L20      ; 351        ; 6        ; RESERVED_INPUT_WITH_WEAK_PULLUP                ;        ;                       ;         ; Row I/O    ;                 ; no       ; On           ;
; L21      ;            ;          ; GND                                            ; gnd    ;                       ;         ; --         ;                 ; --       ; --           ;
; L22      ; 314        ; 5        ; RESERVED_INPUT_WITH_WEAK_PULLUP                ;        ;                       ;         ; Row I/O    ;                 ; no       ; On           ;
; M1       ; 79         ; 2        ; RESERVED_INPUT_WITH_WEAK_PULLUP                ;        ;                       ;         ; Row I/O    ;                 ; no       ; On           ;
; M2       ; 77         ; 2        ; RESERVED_INPUT_WITH_WEAK_PULLUP                ;        ;                       ;         ; Row I/O    ;                 ; --       ; --           ;
; M3       ; 50         ; 1B       ; RESERVED_INPUT_WITH_WEAK_PULLUP                ;        ;                       ;         ; Row I/O    ;                 ; no       ; On           ;
; M4       ; 48         ; 1B       ; RESERVED_INPUT_WITH_WEAK_PULLUP                ;        ;                       ;         ; Row I/O    ;                 ; no       ; On           ;
; M5       ; 38         ; 1B       ; ~ALTERA_TDO~                                   ; output ; 2.5 V                 ;         ; Row I/O    ; N               ; no       ; Off          ;
; M6       ;            ; 1B       ; VCCIO1B                                        ; power  ;                       ; 2.5V    ; --         ;                 ; --       ; --           ;
; M7       ;            ;          ; GND                                            ; gnd    ;                       ;         ; --         ;                 ; --       ; --           ;
; M8       ; 72         ; 2        ; RESERVED_INPUT_WITH_WEAK_PULLUP                ;        ;                       ;         ; Row I/O    ;                 ; no       ; On           ;
; M9       ; 74         ; 2        ; RESERVED_INPUT_WITH_WEAK_PULLUP                ;        ;                       ;         ; Row I/O    ;                 ; no       ; On           ;
; M10      ;            ;          ; GND                                            ; gnd    ;                       ;         ; --         ;                 ; --       ; --           ;
; M11      ;            ; --       ; VCC                                            ; power  ;                       ; 1.2V    ; --         ;                 ; --       ; --           ;
; M12      ;            ; --       ; VCC                                            ; power  ;                       ; 1.2V    ; --         ;                 ; --       ; --           ;
; M13      ;            ; --       ; VCC                                            ; power  ;                       ; 1.2V    ; --         ;                 ; --       ; --           ;
; M14      ; 334        ; 6        ; RESERVED_INPUT_WITH_WEAK_PULLUP                ;        ;                       ;         ; Row I/O    ;                 ; no       ; On           ;
; M15      ; 332        ; 6        ; RESERVED_INPUT_WITH_WEAK_PULLUP                ;        ;                       ;         ; Row I/O    ;                 ; no       ; On           ;
; M16      ;            ;          ; GND                                            ; gnd    ;                       ;         ; --         ;                 ; --       ; --           ;
; M17      ;            ; 6        ; VCCIO6                                         ; power  ;                       ; 2.5V    ; --         ;                 ; --       ; --           ;
; M18      ; 348        ; 6        ; RESERVED_INPUT_WITH_WEAK_PULLUP                ;        ;                       ;         ; Row I/O    ;                 ; no       ; On           ;
; M19      ;            ;          ; GND                                            ; gnd    ;                       ;         ; --         ;                 ; --       ; --           ;
; M20      ; 337        ; 6        ; RESERVED_INPUT_WITH_WEAK_PULLUP                ;        ;                       ;         ; Row I/O    ;                 ; no       ; On           ;
; M21      ; 312        ; 5        ; RESERVED_INPUT_WITH_WEAK_PULLUP                ;        ;                       ;         ; Row I/O    ;                 ; no       ; On           ;
; M22      ; 315        ; 5        ; RESERVED_INPUT_WITH_WEAK_PULLUP                ;        ;                       ;         ; Row I/O    ;                 ; no       ; On           ;
; N1       ; 87         ; 2        ; RESERVED_INPUT_WITH_WEAK_PULLUP                ;        ;                       ;         ; Row I/O    ;                 ; no       ; On           ;
; N2       ; 75         ; 2        ; RESERVED_INPUT_WITH_WEAK_PULLUP                ;        ;                       ;         ; Row I/O    ;                 ; no       ; On           ;
; N3       ; 73         ; 2        ; RESERVED_INPUT_WITH_WEAK_PULLUP                ;        ;                       ;         ; Row I/O    ;                 ; no       ; On           ;
; N4       ; 56         ; 2        ; RESERVED_INPUT_WITH_WEAK_PULLUP                ;        ;                       ;         ; Row I/O    ;                 ; no       ; On           ;
; N5       ; 58         ; 2        ; RESERVED_INPUT_WITH_WEAK_PULLUP                ;        ;                       ;         ; Row I/O    ;                 ; no       ; On           ;
; N6       ;            ; 2        ; VCCIO2                                         ; power  ;                       ; 2.5V    ; --         ;                 ; --       ; --           ;
; N7       ;            ; 2        ; VCCIO2                                         ; power  ;                       ; 2.5V    ; --         ;                 ; --       ; --           ;
; N8       ; 84         ; 2        ; RESERVED_INPUT_WITH_WEAK_PULLUP                ;        ;                       ;         ; Row I/O    ;                 ; no       ; On           ;
; N9       ; 86         ; 2        ; RESERVED_INPUT_WITH_WEAK_PULLUP                ;        ;                       ;         ; Row I/O    ;                 ; no       ; On           ;
; N10      ;            ; --       ; VCC                                            ; power  ;                       ; 1.2V    ; --         ;                 ; --       ; --           ;
; N11      ;            ;          ; GND                                            ; gnd    ;                       ;         ; --         ;                 ; --       ; --           ;
; N12      ;            ; --       ; VCC                                            ; power  ;                       ; 1.2V    ; --         ;                 ; --       ; --           ;
; N13      ;            ;          ; GND                                            ; gnd    ;                       ;         ; --         ;                 ; --       ; --           ;
; N14      ; 320        ; 6        ; RESERVED_INPUT_WITH_WEAK_PULLUP                ;        ;                       ;         ; Row I/O    ;                 ; no       ; On           ;
; N15      ; 322        ; 6        ; RESERVED_INPUT_WITH_WEAK_PULLUP                ;        ;                       ;         ; Row I/O    ;                 ; no       ; On           ;
; N16      ;            ; 5        ; VCCIO5                                         ; power  ;                       ; 2.5V    ; --         ;                 ; --       ; --           ;
; N17      ;            ; 6        ; VCCIO6                                         ; power  ;                       ; 2.5V    ; --         ;                 ; --       ; --           ;
; N18      ; 336        ; 6        ; RESERVED_INPUT_WITH_WEAK_PULLUP                ;        ;                       ;         ; Row I/O    ;                 ; no       ; On           ;
; N19      ; 338        ; 6        ; RESERVED_INPUT_WITH_WEAK_PULLUP                ;        ;                       ;         ; Row I/O    ;                 ; no       ; On           ;
; N20      ; 339        ; 6        ; RESERVED_INPUT_WITH_WEAK_PULLUP                ;        ;                       ;         ; Row I/O    ;                 ; no       ; On           ;
; N21      ; 313        ; 5        ; RESERVED_INPUT_WITH_WEAK_PULLUP                ;        ;                       ;         ; Row I/O    ;                 ; no       ; On           ;
; N22      ; 307        ; 5        ; RESERVED_INPUT_WITH_WEAK_PULLUP                ;        ;                       ;         ; Row I/O    ;                 ; no       ; On           ;
; P1       ; 85         ; 2        ; RESERVED_INPUT_WITH_WEAK_PULLUP                ;        ;                       ;         ; Row I/O    ;                 ; no       ; On           ;
; P2       ;            ;          ; GND                                            ; gnd    ;                       ;         ; --         ;                 ; --       ; --           ;
; P3       ; 76         ; 2        ; RESERVED_INPUT_WITH_WEAK_PULLUP                ;        ;                       ;         ; Row I/O    ;                 ; no       ; On           ;
; P4       ; 57         ; 2        ; RESERVED_INPUT_WITH_WEAK_PULLUP                ;        ;                       ;         ; Row I/O    ;                 ; no       ; On           ;
; P5       ; 59         ; 2        ; RESERVED_INPUT_WITH_WEAK_PULLUP                ;        ;                       ;         ; Row I/O    ;                 ; no       ; On           ;
; P6       ;            ;          ; GND                                            ; gnd    ;                       ;         ; --         ;                 ; --       ; --           ;
; P7       ;            ; 2        ; VCCIO2                                         ; power  ;                       ; 2.5V    ; --         ;                 ; --       ; --           ;
; P8       ; 96         ; 2        ; RESERVED_INPUT_WITH_WEAK_PULLUP                ;        ;                       ;         ; Row I/O    ;                 ; no       ; On           ;
; P9       ; 142        ; 3        ; RESERVED_INPUT_WITH_WEAK_PULLUP                ;        ;                       ;         ; Column I/O ;                 ; no       ; On           ;
; P10      ; 154        ; 3        ; RESERVED_INPUT_WITH_WEAK_PULLUP                ;        ;                       ;         ; Column I/O ;                 ; no       ; On           ;
; P11      ; 166        ; 3        ; MAX10_CLK1_50                                  ; input  ; 2.5 V                 ;         ; Column I/O ; Y               ; no       ; Off          ;
; P12      ; 178        ; 4        ; RESERVED_INPUT_WITH_WEAK_PULLUP                ;        ;                       ;         ; Column I/O ;                 ; no       ; On           ;
; P13      ; 198        ; 4        ; RESERVED_INPUT_WITH_WEAK_PULLUP                ;        ;                       ;         ; Column I/O ;                 ; no       ; On           ;
; P14      ; 306        ; 5        ; RESERVED_INPUT_WITH_WEAK_PULLUP                ;        ;                       ;         ; Row I/O    ;                 ; no       ; On           ;
; P15      ; 304        ; 5        ; RESERVED_INPUT_WITH_WEAK_PULLUP                ;        ;                       ;         ; Row I/O    ;                 ; no       ; On           ;
; P16      ;            ; 5        ; VCCIO5                                         ; power  ;                       ; 2.5V    ; --         ;                 ; --       ; --           ;
; P17      ;            ;          ; GND                                            ; gnd    ;                       ;         ; --         ;                 ; --       ; --           ;
; P18      ; 310        ; 5        ; RESERVED_INPUT_WITH_WEAK_PULLUP                ;        ;                       ;         ; Row I/O    ;                 ; no       ; On           ;
; P19      ; 309        ; 5        ; RESERVED_INPUT_WITH_WEAK_PULLUP                ;        ;                       ;         ; Row I/O    ;                 ; no       ; On           ;
; P20      ; 311        ; 5        ; RESERVED_INPUT_WITH_WEAK_PULLUP                ;        ;                       ;         ; Row I/O    ;                 ; no       ; On           ;
; P21      ; 305        ; 5        ; RESERVED_INPUT_WITH_WEAK_PULLUP                ;        ;                       ;         ; Row I/O    ;                 ; no       ; On           ;
; P22      ; 303        ; 5        ; SW[8]                                          ; input  ; 2.5 V                 ;         ; Row I/O    ; N               ; no       ; Off          ;
; R1       ; 121        ; 2        ; RESERVED_INPUT_WITH_WEAK_PULLUP                ;        ;                       ;         ; Row I/O    ;                 ; no       ; On           ;
; R2       ; 123        ; 2        ; RESERVED_INPUT_WITH_WEAK_PULLUP                ;        ;                       ;         ; Row I/O    ;                 ; no       ; On           ;
; R3       ; 78         ; 2        ; RESERVED_INPUT_WITH_WEAK_PULLUP                ;        ;                       ;         ; Row I/O    ;                 ; no       ; On           ;
; R4       ; 80         ; 2        ; RESERVED_INPUT_WITH_WEAK_PULLUP                ;        ;                       ;         ; Row I/O    ;                 ; no       ; On           ;
; R5       ; 82         ; 2        ; RESERVED_INPUT_WITH_WEAK_PULLUP                ;        ;                       ;         ; Row I/O    ;                 ; no       ; On           ;
; R6       ;            ; 2        ; VCCIO2                                         ; power  ;                       ; 2.5V    ; --         ;                 ; --       ; --           ;
; R7       ; 98         ; 2        ; RESERVED_INPUT_WITH_WEAK_PULLUP                ;        ;                       ;         ; Row I/O    ;                 ; no       ; On           ;
; R8       ;            ; --       ; VCCA1                                          ; power  ;                       ; 2.5V    ; --         ;                 ; --       ; --           ;
; R9       ; 140        ; 3        ; RESERVED_INPUT_WITH_WEAK_PULLUP                ;        ;                       ;         ; Column I/O ;                 ; no       ; On           ;
; R10      ; 152        ; 3        ; RESERVED_INPUT_WITH_WEAK_PULLUP                ;        ;                       ;         ; Column I/O ;                 ; no       ; On           ;
; R11      ; 164        ; 3        ; RESERVED_INPUT_WITH_WEAK_PULLUP                ;        ;                       ;         ; Column I/O ;                 ; no       ; On           ;
; R12      ; 176        ; 4        ; RESERVED_INPUT_WITH_WEAK_PULLUP                ;        ;                       ;         ; Column I/O ;                 ; no       ; On           ;
; R13      ; 196        ; 4        ; RESERVED_INPUT_WITH_WEAK_PULLUP                ;        ;                       ;         ; Column I/O ;                 ; no       ; On           ;
; R14      ; 294        ; 5        ; RESERVED_INPUT_WITH_WEAK_PULLUP                ;        ;                       ;         ; Row I/O    ;                 ; no       ; On           ;
; R15      ; 292        ; 5        ; RESERVED_INPUT_WITH_WEAK_PULLUP                ;        ;                       ;         ; Row I/O    ;                 ; no       ; On           ;
; R16      ;            ; 5        ; VCCIO5                                         ; power  ;                       ; 2.5V    ; --         ;                 ; --       ; --           ;
; R17      ;            ; 5        ; VCCIO5                                         ; power  ;                       ; 2.5V    ; --         ;                 ; --       ; --           ;
; R18      ; 308        ; 5        ; RESERVED_INPUT_WITH_WEAK_PULLUP                ;        ;                       ;         ; Row I/O    ;                 ; no       ; On           ;
; R19      ;            ;          ; GND                                            ; gnd    ;                       ;         ; --         ;                 ; --       ; --           ;
; R20      ; 299        ; 5        ; RESERVED_INPUT_WITH_WEAK_PULLUP                ;        ;                       ;         ; Row I/O    ;                 ; no       ; On           ;
; R21      ;            ;          ; GND                                            ; gnd    ;                       ;         ; --         ;                 ; --       ; --           ;
; R22      ; 301        ; 5        ; SW[1]                                          ; input  ; 2.5 V                 ;         ; Row I/O    ; N               ; no       ; Off          ;
; T1       ; 81         ; 2        ; RESERVED_INPUT_WITH_WEAK_PULLUP                ;        ;                       ;         ; Row I/O    ;                 ; no       ; On           ;
; T2       ; 83         ; 2        ; RESERVED_INPUT_WITH_WEAK_PULLUP                ;        ;                       ;         ; Row I/O    ;                 ; no       ; On           ;
; T3       ; 88         ; 2        ; RESERVED_INPUT_WITH_WEAK_PULLUP                ;        ;                       ;         ; Row I/O    ;                 ; no       ; On           ;
; T4       ;            ;          ; GND                                            ; gnd    ;                       ;         ; --         ;                 ; --       ; --           ;
; T5       ; 120        ; 2        ; RESERVED_INPUT_WITH_WEAK_PULLUP                ;        ;                       ;         ; Row I/O    ;                 ; no       ; On           ;
; T6       ; 122        ; 2        ; RESERVED_INPUT_WITH_WEAK_PULLUP                ;        ;                       ;         ; Row I/O    ;                 ; no       ; On           ;
; T7       ;            ;          ; VCCD_PLL1                                      ; power  ;                       ; 1.2V    ; --         ;                 ; --       ; --           ;
; T8       ;            ;          ; GND                                            ; gnd    ;                       ;         ; --         ;                 ; --       ; --           ;
; T9       ;            ; 3        ; VCCIO3                                         ; power  ;                       ; 2.5V    ; --         ;                 ; --       ; --           ;
; T10      ;            ; 3        ; VCCIO3                                         ; power  ;                       ; 2.5V    ; --         ;                 ; --       ; --           ;
; T11      ;            ; 3        ; VCCIO3                                         ; power  ;                       ; 2.5V    ; --         ;                 ; --       ; --           ;
; T12      ;            ; 4        ; VCCIO4                                         ; power  ;                       ; 2.5V    ; --         ;                 ; --       ; --           ;
; T13      ;            ; 4        ; VCCIO4                                         ; power  ;                       ; 2.5V    ; --         ;                 ; --       ; --           ;
; T14      ;            ;          ; GND                                            ; gnd    ;                       ;         ; --         ;                 ; --       ; --           ;
; T15      ;            ; --       ; VCCA4                                          ; power  ;                       ; 2.5V    ; --         ;                 ; --       ; --           ;
; T16      ;            ;          ; GND                                            ; gnd    ;                       ;         ; --         ;                 ; --       ; --           ;
; T17      ;            ; 5        ; VCCIO5                                         ; power  ;                       ; 2.5V    ; --         ;                 ; --       ; --           ;
; T18      ; 298        ; 5        ; RESERVED_INPUT_WITH_WEAK_PULLUP                ;        ;                       ;         ; Row I/O    ;                 ; no       ; On           ;
; T19      ; 296        ; 5        ; RESERVED_INPUT_WITH_WEAK_PULLUP                ;        ;                       ;         ; Row I/O    ;                 ; no       ; On           ;
; T20      ; 297        ; 5        ; RESERVED_INPUT_WITH_WEAK_PULLUP                ;        ;                       ;         ; Row I/O    ;                 ; no       ; On           ;
; T21      ; 293        ; 5        ; RESERVED_INPUT_WITH_WEAK_PULLUP                ;        ;                       ;         ; Row I/O    ;                 ; no       ; On           ;
; T22      ; 295        ; 5        ; RESERVED_INPUT_WITH_WEAK_PULLUP                ;        ;                       ;         ; Row I/O    ;                 ; no       ; On           ;
; U1       ; 89         ; 2        ; RESERVED_INPUT_WITH_WEAK_PULLUP                ;        ;                       ;         ; Row I/O    ;                 ; no       ; On           ;
; U2       ; 90         ; 2        ; RESERVED_INPUT_WITH_WEAK_PULLUP                ;        ;                       ;         ; Row I/O    ;                 ; no       ; On           ;
; U3       ; 93         ; 2        ; RESERVED_INPUT_WITH_WEAK_PULLUP                ;        ;                       ;         ; Row I/O    ;                 ; no       ; On           ;
; U4       ; 92         ; 2        ; RESERVED_INPUT_WITH_WEAK_PULLUP                ;        ;                       ;         ; Row I/O    ;                 ; no       ; On           ;
; U5       ; 94         ; 2        ; RESERVED_INPUT_WITH_WEAK_PULLUP                ;        ;                       ;         ; Row I/O    ;                 ; no       ; On           ;
; U6       ; 128        ; 3        ; RESERVED_INPUT_WITH_WEAK_PULLUP                ;        ;                       ;         ; Column I/O ;                 ; no       ; On           ;
; U7       ; 130        ; 3        ; RESERVED_INPUT_WITH_WEAK_PULLUP                ;        ;                       ;         ; Column I/O ;                 ; no       ; On           ;
; U8       ;            ; 3        ; VCCIO3                                         ; power  ;                       ; 2.5V    ; --         ;                 ; --       ; --           ;
; U9       ;            ; 3        ; VCCIO3                                         ; power  ;                       ; 2.5V    ; --         ;                 ; --       ; --           ;
; U10      ;            ;          ; GND                                            ; gnd    ;                       ;         ; --         ;                 ; --       ; --           ;
; U11      ;            ; 4        ; VCCIO4                                         ; power  ;                       ; 2.5V    ; --         ;                 ; --       ; --           ;
; U12      ;            ; 4        ; VCCIO4                                         ; power  ;                       ; 2.5V    ; --         ;                 ; --       ; --           ;
; U13      ;            ;          ; GND                                            ; gnd    ;                       ;         ; --         ;                 ; --       ; --           ;
; U14      ;            ; 4        ; VCCIO4                                         ; power  ;                       ; 2.5V    ; --         ;                 ; --       ; --           ;
; U15      ; 208        ; 4        ; RESERVED_INPUT_WITH_WEAK_PULLUP                ;        ;                       ;         ; Column I/O ;                 ; no       ; On           ;
; U16      ;            ;          ; VCCD_PLL4                                      ; power  ;                       ; 1.2V    ; --         ;                 ; --       ; --           ;
; U17      ; 246        ; 5        ; RESERVED_INPUT_WITH_WEAK_PULLUP                ;        ;                       ;         ; Row I/O    ;                 ; no       ; On           ;
; U18      ; 244        ; 5        ; RESERVED_INPUT_WITH_WEAK_PULLUP                ;        ;                       ;         ; Row I/O    ;                 ; no       ; On           ;
; U19      ; 282        ; 5        ; RESERVED_INPUT_WITH_WEAK_PULLUP                ;        ;                       ;         ; Row I/O    ;                 ; no       ; On           ;
; U20      ; 290        ; 5        ; RESERVED_INPUT_WITH_WEAK_PULLUP                ;        ;                       ;         ; Row I/O    ;                 ; no       ; On           ;
; U21      ; 300        ; 5        ; RESERVED_INPUT_WITH_WEAK_PULLUP                ;        ;                       ;         ; Row I/O    ;                 ; no       ; On           ;
; U22      ; 302        ; 5        ; RESERVED_INPUT_WITH_WEAK_PULLUP                ;        ;                       ;         ; Row I/O    ;                 ; no       ; On           ;
; V1       ; 91         ; 2        ; RESERVED_INPUT_WITH_WEAK_PULLUP                ;        ;                       ;         ; Row I/O    ;                 ; no       ; On           ;
; V2       ;            ;          ; GND                                            ; gnd    ;                       ;         ; --         ;                 ; --       ; --           ;
; V3       ; 95         ; 2        ; RESERVED_INPUT_WITH_WEAK_PULLUP                ;        ;                       ;         ; Row I/O    ;                 ; no       ; On           ;
; V4       ; 125        ; 3        ; RESERVED_INPUT_WITH_WEAK_PULLUP                ;        ;                       ;         ; Column I/O ;                 ; no       ; On           ;
; V5       ; 127        ; 3        ; RESERVED_INPUT_WITH_WEAK_PULLUP                ;        ;                       ;         ; Column I/O ;                 ; no       ; On           ;
; V6       ;            ;          ; GND                                            ; gnd    ;                       ;         ; --         ;                 ; --       ; --           ;
; V7       ; 136        ; 3        ; RESERVED_INPUT_WITH_WEAK_PULLUP                ;        ;                       ;         ; Column I/O ;                 ; no       ; On           ;
; V8       ; 138        ; 3        ; RESERVED_INPUT_WITH_WEAK_PULLUP                ;        ;                       ;         ; Column I/O ;                 ; no       ; On           ;
; V9       ; 160        ; 3        ; RESERVED_INPUT_WITH_WEAK_PULLUP                ;        ;                       ;         ; Column I/O ;                 ; no       ; On           ;
; V10      ; 162        ; 3        ; RESERVED_INPUT_WITH_WEAK_PULLUP                ;        ;                       ;         ; Column I/O ;                 ; no       ; On           ;
; V11      ; 172        ; 4        ; RESERVED_INPUT_WITH_WEAK_PULLUP                ;        ;                       ;         ; Column I/O ;                 ; no       ; On           ;
; V12      ; 174        ; 4        ; SW[4]                                          ; input  ; 2.5 V                 ;         ; Column I/O ; N               ; no       ; Off          ;
; V13      ; 192        ; 4        ; RESERVED_INPUT_WITH_WEAK_PULLUP                ;        ;                       ;         ; Column I/O ;                 ; no       ; On           ;
; V14      ; 204        ; 4        ; RESERVED_INPUT_WITH_WEAK_PULLUP                ;        ;                       ;         ; Column I/O ;                 ; no       ; On           ;
; V15      ; 216        ; 4        ; RESERVED_INPUT_WITH_WEAK_PULLUP                ;        ;                       ;         ; Column I/O ;                 ; no       ; On           ;
; V16      ; 210        ; 4        ; RESERVED_INPUT_WITH_WEAK_PULLUP                ;        ;                       ;         ; Column I/O ;                 ; no       ; On           ;
; V17      ; 242        ; 4        ; RESERVED_INPUT_WITH_WEAK_PULLUP                ;        ;                       ;         ; Column I/O ;                 ; no       ; On           ;
; V18      ; 280        ; 5        ; RESERVED_INPUT_WITH_WEAK_PULLUP                ;        ;                       ;         ; Row I/O    ;                 ; no       ; On           ;
; V19      ;            ;          ; GND                                            ; gnd    ;                       ;         ; --         ;                 ; --       ; --           ;
; V20      ; 288        ; 5        ; RESERVED_INPUT_WITH_WEAK_PULLUP                ;        ;                       ;         ; Row I/O    ;                 ; no       ; On           ;
; V21      ; 289        ; 5        ; RESERVED_INPUT_WITH_WEAK_PULLUP                ;        ;                       ;         ; Row I/O    ;                 ; no       ; On           ;
; V22      ; 291        ; 5        ; RESERVED_INPUT_WITH_WEAK_PULLUP                ;        ;                       ;         ; Row I/O    ;                 ; no       ; On           ;
; W1       ; 97         ; 2        ; RESERVED_INPUT_WITH_WEAK_PULLUP                ;        ;                       ;         ; Row I/O    ;                 ; no       ; On           ;
; W2       ; 99         ; 2        ; RESERVED_INPUT_WITH_WEAK_PULLUP                ;        ;                       ;         ; Row I/O    ;                 ; no       ; On           ;
; W3       ; 134        ; 3        ; RESERVED_INPUT_WITH_WEAK_PULLUP                ;        ;                       ;         ; Column I/O ;                 ; no       ; On           ;
; W4       ; 132        ; 3        ; RESERVED_INPUT_WITH_WEAK_PULLUP                ;        ;                       ;         ; Column I/O ;                 ; no       ; On           ;
; W5       ; 124        ; 3        ; RESERVED_INPUT_WITH_WEAK_PULLUP                ;        ;                       ;         ; Column I/O ;                 ; no       ; On           ;
; W6       ; 126        ; 3        ; RESERVED_INPUT_WITH_WEAK_PULLUP                ;        ;                       ;         ; Column I/O ;                 ; no       ; On           ;
; W7       ; 148        ; 3        ; RESERVED_INPUT_WITH_WEAK_PULLUP                ;        ;                       ;         ; Column I/O ;                 ; no       ; On           ;
; W8       ; 150        ; 3        ; RESERVED_INPUT_WITH_WEAK_PULLUP                ;        ;                       ;         ; Column I/O ;                 ; no       ; On           ;
; W9       ; 144        ; 3        ; SW[6]                                          ; input  ; 2.5 V                 ;         ; Column I/O ; N               ; no       ; Off          ;
; W10      ; 146        ; 3        ; RESERVED_INPUT_WITH_WEAK_PULLUP                ;        ;                       ;         ; Column I/O ;                 ; no       ; On           ;
; W11      ; 173        ; 4        ; RESERVED_INPUT_WITH_WEAK_PULLUP                ;        ;                       ;         ; Column I/O ;                 ; no       ; On           ;
; W12      ; 193        ; 4        ; RESERVED_INPUT_WITH_WEAK_PULLUP                ;        ;                       ;         ; Column I/O ;                 ; no       ; On           ;
; W13      ; 195        ; 4        ; RESERVED_INPUT_WITH_WEAK_PULLUP                ;        ;                       ;         ; Column I/O ;                 ; no       ; On           ;
; W14      ; 194        ; 4        ; RESERVED_INPUT_WITH_WEAK_PULLUP                ;        ;                       ;         ; Column I/O ;                 ; no       ; On           ;
; W15      ; 206        ; 4        ; RESERVED_INPUT_WITH_WEAK_PULLUP                ;        ;                       ;         ; Column I/O ;                 ; no       ; On           ;
; W16      ; 218        ; 4        ; SW[5]                                          ; input  ; 2.5 V                 ;         ; Column I/O ; N               ; no       ; Off          ;
; W17      ; 240        ; 4        ; RESERVED_INPUT_WITH_WEAK_PULLUP                ;        ;                       ;         ; Column I/O ;                 ; no       ; On           ;
; W18      ; 226        ; 4        ; RESERVED_INPUT_WITH_WEAK_PULLUP                ;        ;                       ;         ; Column I/O ;                 ; no       ; On           ;
; W19      ; 284        ; 5        ; SW[0]                                          ; input  ; 2.5 V                 ;         ; Row I/O    ; N               ; no       ; Off          ;
; W20      ; 286        ; 5        ; RESERVED_INPUT_WITH_WEAK_PULLUP                ;        ;                       ;         ; Row I/O    ;                 ; no       ; On           ;
; W21      ;            ;          ; GND                                            ; gnd    ;                       ;         ; --         ;                 ; --       ; --           ;
; W22      ; 283        ; 5        ; RESERVED_INPUT_WITH_WEAK_PULLUP                ;        ;                       ;         ; Row I/O    ;                 ; no       ; On           ;
; Y1       ; 129        ; 3        ; RESERVED_INPUT_WITH_WEAK_PULLUP                ;        ;                       ;         ; Column I/O ;                 ; no       ; On           ;
; Y2       ; 131        ; 3        ; RESERVED_INPUT_WITH_WEAK_PULLUP                ;        ;                       ;         ; Column I/O ;                 ; no       ; On           ;
; Y3       ; 149        ; 3        ; RESERVED_INPUT_WITH_WEAK_PULLUP                ;        ;                       ;         ; Column I/O ;                 ; no       ; On           ;
; Y4       ; 151        ; 3        ; RESERVED_INPUT_WITH_WEAK_PULLUP                ;        ;                       ;         ; Column I/O ;                 ; no       ; On           ;
; Y5       ; 137        ; 3        ; RESERVED_INPUT_WITH_WEAK_PULLUP                ;        ;                       ;         ; Column I/O ;                 ; no       ; On           ;
; Y6       ; 139        ; 3        ; RESERVED_INPUT_WITH_WEAK_PULLUP                ;        ;                       ;         ; Column I/O ;                 ; no       ; On           ;
; Y7       ; 141        ; 3        ; RESERVED_INPUT_WITH_WEAK_PULLUP                ;        ;                       ;         ; Column I/O ;                 ; no       ; On           ;
; Y8       ; 143        ; 3        ; RESERVED_INPUT_WITH_WEAK_PULLUP                ;        ;                       ;         ; Column I/O ;                 ; no       ; On           ;
; Y9       ;            ;          ; GND                                            ; gnd    ;                       ;         ; --         ;                 ; --       ; --           ;
; Y10      ; 168        ; 3        ; RESERVED_INPUT_WITH_WEAK_PULLUP                ;        ;                       ;         ; Column I/O ;                 ; no       ; On           ;
; Y11      ; 175        ; 4        ; RESERVED_INPUT_WITH_WEAK_PULLUP                ;        ;                       ;         ; Column I/O ;                 ; no       ; On           ;
; Y12      ;            ;          ; GND                                            ; gnd    ;                       ;         ; --         ;                 ; --       ; --           ;
; Y13      ; 200        ; 4        ; RESERVED_INPUT_WITH_WEAK_PULLUP                ;        ;                       ;         ; Column I/O ;                 ; no       ; On           ;
; Y14      ; 202        ; 4        ; RESERVED_INPUT_WITH_WEAK_PULLUP                ;        ;                       ;         ; Column I/O ;                 ; no       ; On           ;
; Y15      ;            ;          ; GND                                            ; gnd    ;                       ;         ; --         ;                 ; --       ; --           ;
; Y16      ; 207        ; 4        ; RESERVED_INPUT_WITH_WEAK_PULLUP                ;        ;                       ;         ; Column I/O ;                 ; no       ; On           ;
; Y17      ; 214        ; 4        ; RESERVED_INPUT_WITH_WEAK_PULLUP                ;        ;                       ;         ; Column I/O ;                 ; no       ; On           ;
; Y18      ; 219        ; 4        ; RESERVED_INPUT_WITH_WEAK_PULLUP                ;        ;                       ;         ; Column I/O ;                 ; no       ; On           ;
; Y19      ; 224        ; 4        ; RESERVED_INPUT_WITH_WEAK_PULLUP                ;        ;                       ;         ; Column I/O ;                 ; no       ; On           ;
; Y20      ; 285        ; 5        ; RESERVED_INPUT_WITH_WEAK_PULLUP                ;        ;                       ;         ; Row I/O    ;                 ; no       ; On           ;
; Y21      ; 287        ; 5        ; RESERVED_INPUT_WITH_WEAK_PULLUP                ;        ;                       ;         ; Row I/O    ;                 ; no       ; On           ;
; Y22      ; 281        ; 5        ; RESERVED_INPUT_WITH_WEAK_PULLUP                ;        ;                       ;         ; Row I/O    ;                 ; no       ; On           ;
+----------+------------+----------+------------------------------------------------+--------+-----------------------+---------+------------+-----------------+----------+--------------+
Note: Pin directions (input, output or bidir) are based on device operating in user mode.


+-----------------------------------------------+
; I/O Assignment Warnings                       ;
+---------------+-------------------------------+
; Pin Name      ; Reason                        ;
+---------------+-------------------------------+
; KEY[1]        ; Incomplete set of assignments ;
; UART_TX       ; Incomplete set of assignments ;
; SW[0]         ; Incomplete set of assignments ;
; SW[1]         ; Incomplete set of assignments ;
; SW[2]         ; Incomplete set of assignments ;
; SW[3]         ; Incomplete set of assignments ;
; SW[4]         ; Incomplete set of assignments ;
; SW[5]         ; Incomplete set of assignments ;
; SW[6]         ; Incomplete set of assignments ;
; SW[7]         ; Incomplete set of assignments ;
; SW[8]         ; Incomplete set of assignments ;
; SW[9]         ; Incomplete set of assignments ;
; LEDR[0]       ; Incomplete set of assignments ;
; LEDR[1]       ; Incomplete set of assignments ;
; LEDR[2]       ; Incomplete set of assignments ;
; LEDR[3]       ; Incomplete set of assignments ;
; LEDR[4]       ; Incomplete set of assignments ;
; LEDR[5]       ; Incomplete set of assignments ;
; LEDR[6]       ; Incomplete set of assignments ;
; LEDR[7]       ; Incomplete set of assignments ;
; LEDR[8]       ; Incomplete set of assignments ;
; LEDR[9]       ; Incomplete set of assignments ;
; KEY[0]        ; Incomplete set of assignments ;
; MAX10_CLK1_50 ; Incomplete set of assignments ;
; UART_RX       ; Incomplete set of assignments ;
; UART_TX       ; Missing location assignment   ;
; SW[0]         ; Missing location assignment   ;
; SW[1]         ; Missing location assignment   ;
; SW[2]         ; Missing location assignment   ;
; SW[3]         ; Missing location assignment   ;
; SW[4]         ; Missing location assignment   ;
; SW[5]         ; Missing location assignment   ;
; SW[6]         ; Missing location assignment   ;
; SW[7]         ; Missing location assignment   ;
; SW[8]         ; Missing location assignment   ;
; SW[9]         ; Missing location assignment   ;
; UART_RX       ; Missing location assignment   ;
+---------------+-------------------------------+


+-----------------------------------------------------------------------------------------------------------------------------------------------------------------------------------------------------------------------------------------------------------------------------------------------------------------------------------------------------------------------------------------------------------------------------+
; Fitter Resource Utilization by Entity                                                                                                                                                                                                                                                                                                                                                                                       ;
+-------------------------------------------------+-------------+---------------------------+---------------+-------------+------+------------+--------------+---------+-----------+------+--------------+--------------+-------------------+------------------+------------+--------------------------------------------------------------------------------------------------------------+-------------------+--------------+
; Compilation Hierarchy Node                      ; Logic Cells ; Dedicated Logic Registers ; I/O Registers ; Memory Bits ; M9Ks ; UFM Blocks ; DSP Elements ; DSP 9x9 ; DSP 18x18 ; Pins ; Virtual Pins ; LUT-Only LCs ; Register-Only LCs ; LUT/Register LCs ; ADC blocks ; Full Hierarchy Name                                                                                          ; Entity Name       ; Library Name ;
+-------------------------------------------------+-------------+---------------------------+---------------+-------------+------+------------+--------------+---------+-----------+------+--------------+--------------+-------------------+------------------+------------+--------------------------------------------------------------------------------------------------------------+-------------------+--------------+
; |top                                            ; 3609 (1)    ; 1258 (0)                  ; 0 (0)         ; 67584       ; 10   ; 1          ; 0            ; 0       ; 0         ; 25   ; 0            ; 2351 (1)     ; 77 (0)            ; 1181 (0)         ; 0          ; |top                                                                                                         ; top               ; work         ;
;    |picosoc:soc_core|                           ; 3608 (124)  ; 1258 (9)                  ; 0 (0)         ; 67584       ; 10   ; 0          ; 0            ; 0       ; 0         ; 0    ; 0            ; 2350 (110)   ; 77 (8)            ; 1181 (29)        ; 0          ; |top|picosoc:soc_core                                                                                        ; picosoc           ; work         ;
;       |picorv32:cpu|                            ; 3004 (2523) ; 1030 (689)                ; 0 (0)         ; 2048        ; 2    ; 0          ; 0            ; 0       ; 0         ; 0    ; 0            ; 1973 (1831)  ; 65 (44)           ; 966 (702)        ; 0          ; |top|picosoc:soc_core|picorv32:cpu                                                                           ; picorv32          ; work         ;
;          |picorv32_pcpi_mul:pcpi_mul|           ; 401 (401)   ; 255 (255)                 ; 0 (0)         ; 0           ; 0    ; 0          ; 0            ; 0       ; 0         ; 0    ; 0            ; 141 (141)    ; 3 (3)             ; 257 (257)        ; 0          ; |top|picosoc:soc_core|picorv32:cpu|picorv32_pcpi_mul:pcpi_mul                                                ; picorv32_pcpi_mul ; work         ;
;          |picosoc_regs:cpuregs|                 ; 87 (87)     ; 86 (86)                   ; 0 (0)         ; 2048        ; 2    ; 0          ; 0            ; 0       ; 0         ; 0    ; 0            ; 1 (1)        ; 18 (18)           ; 68 (68)          ; 0          ; |top|picosoc:soc_core|picorv32:cpu|picosoc_regs:cpuregs                                                      ; picosoc_regs      ; work         ;
;             |altsyncram:regs_rtl_0|             ; 0 (0)       ; 0 (0)                     ; 0 (0)         ; 1024        ; 1    ; 0          ; 0            ; 0       ; 0         ; 0    ; 0            ; 0 (0)        ; 0 (0)             ; 0 (0)            ; 0          ; |top|picosoc:soc_core|picorv32:cpu|picosoc_regs:cpuregs|altsyncram:regs_rtl_0                                ; altsyncram        ; work         ;
;                |altsyncram_j6d1:auto_generated| ; 0 (0)       ; 0 (0)                     ; 0 (0)         ; 1024        ; 1    ; 0          ; 0            ; 0       ; 0         ; 0    ; 0            ; 0 (0)        ; 0 (0)             ; 0 (0)            ; 0          ; |top|picosoc:soc_core|picorv32:cpu|picosoc_regs:cpuregs|altsyncram:regs_rtl_0|altsyncram_j6d1:auto_generated ; altsyncram_j6d1   ; work         ;
;             |altsyncram:regs_rtl_1|             ; 0 (0)       ; 0 (0)                     ; 0 (0)         ; 1024        ; 1    ; 0          ; 0            ; 0       ; 0         ; 0    ; 0            ; 0 (0)        ; 0 (0)             ; 0 (0)            ; 0          ; |top|picosoc:soc_core|picorv32:cpu|picosoc_regs:cpuregs|altsyncram:regs_rtl_1                                ; altsyncram        ; work         ;
;                |altsyncram_j6d1:auto_generated| ; 0 (0)       ; 0 (0)                     ; 0 (0)         ; 1024        ; 1    ; 0          ; 0            ; 0       ; 0         ; 0    ; 0            ; 0 (0)        ; 0 (0)             ; 0 (0)            ; 0          ; |top|picosoc:soc_core|picorv32:cpu|picosoc_regs:cpuregs|altsyncram:regs_rtl_1|altsyncram_j6d1:auto_generated ; altsyncram_j6d1   ; work         ;
;       |picosoc_mem:memory|                      ; 0 (0)       ; 0 (0)                     ; 0 (0)         ; 65536       ; 8    ; 0          ; 0            ; 0       ; 0         ; 0    ; 0            ; 0 (0)        ; 0 (0)             ; 0 (0)            ; 0          ; |top|picosoc:soc_core|picosoc_mem:memory                                                                     ; picosoc_mem       ; work         ;
;          |altsyncram:mem0_rtl_0|                ; 0 (0)       ; 0 (0)                     ; 0 (0)         ; 16384       ; 2    ; 0          ; 0            ; 0       ; 0         ; 0    ; 0            ; 0 (0)        ; 0 (0)             ; 0 (0)            ; 0          ; |top|picosoc:soc_core|picosoc_mem:memory|altsyncram:mem0_rtl_0                                               ; altsyncram        ; work         ;
;             |altsyncram_9le1:auto_generated|    ; 0 (0)       ; 0 (0)                     ; 0 (0)         ; 16384       ; 2    ; 0          ; 0            ; 0       ; 0         ; 0    ; 0            ; 0 (0)        ; 0 (0)             ; 0 (0)            ; 0          ; |top|picosoc:soc_core|picosoc_mem:memory|altsyncram:mem0_rtl_0|altsyncram_9le1:auto_generated                ; altsyncram_9le1   ; work         ;
;          |altsyncram:mem1_rtl_0|                ; 0 (0)       ; 0 (0)                     ; 0 (0)         ; 16384       ; 2    ; 0          ; 0            ; 0       ; 0         ; 0    ; 0            ; 0 (0)        ; 0 (0)             ; 0 (0)            ; 0          ; |top|picosoc:soc_core|picosoc_mem:memory|altsyncram:mem1_rtl_0                                               ; altsyncram        ; work         ;
;             |altsyncram_ale1:auto_generated|    ; 0 (0)       ; 0 (0)                     ; 0 (0)         ; 16384       ; 2    ; 0          ; 0            ; 0       ; 0         ; 0    ; 0            ; 0 (0)        ; 0 (0)             ; 0 (0)            ; 0          ; |top|picosoc:soc_core|picosoc_mem:memory|altsyncram:mem1_rtl_0|altsyncram_ale1:auto_generated                ; altsyncram_ale1   ; work         ;
;          |altsyncram:mem2_rtl_0|                ; 0 (0)       ; 0 (0)                     ; 0 (0)         ; 16384       ; 2    ; 0          ; 0            ; 0       ; 0         ; 0    ; 0            ; 0 (0)        ; 0 (0)             ; 0 (0)            ; 0          ; |top|picosoc:soc_core|picosoc_mem:memory|altsyncram:mem2_rtl_0                                               ; altsyncram        ; work         ;
;             |altsyncram_ble1:auto_generated|    ; 0 (0)       ; 0 (0)                     ; 0 (0)         ; 16384       ; 2    ; 0          ; 0            ; 0       ; 0         ; 0    ; 0            ; 0 (0)        ; 0 (0)             ; 0 (0)            ; 0          ; |top|picosoc:soc_core|picosoc_mem:memory|altsyncram:mem2_rtl_0|altsyncram_ble1:auto_generated                ; altsyncram_ble1   ; work         ;
;          |altsyncram:mem3_rtl_0|                ; 0 (0)       ; 0 (0)                     ; 0 (0)         ; 16384       ; 2    ; 0          ; 0            ; 0       ; 0         ; 0    ; 0            ; 0 (0)        ; 0 (0)             ; 0 (0)            ; 0          ; |top|picosoc:soc_core|picosoc_mem:memory|altsyncram:mem3_rtl_0                                               ; altsyncram        ; work         ;
;             |altsyncram_cle1:auto_generated|    ; 0 (0)       ; 0 (0)                     ; 0 (0)         ; 16384       ; 2    ; 0          ; 0            ; 0       ; 0         ; 0    ; 0            ; 0 (0)        ; 0 (0)             ; 0 (0)            ; 0          ; |top|picosoc:soc_core|picosoc_mem:memory|altsyncram:mem3_rtl_0|altsyncram_cle1:auto_generated                ; altsyncram_cle1   ; work         ;
;       |simpleuart:simpleuart|                   ; 259 (259)   ; 131 (131)                 ; 0 (0)         ; 0           ; 0    ; 0          ; 0            ; 0       ; 0         ; 0    ; 0            ; 127 (127)    ; 1 (1)             ; 131 (131)        ; 0          ; |top|picosoc:soc_core|simpleuart:simpleuart                                                                  ; simpleuart        ; work         ;
;       |spimemio:spimemio|                       ; 231 (177)   ; 88 (65)                   ; 0 (0)         ; 0           ; 0    ; 0          ; 0            ; 0       ; 0         ; 0    ; 0            ; 140 (109)    ; 3 (1)             ; 88 (70)          ; 0          ; |top|picosoc:soc_core|spimemio:spimemio                                                                      ; spimemio          ; work         ;
;          |spimemio_xfer:xfer|                   ; 54 (54)     ; 23 (23)                   ; 0 (0)         ; 0           ; 0    ; 0          ; 0            ; 0       ; 0         ; 0    ; 0            ; 31 (31)      ; 2 (2)             ; 21 (21)          ; 0          ; |top|picosoc:soc_core|spimemio:spimemio|spimemio_xfer:xfer                                                   ; spimemio_xfer     ; work         ;
+-------------------------------------------------+-------------+---------------------------+---------------+-------------+------+------------+--------------+---------+-----------+------+--------------+--------------+-------------------+------------------+------------+--------------------------------------------------------------------------------------------------------------+-------------------+--------------+
Note: For table entries with two numbers listed, the numbers in parentheses indicate the number of resources of the given type used by the specific entity alone. The numbers listed outside of parentheses indicate the total resources of the given type used by the specific entity and all of its sub-entities in the hierarchy.


+-----------------------------------------------------------------------------------------------+
; Delay Chain Summary                                                                           ;
+---------------+----------+---------------+---------------+-----------------------+-----+------+
; Name          ; Pin Type ; Pad to Core 0 ; Pad to Core 1 ; Pad to Input Register ; TCO ; TCOE ;
+---------------+----------+---------------+---------------+-----------------------+-----+------+
; KEY[1]        ; Input    ; --            ; --            ; --                    ; --  ; --   ;
; UART_TX       ; Output   ; --            ; --            ; --                    ; --  ; --   ;
; SW[0]         ; Input    ; --            ; --            ; --                    ; --  ; --   ;
; SW[1]         ; Input    ; --            ; --            ; --                    ; --  ; --   ;
; SW[2]         ; Input    ; --            ; --            ; --                    ; --  ; --   ;
; SW[3]         ; Input    ; --            ; --            ; --                    ; --  ; --   ;
; SW[4]         ; Input    ; --            ; --            ; --                    ; --  ; --   ;
; SW[5]         ; Input    ; --            ; --            ; --                    ; --  ; --   ;
; SW[6]         ; Input    ; --            ; --            ; --                    ; --  ; --   ;
; SW[7]         ; Input    ; --            ; --            ; --                    ; --  ; --   ;
; SW[8]         ; Input    ; --            ; --            ; --                    ; --  ; --   ;
; SW[9]         ; Input    ; --            ; --            ; --                    ; --  ; --   ;
; LEDR[0]       ; Output   ; --            ; --            ; --                    ; --  ; --   ;
; LEDR[1]       ; Output   ; --            ; --            ; --                    ; --  ; --   ;
; LEDR[2]       ; Output   ; --            ; --            ; --                    ; --  ; --   ;
; LEDR[3]       ; Output   ; --            ; --            ; --                    ; --  ; --   ;
; LEDR[4]       ; Output   ; --            ; --            ; --                    ; --  ; --   ;
; LEDR[5]       ; Output   ; --            ; --            ; --                    ; --  ; --   ;
; LEDR[6]       ; Output   ; --            ; --            ; --                    ; --  ; --   ;
; LEDR[7]       ; Output   ; --            ; --            ; --                    ; --  ; --   ;
; LEDR[8]       ; Output   ; --            ; --            ; --                    ; --  ; --   ;
; LEDR[9]       ; Output   ; --            ; --            ; --                    ; --  ; --   ;
; KEY[0]        ; Input    ; (6) 868 ps    ; --            ; --                    ; --  ; --   ;
; MAX10_CLK1_50 ; Input    ; (0) 0 ps      ; --            ; --                    ; --  ; --   ;
; UART_RX       ; Input    ; (6) 868 ps    ; --            ; --                    ; --  ; --   ;
+---------------+----------+---------------+---------------+-----------------------+-----+------+


+--------------------------------------------------------------------------------------------------------------+
; Pad To Core Delay Chain Fanout                                                                               ;
+--------------------------------------------------------------------------------+-------------------+---------+
; Source Pin / Fanout                                                            ; Pad To Core Index ; Setting ;
+--------------------------------------------------------------------------------+-------------------+---------+
; KEY[1]                                                                         ;                   ;         ;
; SW[0]                                                                          ;                   ;         ;
; SW[1]                                                                          ;                   ;         ;
; SW[2]                                                                          ;                   ;         ;
; SW[3]                                                                          ;                   ;         ;
; SW[4]                                                                          ;                   ;         ;
; SW[5]                                                                          ;                   ;         ;
; SW[6]                                                                          ;                   ;         ;
; SW[7]                                                                          ;                   ;         ;
; SW[8]                                                                          ;                   ;         ;
; SW[9]                                                                          ;                   ;         ;
; KEY[0]                                                                         ;                   ;         ;
;      - picosoc:soc_core|leds[0]                                                ; 0                 ; 6       ;
;      - picosoc:soc_core|leds[1]                                                ; 0                 ; 6       ;
;      - picosoc:soc_core|leds[2]                                                ; 0                 ; 6       ;
;      - picosoc:soc_core|leds[3]                                                ; 0                 ; 6       ;
;      - picosoc:soc_core|leds[4]                                                ; 0                 ; 6       ;
;      - picosoc:soc_core|leds[5]                                                ; 0                 ; 6       ;
;      - picosoc:soc_core|leds[6]                                                ; 0                 ; 6       ;
;      - picosoc:soc_core|leds[7]                                                ; 0                 ; 6       ;
;      - picosoc:soc_core|spimemio:spimemio|softreset                            ; 0                 ; 6       ;
;      - picosoc:soc_core|simpleuart:simpleuart|send_dummy                       ; 0                 ; 6       ;
;      - picosoc:soc_core|picorv32:cpu|reg_out[1]                                ; 0                 ; 6       ;
;      - picosoc:soc_core|picorv32:cpu|latched_store                             ; 0                 ; 6       ;
;      - picosoc:soc_core|picorv32:cpu|latched_branch                            ; 0                 ; 6       ;
;      - picosoc:soc_core|picorv32:cpu|irq_state[1]                              ; 0                 ; 6       ;
;      - picosoc:soc_core|picorv32:cpu|irq_state[0]                              ; 0                 ; 6       ;
;      - picosoc:soc_core|simpleuart:simpleuart|recv_buf_valid                   ; 0                 ; 6       ;
;      - picosoc:soc_core|picorv32:cpu|irq_active                                ; 0                 ; 6       ;
;      - picosoc:soc_core|picorv32:cpu|irq_delay                                 ; 0                 ; 6       ;
;      - picosoc:soc_core|picorv32:cpu|irq_pending[1]                            ; 0                 ; 6       ;
;      - picosoc:soc_core|picorv32:cpu|do_waitirq                                ; 0                 ; 6       ;
;      - picosoc:soc_core|picorv32:cpu|instr_beq                                 ; 0                 ; 6       ;
;      - picosoc:soc_core|picorv32:cpu|instr_bne                                 ; 0                 ; 6       ;
;      - picosoc:soc_core|picorv32:cpu|instr_blt                                 ; 0                 ; 6       ;
;      - picosoc:soc_core|picorv32:cpu|instr_bge                                 ; 0                 ; 6       ;
;      - picosoc:soc_core|picorv32:cpu|instr_bltu                                ; 0                 ; 6       ;
;      - picosoc:soc_core|picorv32:cpu|instr_bgeu                                ; 0                 ; 6       ;
;      - picosoc:soc_core|picorv32:cpu|instr_addi                                ; 0                 ; 6       ;
;      - picosoc:soc_core|picorv32:cpu|instr_slti                                ; 0                 ; 6       ;
;      - picosoc:soc_core|picorv32:cpu|instr_sltiu                               ; 0                 ; 6       ;
;      - picosoc:soc_core|picorv32:cpu|instr_xori                                ; 0                 ; 6       ;
;      - picosoc:soc_core|picorv32:cpu|instr_ori                                 ; 0                 ; 6       ;
;      - picosoc:soc_core|picorv32:cpu|instr_andi                                ; 0                 ; 6       ;
;      - picosoc:soc_core|picorv32:cpu|instr_add                                 ; 0                 ; 6       ;
;      - picosoc:soc_core|picorv32:cpu|instr_sub                                 ; 0                 ; 6       ;
;      - picosoc:soc_core|picorv32:cpu|instr_sll                                 ; 0                 ; 6       ;
;      - picosoc:soc_core|picorv32:cpu|instr_slt                                 ; 0                 ; 6       ;
;      - picosoc:soc_core|picorv32:cpu|instr_sltu                                ; 0                 ; 6       ;
;      - picosoc:soc_core|picorv32:cpu|instr_xor                                 ; 0                 ; 6       ;
;      - picosoc:soc_core|picorv32:cpu|instr_srl                                 ; 0                 ; 6       ;
;      - picosoc:soc_core|picorv32:cpu|instr_sra                                 ; 0                 ; 6       ;
;      - picosoc:soc_core|picorv32:cpu|instr_or                                  ; 0                 ; 6       ;
;      - picosoc:soc_core|picorv32:cpu|instr_and                                 ; 0                 ; 6       ;
;      - picosoc:soc_core|picorv32:cpu|instr_fence                               ; 0                 ; 6       ;
;      - picosoc:soc_core|picorv32:cpu|latched_rd[1]                             ; 0                 ; 6       ;
;      - picosoc:soc_core|picorv32:cpu|reg_out[0]                                ; 0                 ; 6       ;
;      - picosoc:soc_core|picorv32:cpu|latched_stalu                             ; 0                 ; 6       ;
;      - picosoc:soc_core|picorv32:cpu|reg_out[2]                                ; 0                 ; 6       ;
;      - picosoc:soc_core|picorv32:cpu|reg_out[3]                                ; 0                 ; 6       ;
;      - picosoc:soc_core|picorv32:cpu|reg_out[4]                                ; 0                 ; 6       ;
;      - picosoc:soc_core|picorv32:cpu|reg_out[5]                                ; 0                 ; 6       ;
;      - picosoc:soc_core|picorv32:cpu|reg_out[6]                                ; 0                 ; 6       ;
;      - picosoc:soc_core|picorv32:cpu|reg_out[7]                                ; 0                 ; 6       ;
;      - picosoc:soc_core|picorv32:cpu|reg_out[8]                                ; 0                 ; 6       ;
;      - picosoc:soc_core|picorv32:cpu|reg_out[9]                                ; 0                 ; 6       ;
;      - picosoc:soc_core|picorv32:cpu|reg_out[10]                               ; 0                 ; 6       ;
;      - picosoc:soc_core|picorv32:cpu|reg_out[11]                               ; 0                 ; 6       ;
;      - picosoc:soc_core|picorv32:cpu|reg_out[12]                               ; 0                 ; 6       ;
;      - picosoc:soc_core|picorv32:cpu|reg_out[13]                               ; 0                 ; 6       ;
;      - picosoc:soc_core|picorv32:cpu|reg_out[14]                               ; 0                 ; 6       ;
;      - picosoc:soc_core|picorv32:cpu|reg_out[15]                               ; 0                 ; 6       ;
;      - picosoc:soc_core|spimemio:spimemio|config_en                            ; 0                 ; 6       ;
;      - picosoc:soc_core|picorv32:cpu|last_mem_valid                            ; 0                 ; 6       ;
;      - picosoc:soc_core|picorv32:cpu|decoder_pseudo_trigger                    ; 0                 ; 6       ;
;      - picosoc:soc_core|picorv32:cpu|timer[1]                                  ; 0                 ; 6       ;
;      - picosoc:soc_core|picorv32:cpu|timer[31]                                 ; 0                 ; 6       ;
;      - picosoc:soc_core|picorv32:cpu|timer[30]                                 ; 0                 ; 6       ;
;      - picosoc:soc_core|picorv32:cpu|timer[29]                                 ; 0                 ; 6       ;
;      - picosoc:soc_core|picorv32:cpu|timer[28]                                 ; 0                 ; 6       ;
;      - picosoc:soc_core|picorv32:cpu|timer[27]                                 ; 0                 ; 6       ;
;      - picosoc:soc_core|picorv32:cpu|timer[26]                                 ; 0                 ; 6       ;
;      - picosoc:soc_core|picorv32:cpu|timer[25]                                 ; 0                 ; 6       ;
;      - picosoc:soc_core|picorv32:cpu|timer[24]                                 ; 0                 ; 6       ;
;      - picosoc:soc_core|picorv32:cpu|timer[23]                                 ; 0                 ; 6       ;
;      - picosoc:soc_core|picorv32:cpu|timer[22]                                 ; 0                 ; 6       ;
;      - picosoc:soc_core|picorv32:cpu|timer[21]                                 ; 0                 ; 6       ;
;      - picosoc:soc_core|picorv32:cpu|timer[20]                                 ; 0                 ; 6       ;
;      - picosoc:soc_core|picorv32:cpu|timer[19]                                 ; 0                 ; 6       ;
;      - picosoc:soc_core|picorv32:cpu|timer[18]                                 ; 0                 ; 6       ;
;      - picosoc:soc_core|picorv32:cpu|timer[17]                                 ; 0                 ; 6       ;
;      - picosoc:soc_core|picorv32:cpu|timer[16]                                 ; 0                 ; 6       ;
;      - picosoc:soc_core|picorv32:cpu|timer[15]                                 ; 0                 ; 6       ;
;      - picosoc:soc_core|picorv32:cpu|timer[14]                                 ; 0                 ; 6       ;
;      - picosoc:soc_core|picorv32:cpu|timer[13]                                 ; 0                 ; 6       ;
;      - picosoc:soc_core|picorv32:cpu|timer[12]                                 ; 0                 ; 6       ;
;      - picosoc:soc_core|picorv32:cpu|timer[11]                                 ; 0                 ; 6       ;
;      - picosoc:soc_core|picorv32:cpu|timer[10]                                 ; 0                 ; 6       ;
;      - picosoc:soc_core|picorv32:cpu|timer[9]                                  ; 0                 ; 6       ;
;      - picosoc:soc_core|picorv32:cpu|timer[8]                                  ; 0                 ; 6       ;
;      - picosoc:soc_core|picorv32:cpu|timer[7]                                  ; 0                 ; 6       ;
;      - picosoc:soc_core|picorv32:cpu|timer[6]                                  ; 0                 ; 6       ;
;      - picosoc:soc_core|picorv32:cpu|timer[5]                                  ; 0                 ; 6       ;
;      - picosoc:soc_core|picorv32:cpu|timer[4]                                  ; 0                 ; 6       ;
;      - picosoc:soc_core|picorv32:cpu|timer[3]                                  ; 0                 ; 6       ;
;      - picosoc:soc_core|picorv32:cpu|timer[2]                                  ; 0                 ; 6       ;
;      - picosoc:soc_core|picorv32:cpu|timer[0]                                  ; 0                 ; 6       ;
;      - picosoc:soc_core|picorv32:cpu|picorv32_pcpi_mul:pcpi_mul|mul_finish     ; 0                 ; 6       ;
;      - picosoc:soc_core|picorv32:cpu|latched_is_lb                             ; 0                 ; 6       ;
;      - picosoc:soc_core|picorv32:cpu|latched_is_lh                             ; 0                 ; 6       ;
;      - picosoc:soc_core|picorv32:cpu|picorv32_pcpi_mul:pcpi_mul|mul_waiting    ; 0                 ; 6       ;
;      - picosoc:soc_core|picorv32:cpu|irq_pending[2]                            ; 0                 ; 6       ;
;      - picosoc:soc_core|picorv32:cpu|mem_do_rinst                              ; 0                 ; 6       ;
;      - picosoc:soc_core|picorv32:cpu|mem_do_rdata                              ; 0                 ; 6       ;
;      - picosoc:soc_core|picorv32:cpu|mem_do_wdata                              ; 0                 ; 6       ;
;      - picosoc:soc_core|picorv32:cpu|decoder_trigger                           ; 0                 ; 6       ;
;      - picosoc:soc_core|picorv32:cpu|cpu_state.cpu_state_trap                  ; 0                 ; 6       ;
;      - picosoc:soc_core|picorv32:cpu|pcpi_valid                                ; 0                 ; 6       ;
;      - picosoc:soc_core|picorv32:cpu|reg_next_pc[1]                            ; 0                 ; 6       ;
;      - picosoc:soc_core|picorv32:cpu|reg_next_pc[2]                            ; 0                 ; 6       ;
;      - picosoc:soc_core|picorv32:cpu|reg_next_pc[3]                            ; 0                 ; 6       ;
;      - picosoc:soc_core|picorv32:cpu|reg_next_pc[4]                            ; 0                 ; 6       ;
;      - picosoc:soc_core|picorv32:cpu|reg_next_pc[5]                            ; 0                 ; 6       ;
;      - picosoc:soc_core|picorv32:cpu|reg_next_pc[6]                            ; 0                 ; 6       ;
;      - picosoc:soc_core|picorv32:cpu|reg_next_pc[7]                            ; 0                 ; 6       ;
;      - picosoc:soc_core|picorv32:cpu|reg_next_pc[8]                            ; 0                 ; 6       ;
;      - picosoc:soc_core|picorv32:cpu|reg_next_pc[9]                            ; 0                 ; 6       ;
;      - picosoc:soc_core|picorv32:cpu|reg_next_pc[10]                           ; 0                 ; 6       ;
;      - picosoc:soc_core|picorv32:cpu|reg_next_pc[11]                           ; 0                 ; 6       ;
;      - picosoc:soc_core|picorv32:cpu|reg_next_pc[12]                           ; 0                 ; 6       ;
;      - picosoc:soc_core|picorv32:cpu|reg_next_pc[13]                           ; 0                 ; 6       ;
;      - picosoc:soc_core|picorv32:cpu|reg_next_pc[14]                           ; 0                 ; 6       ;
;      - picosoc:soc_core|picorv32:cpu|reg_next_pc[15]                           ; 0                 ; 6       ;
;      - picosoc:soc_core|picorv32:cpu|reg_next_pc[16]                           ; 0                 ; 6       ;
;      - picosoc:soc_core|picorv32:cpu|reg_next_pc[17]                           ; 0                 ; 6       ;
;      - picosoc:soc_core|picorv32:cpu|reg_next_pc[18]                           ; 0                 ; 6       ;
;      - picosoc:soc_core|picorv32:cpu|reg_next_pc[19]                           ; 0                 ; 6       ;
;      - picosoc:soc_core|picorv32:cpu|reg_next_pc[20]                           ; 0                 ; 6       ;
;      - picosoc:soc_core|picorv32:cpu|reg_next_pc[21]                           ; 0                 ; 6       ;
;      - picosoc:soc_core|picorv32:cpu|reg_next_pc[22]                           ; 0                 ; 6       ;
;      - picosoc:soc_core|picorv32:cpu|reg_next_pc[23]                           ; 0                 ; 6       ;
;      - picosoc:soc_core|picorv32:cpu|reg_next_pc[24]                           ; 0                 ; 6       ;
;      - picosoc:soc_core|picorv32:cpu|reg_next_pc[25]                           ; 0                 ; 6       ;
;      - picosoc:soc_core|picorv32:cpu|reg_next_pc[26]                           ; 0                 ; 6       ;
;      - picosoc:soc_core|picorv32:cpu|reg_next_pc[27]                           ; 0                 ; 6       ;
;      - picosoc:soc_core|picorv32:cpu|reg_next_pc[28]                           ; 0                 ; 6       ;
;      - picosoc:soc_core|picorv32:cpu|reg_next_pc[29]                           ; 0                 ; 6       ;
;      - picosoc:soc_core|picorv32:cpu|reg_next_pc[30]                           ; 0                 ; 6       ;
;      - picosoc:soc_core|picorv32:cpu|reg_next_pc[31]                           ; 0                 ; 6       ;
;      - picosoc:soc_core|picorv32:cpu|count_instr[32]                           ; 0                 ; 6       ;
;      - picosoc:soc_core|picorv32:cpu|count_instr[0]                            ; 0                 ; 6       ;
;      - picosoc:soc_core|picorv32:cpu|count_cycle[32]                           ; 0                 ; 6       ;
;      - picosoc:soc_core|picorv32:cpu|count_cycle[0]                            ; 0                 ; 6       ;
;      - picosoc:soc_core|picorv32:cpu|count_instr[1]                            ; 0                 ; 6       ;
;      - picosoc:soc_core|picorv32:cpu|count_cycle[33]                           ; 0                 ; 6       ;
;      - picosoc:soc_core|picorv32:cpu|count_cycle[1]                            ; 0                 ; 6       ;
;      - picosoc:soc_core|picorv32:cpu|count_instr[33]                           ; 0                 ; 6       ;
;      - picosoc:soc_core|picorv32:cpu|count_cycle[34]                           ; 0                 ; 6       ;
;      - picosoc:soc_core|picorv32:cpu|count_instr[2]                            ; 0                 ; 6       ;
;      - picosoc:soc_core|picorv32:cpu|count_cycle[2]                            ; 0                 ; 6       ;
;      - picosoc:soc_core|picorv32:cpu|count_instr[34]                           ; 0                 ; 6       ;
;      - picosoc:soc_core|picorv32:cpu|count_instr[3]                            ; 0                 ; 6       ;
;      - picosoc:soc_core|picorv32:cpu|count_cycle[35]                           ; 0                 ; 6       ;
;      - picosoc:soc_core|picorv32:cpu|count_cycle[3]                            ; 0                 ; 6       ;
;      - picosoc:soc_core|picorv32:cpu|count_instr[35]                           ; 0                 ; 6       ;
;      - picosoc:soc_core|picorv32:cpu|count_cycle[36]                           ; 0                 ; 6       ;
;      - picosoc:soc_core|picorv32:cpu|count_instr[4]                            ; 0                 ; 6       ;
;      - picosoc:soc_core|picorv32:cpu|count_cycle[4]                            ; 0                 ; 6       ;
;      - picosoc:soc_core|picorv32:cpu|count_instr[36]                           ; 0                 ; 6       ;
;      - picosoc:soc_core|picorv32:cpu|count_instr[5]                            ; 0                 ; 6       ;
;      - picosoc:soc_core|picorv32:cpu|count_cycle[37]                           ; 0                 ; 6       ;
;      - picosoc:soc_core|picorv32:cpu|count_cycle[5]                            ; 0                 ; 6       ;
;      - picosoc:soc_core|picorv32:cpu|count_instr[37]                           ; 0                 ; 6       ;
;      - picosoc:soc_core|picorv32:cpu|count_cycle[38]                           ; 0                 ; 6       ;
;      - picosoc:soc_core|picorv32:cpu|count_instr[6]                            ; 0                 ; 6       ;
;      - picosoc:soc_core|picorv32:cpu|count_cycle[6]                            ; 0                 ; 6       ;
;      - picosoc:soc_core|picorv32:cpu|count_instr[38]                           ; 0                 ; 6       ;
;      - picosoc:soc_core|picorv32:cpu|count_instr[39]                           ; 0                 ; 6       ;
;      - picosoc:soc_core|picorv32:cpu|count_instr[7]                            ; 0                 ; 6       ;
;      - picosoc:soc_core|picorv32:cpu|count_cycle[39]                           ; 0                 ; 6       ;
;      - picosoc:soc_core|picorv32:cpu|count_cycle[7]                            ; 0                 ; 6       ;
;      - picosoc:soc_core|picorv32:cpu|count_instr[8]                            ; 0                 ; 6       ;
;      - picosoc:soc_core|picorv32:cpu|count_cycle[40]                           ; 0                 ; 6       ;
;      - picosoc:soc_core|picorv32:cpu|count_cycle[8]                            ; 0                 ; 6       ;
;      - picosoc:soc_core|picorv32:cpu|count_instr[40]                           ; 0                 ; 6       ;
;      - picosoc:soc_core|picorv32:cpu|count_cycle[41]                           ; 0                 ; 6       ;
;      - picosoc:soc_core|picorv32:cpu|count_instr[9]                            ; 0                 ; 6       ;
;      - picosoc:soc_core|picorv32:cpu|count_cycle[9]                            ; 0                 ; 6       ;
;      - picosoc:soc_core|picorv32:cpu|count_instr[41]                           ; 0                 ; 6       ;
;      - picosoc:soc_core|picorv32:cpu|count_instr[10]                           ; 0                 ; 6       ;
;      - picosoc:soc_core|picorv32:cpu|count_cycle[42]                           ; 0                 ; 6       ;
;      - picosoc:soc_core|picorv32:cpu|count_cycle[10]                           ; 0                 ; 6       ;
;      - picosoc:soc_core|picorv32:cpu|count_instr[42]                           ; 0                 ; 6       ;
;      - picosoc:soc_core|picorv32:cpu|count_cycle[43]                           ; 0                 ; 6       ;
;      - picosoc:soc_core|picorv32:cpu|count_instr[11]                           ; 0                 ; 6       ;
;      - picosoc:soc_core|picorv32:cpu|count_cycle[11]                           ; 0                 ; 6       ;
;      - picosoc:soc_core|picorv32:cpu|count_instr[43]                           ; 0                 ; 6       ;
;      - picosoc:soc_core|picorv32:cpu|count_instr[12]                           ; 0                 ; 6       ;
;      - picosoc:soc_core|picorv32:cpu|count_cycle[44]                           ; 0                 ; 6       ;
;      - picosoc:soc_core|picorv32:cpu|count_cycle[12]                           ; 0                 ; 6       ;
;      - picosoc:soc_core|picorv32:cpu|count_instr[44]                           ; 0                 ; 6       ;
;      - picosoc:soc_core|picorv32:cpu|count_instr[45]                           ; 0                 ; 6       ;
;      - picosoc:soc_core|picorv32:cpu|count_instr[13]                           ; 0                 ; 6       ;
;      - picosoc:soc_core|picorv32:cpu|count_cycle[45]                           ; 0                 ; 6       ;
;      - picosoc:soc_core|picorv32:cpu|count_cycle[13]                           ; 0                 ; 6       ;
;      - picosoc:soc_core|picorv32:cpu|count_cycle[46]                           ; 0                 ; 6       ;
;      - picosoc:soc_core|picorv32:cpu|count_instr[14]                           ; 0                 ; 6       ;
;      - picosoc:soc_core|picorv32:cpu|count_cycle[14]                           ; 0                 ; 6       ;
;      - picosoc:soc_core|picorv32:cpu|count_instr[46]                           ; 0                 ; 6       ;
;      - picosoc:soc_core|picorv32:cpu|count_instr[15]                           ; 0                 ; 6       ;
;      - picosoc:soc_core|picorv32:cpu|count_cycle[47]                           ; 0                 ; 6       ;
;      - picosoc:soc_core|picorv32:cpu|count_cycle[15]                           ; 0                 ; 6       ;
;      - picosoc:soc_core|picorv32:cpu|count_instr[47]                           ; 0                 ; 6       ;
;      - picosoc:soc_core|picorv32:cpu|count_cycle[48]                           ; 0                 ; 6       ;
;      - picosoc:soc_core|picorv32:cpu|count_instr[16]                           ; 0                 ; 6       ;
;      - picosoc:soc_core|picorv32:cpu|count_cycle[16]                           ; 0                 ; 6       ;
;      - picosoc:soc_core|picorv32:cpu|count_instr[48]                           ; 0                 ; 6       ;
;      - picosoc:soc_core|picorv32:cpu|count_instr[17]                           ; 0                 ; 6       ;
;      - picosoc:soc_core|picorv32:cpu|count_cycle[49]                           ; 0                 ; 6       ;
;      - picosoc:soc_core|picorv32:cpu|count_cycle[17]                           ; 0                 ; 6       ;
;      - picosoc:soc_core|picorv32:cpu|count_instr[49]                           ; 0                 ; 6       ;
;      - picosoc:soc_core|picorv32:cpu|count_cycle[50]                           ; 0                 ; 6       ;
;      - picosoc:soc_core|picorv32:cpu|count_instr[18]                           ; 0                 ; 6       ;
;      - picosoc:soc_core|picorv32:cpu|count_cycle[18]                           ; 0                 ; 6       ;
;      - picosoc:soc_core|picorv32:cpu|count_instr[50]                           ; 0                 ; 6       ;
;      - picosoc:soc_core|picorv32:cpu|count_instr[19]                           ; 0                 ; 6       ;
;      - picosoc:soc_core|picorv32:cpu|count_cycle[51]                           ; 0                 ; 6       ;
;      - picosoc:soc_core|picorv32:cpu|count_cycle[19]                           ; 0                 ; 6       ;
;      - picosoc:soc_core|picorv32:cpu|count_instr[51]                           ; 0                 ; 6       ;
;      - picosoc:soc_core|picorv32:cpu|count_cycle[52]                           ; 0                 ; 6       ;
;      - picosoc:soc_core|picorv32:cpu|count_instr[20]                           ; 0                 ; 6       ;
;      - picosoc:soc_core|picorv32:cpu|count_cycle[20]                           ; 0                 ; 6       ;
;      - picosoc:soc_core|picorv32:cpu|count_instr[52]                           ; 0                 ; 6       ;
;      - picosoc:soc_core|picorv32:cpu|count_instr[21]                           ; 0                 ; 6       ;
;      - picosoc:soc_core|picorv32:cpu|count_cycle[53]                           ; 0                 ; 6       ;
;      - picosoc:soc_core|picorv32:cpu|count_cycle[21]                           ; 0                 ; 6       ;
;      - picosoc:soc_core|picorv32:cpu|count_instr[53]                           ; 0                 ; 6       ;
;      - picosoc:soc_core|picorv32:cpu|count_cycle[54]                           ; 0                 ; 6       ;
;      - picosoc:soc_core|picorv32:cpu|count_instr[22]                           ; 0                 ; 6       ;
;      - picosoc:soc_core|picorv32:cpu|count_cycle[22]                           ; 0                 ; 6       ;
;      - picosoc:soc_core|picorv32:cpu|count_instr[54]                           ; 0                 ; 6       ;
;      - picosoc:soc_core|picorv32:cpu|count_instr[23]                           ; 0                 ; 6       ;
;      - picosoc:soc_core|picorv32:cpu|count_cycle[55]                           ; 0                 ; 6       ;
;      - picosoc:soc_core|picorv32:cpu|count_cycle[23]                           ; 0                 ; 6       ;
;      - picosoc:soc_core|picorv32:cpu|count_instr[55]                           ; 0                 ; 6       ;
;      - picosoc:soc_core|picorv32:cpu|count_cycle[56]                           ; 0                 ; 6       ;
;      - picosoc:soc_core|picorv32:cpu|count_instr[24]                           ; 0                 ; 6       ;
;      - picosoc:soc_core|picorv32:cpu|count_cycle[24]                           ; 0                 ; 6       ;
;      - picosoc:soc_core|picorv32:cpu|count_instr[56]                           ; 0                 ; 6       ;
;      - picosoc:soc_core|picorv32:cpu|count_instr[25]                           ; 0                 ; 6       ;
;      - picosoc:soc_core|picorv32:cpu|count_cycle[57]                           ; 0                 ; 6       ;
;      - picosoc:soc_core|picorv32:cpu|count_cycle[25]                           ; 0                 ; 6       ;
;      - picosoc:soc_core|picorv32:cpu|count_instr[57]                           ; 0                 ; 6       ;
;      - picosoc:soc_core|picorv32:cpu|count_cycle[58]                           ; 0                 ; 6       ;
;      - picosoc:soc_core|picorv32:cpu|count_instr[26]                           ; 0                 ; 6       ;
;      - picosoc:soc_core|picorv32:cpu|count_cycle[26]                           ; 0                 ; 6       ;
;      - picosoc:soc_core|picorv32:cpu|count_instr[58]                           ; 0                 ; 6       ;
;      - picosoc:soc_core|picorv32:cpu|count_instr[27]                           ; 0                 ; 6       ;
;      - picosoc:soc_core|picorv32:cpu|count_cycle[59]                           ; 0                 ; 6       ;
;      - picosoc:soc_core|picorv32:cpu|count_cycle[27]                           ; 0                 ; 6       ;
;      - picosoc:soc_core|picorv32:cpu|count_instr[59]                           ; 0                 ; 6       ;
;      - picosoc:soc_core|picorv32:cpu|count_cycle[60]                           ; 0                 ; 6       ;
;      - picosoc:soc_core|picorv32:cpu|count_instr[28]                           ; 0                 ; 6       ;
;      - picosoc:soc_core|picorv32:cpu|count_cycle[28]                           ; 0                 ; 6       ;
;      - picosoc:soc_core|picorv32:cpu|count_instr[60]                           ; 0                 ; 6       ;
;      - picosoc:soc_core|picorv32:cpu|count_instr[29]                           ; 0                 ; 6       ;
;      - picosoc:soc_core|picorv32:cpu|count_cycle[61]                           ; 0                 ; 6       ;
;      - picosoc:soc_core|picorv32:cpu|count_cycle[29]                           ; 0                 ; 6       ;
;      - picosoc:soc_core|picorv32:cpu|count_instr[61]                           ; 0                 ; 6       ;
;      - picosoc:soc_core|picorv32:cpu|count_cycle[62]                           ; 0                 ; 6       ;
;      - picosoc:soc_core|picorv32:cpu|count_instr[30]                           ; 0                 ; 6       ;
;      - picosoc:soc_core|picorv32:cpu|count_cycle[30]                           ; 0                 ; 6       ;
;      - picosoc:soc_core|picorv32:cpu|count_instr[62]                           ; 0                 ; 6       ;
;      - picosoc:soc_core|picorv32:cpu|count_instr[31]                           ; 0                 ; 6       ;
;      - picosoc:soc_core|picorv32:cpu|count_cycle[63]                           ; 0                 ; 6       ;
;      - picosoc:soc_core|picorv32:cpu|count_cycle[31]                           ; 0                 ; 6       ;
;      - picosoc:soc_core|picorv32:cpu|count_instr[63]                           ; 0                 ; 6       ;
;      - picosoc:soc_core|picorv32:cpu|picorv32_pcpi_mul:pcpi_mul|rd[0]          ; 0                 ; 6       ;
;      - picosoc:soc_core|picorv32:cpu|picorv32_pcpi_mul:pcpi_mul|rd[32]         ; 0                 ; 6       ;
;      - picosoc:soc_core|picorv32:cpu|picorv32_pcpi_mul:pcpi_mul|rd[1]          ; 0                 ; 6       ;
;      - picosoc:soc_core|picorv32:cpu|picorv32_pcpi_mul:pcpi_mul|rd[33]         ; 0                 ; 6       ;
;      - picosoc:soc_core|picorv32:cpu|picorv32_pcpi_mul:pcpi_mul|rd[2]          ; 0                 ; 6       ;
;      - picosoc:soc_core|picorv32:cpu|picorv32_pcpi_mul:pcpi_mul|rd[34]         ; 0                 ; 6       ;
;      - picosoc:soc_core|picorv32:cpu|picorv32_pcpi_mul:pcpi_mul|rd[3]          ; 0                 ; 6       ;
;      - picosoc:soc_core|picorv32:cpu|picorv32_pcpi_mul:pcpi_mul|rd[35]         ; 0                 ; 6       ;
;      - picosoc:soc_core|picorv32:cpu|picorv32_pcpi_mul:pcpi_mul|rd[4]          ; 0                 ; 6       ;
;      - picosoc:soc_core|picorv32:cpu|picorv32_pcpi_mul:pcpi_mul|rd[36]         ; 0                 ; 6       ;
;      - picosoc:soc_core|picorv32:cpu|picorv32_pcpi_mul:pcpi_mul|rd[5]          ; 0                 ; 6       ;
;      - picosoc:soc_core|picorv32:cpu|picorv32_pcpi_mul:pcpi_mul|rd[37]         ; 0                 ; 6       ;
;      - picosoc:soc_core|picorv32:cpu|picorv32_pcpi_mul:pcpi_mul|rd[6]          ; 0                 ; 6       ;
;      - picosoc:soc_core|picorv32:cpu|picorv32_pcpi_mul:pcpi_mul|rd[38]         ; 0                 ; 6       ;
;      - picosoc:soc_core|picorv32:cpu|picorv32_pcpi_mul:pcpi_mul|rd[7]          ; 0                 ; 6       ;
;      - picosoc:soc_core|picorv32:cpu|picorv32_pcpi_mul:pcpi_mul|rd[39]         ; 0                 ; 6       ;
;      - picosoc:soc_core|picorv32:cpu|picorv32_pcpi_mul:pcpi_mul|rd[8]          ; 0                 ; 6       ;
;      - picosoc:soc_core|picorv32:cpu|picorv32_pcpi_mul:pcpi_mul|rd[40]         ; 0                 ; 6       ;
;      - picosoc:soc_core|picorv32:cpu|picorv32_pcpi_mul:pcpi_mul|rd[9]          ; 0                 ; 6       ;
;      - picosoc:soc_core|picorv32:cpu|picorv32_pcpi_mul:pcpi_mul|rd[41]         ; 0                 ; 6       ;
;      - picosoc:soc_core|picorv32:cpu|picorv32_pcpi_mul:pcpi_mul|rd[10]         ; 0                 ; 6       ;
;      - picosoc:soc_core|picorv32:cpu|picorv32_pcpi_mul:pcpi_mul|rd[42]         ; 0                 ; 6       ;
;      - picosoc:soc_core|picorv32:cpu|picorv32_pcpi_mul:pcpi_mul|rd[11]         ; 0                 ; 6       ;
;      - picosoc:soc_core|picorv32:cpu|picorv32_pcpi_mul:pcpi_mul|rd[43]         ; 0                 ; 6       ;
;      - picosoc:soc_core|picorv32:cpu|picorv32_pcpi_mul:pcpi_mul|rd[12]         ; 0                 ; 6       ;
;      - picosoc:soc_core|picorv32:cpu|picorv32_pcpi_mul:pcpi_mul|rd[44]         ; 0                 ; 6       ;
;      - picosoc:soc_core|picorv32:cpu|picorv32_pcpi_mul:pcpi_mul|rd[13]         ; 0                 ; 6       ;
;      - picosoc:soc_core|picorv32:cpu|picorv32_pcpi_mul:pcpi_mul|rd[45]         ; 0                 ; 6       ;
;      - picosoc:soc_core|picorv32:cpu|picorv32_pcpi_mul:pcpi_mul|rd[14]         ; 0                 ; 6       ;
;      - picosoc:soc_core|picorv32:cpu|picorv32_pcpi_mul:pcpi_mul|rd[46]         ; 0                 ; 6       ;
;      - picosoc:soc_core|picorv32:cpu|picorv32_pcpi_mul:pcpi_mul|rd[15]         ; 0                 ; 6       ;
;      - picosoc:soc_core|picorv32:cpu|picorv32_pcpi_mul:pcpi_mul|rd[47]         ; 0                 ; 6       ;
;      - picosoc:soc_core|picorv32:cpu|picorv32_pcpi_mul:pcpi_mul|rd[16]         ; 0                 ; 6       ;
;      - picosoc:soc_core|picorv32:cpu|picorv32_pcpi_mul:pcpi_mul|rd[48]         ; 0                 ; 6       ;
;      - picosoc:soc_core|picorv32:cpu|picorv32_pcpi_mul:pcpi_mul|rd[17]         ; 0                 ; 6       ;
;      - picosoc:soc_core|picorv32:cpu|picorv32_pcpi_mul:pcpi_mul|rd[49]         ; 0                 ; 6       ;
;      - picosoc:soc_core|picorv32:cpu|picorv32_pcpi_mul:pcpi_mul|rd[18]         ; 0                 ; 6       ;
;      - picosoc:soc_core|picorv32:cpu|picorv32_pcpi_mul:pcpi_mul|rd[50]         ; 0                 ; 6       ;
;      - picosoc:soc_core|picorv32:cpu|picorv32_pcpi_mul:pcpi_mul|rd[19]         ; 0                 ; 6       ;
;      - picosoc:soc_core|picorv32:cpu|picorv32_pcpi_mul:pcpi_mul|rd[51]         ; 0                 ; 6       ;
;      - picosoc:soc_core|picorv32:cpu|picorv32_pcpi_mul:pcpi_mul|rd[20]         ; 0                 ; 6       ;
;      - picosoc:soc_core|picorv32:cpu|picorv32_pcpi_mul:pcpi_mul|rd[52]         ; 0                 ; 6       ;
;      - picosoc:soc_core|picorv32:cpu|picorv32_pcpi_mul:pcpi_mul|rd[21]         ; 0                 ; 6       ;
;      - picosoc:soc_core|picorv32:cpu|picorv32_pcpi_mul:pcpi_mul|rd[53]         ; 0                 ; 6       ;
;      - picosoc:soc_core|picorv32:cpu|picorv32_pcpi_mul:pcpi_mul|rd[22]         ; 0                 ; 6       ;
;      - picosoc:soc_core|picorv32:cpu|picorv32_pcpi_mul:pcpi_mul|rd[54]         ; 0                 ; 6       ;
;      - picosoc:soc_core|picorv32:cpu|picorv32_pcpi_mul:pcpi_mul|rd[23]         ; 0                 ; 6       ;
;      - picosoc:soc_core|picorv32:cpu|picorv32_pcpi_mul:pcpi_mul|rd[55]         ; 0                 ; 6       ;
;      - picosoc:soc_core|picorv32:cpu|picorv32_pcpi_mul:pcpi_mul|rd[24]         ; 0                 ; 6       ;
;      - picosoc:soc_core|picorv32:cpu|picorv32_pcpi_mul:pcpi_mul|rd[56]         ; 0                 ; 6       ;
;      - picosoc:soc_core|picorv32:cpu|picorv32_pcpi_mul:pcpi_mul|rd[25]         ; 0                 ; 6       ;
;      - picosoc:soc_core|picorv32:cpu|picorv32_pcpi_mul:pcpi_mul|rd[57]         ; 0                 ; 6       ;
;      - picosoc:soc_core|picorv32:cpu|picorv32_pcpi_mul:pcpi_mul|rd[26]         ; 0                 ; 6       ;
;      - picosoc:soc_core|picorv32:cpu|picorv32_pcpi_mul:pcpi_mul|rd[58]         ; 0                 ; 6       ;
;      - picosoc:soc_core|picorv32:cpu|picorv32_pcpi_mul:pcpi_mul|rd[27]         ; 0                 ; 6       ;
;      - picosoc:soc_core|picorv32:cpu|picorv32_pcpi_mul:pcpi_mul|rd[59]         ; 0                 ; 6       ;
;      - picosoc:soc_core|picorv32:cpu|picorv32_pcpi_mul:pcpi_mul|rd[28]         ; 0                 ; 6       ;
;      - picosoc:soc_core|picorv32:cpu|picorv32_pcpi_mul:pcpi_mul|rd[60]         ; 0                 ; 6       ;
;      - picosoc:soc_core|picorv32:cpu|picorv32_pcpi_mul:pcpi_mul|rd[29]         ; 0                 ; 6       ;
;      - picosoc:soc_core|picorv32:cpu|picorv32_pcpi_mul:pcpi_mul|rd[61]         ; 0                 ; 6       ;
;      - picosoc:soc_core|picorv32:cpu|picorv32_pcpi_mul:pcpi_mul|rd[30]         ; 0                 ; 6       ;
;      - picosoc:soc_core|picorv32:cpu|picorv32_pcpi_mul:pcpi_mul|rd[62]         ; 0                 ; 6       ;
;      - picosoc:soc_core|picorv32:cpu|picorv32_pcpi_mul:pcpi_mul|rd[31]         ; 0                 ; 6       ;
;      - picosoc:soc_core|picorv32:cpu|picorv32_pcpi_mul:pcpi_mul|rd[63]         ; 0                 ; 6       ;
;      - picosoc:soc_core|picorv32:cpu|picorv32_pcpi_mul:pcpi_mul|mul_counter[6] ; 0                 ; 6       ;
;      - picosoc:soc_core|picorv32:cpu|picorv32_pcpi_mul:pcpi_mul|mul_counter[5] ; 0                 ; 6       ;
;      - picosoc:soc_core|picorv32:cpu|picorv32_pcpi_mul:pcpi_mul|rdx[32]        ; 0                 ; 6       ;
;      - picosoc:soc_core|picorv32:cpu|picorv32_pcpi_mul:pcpi_mul|rdx[4]         ; 0                 ; 6       ;
;      - picosoc:soc_core|picorv32:cpu|picorv32_pcpi_mul:pcpi_mul|rdx[36]        ; 0                 ; 6       ;
;      - picosoc:soc_core|picorv32:cpu|picorv32_pcpi_mul:pcpi_mul|rdx[8]         ; 0                 ; 6       ;
;      - picosoc:soc_core|picorv32:cpu|picorv32_pcpi_mul:pcpi_mul|rdx[40]        ; 0                 ; 6       ;
;      - picosoc:soc_core|picorv32:cpu|picorv32_pcpi_mul:pcpi_mul|rdx[12]        ; 0                 ; 6       ;
;      - picosoc:soc_core|picorv32:cpu|picorv32_pcpi_mul:pcpi_mul|rdx[44]        ; 0                 ; 6       ;
;      - picosoc:soc_core|picorv32:cpu|picorv32_pcpi_mul:pcpi_mul|rdx[16]        ; 0                 ; 6       ;
;      - picosoc:soc_core|picorv32:cpu|picorv32_pcpi_mul:pcpi_mul|rdx[48]        ; 0                 ; 6       ;
;      - picosoc:soc_core|picorv32:cpu|picorv32_pcpi_mul:pcpi_mul|rdx[20]        ; 0                 ; 6       ;
;      - picosoc:soc_core|picorv32:cpu|picorv32_pcpi_mul:pcpi_mul|rdx[52]        ; 0                 ; 6       ;
;      - picosoc:soc_core|picorv32:cpu|picorv32_pcpi_mul:pcpi_mul|rdx[24]        ; 0                 ; 6       ;
;      - picosoc:soc_core|picorv32:cpu|picorv32_pcpi_mul:pcpi_mul|rdx[56]        ; 0                 ; 6       ;
;      - picosoc:soc_core|picorv32:cpu|picorv32_pcpi_mul:pcpi_mul|rdx[28]        ; 0                 ; 6       ;
;      - picosoc:soc_core|picorv32:cpu|picorv32_pcpi_mul:pcpi_mul|rdx[60]        ; 0                 ; 6       ;
;      - picosoc:soc_core|picorv32:cpu|picorv32_pcpi_mul:pcpi_mul|mul_counter[4] ; 0                 ; 6       ;
;      - picosoc:soc_core|picorv32:cpu|picorv32_pcpi_mul:pcpi_mul|mul_counter[3] ; 0                 ; 6       ;
;      - picosoc:soc_core|picorv32:cpu|picorv32_pcpi_mul:pcpi_mul|mul_counter[2] ; 0                 ; 6       ;
;      - picosoc:soc_core|picorv32:cpu|picorv32_pcpi_mul:pcpi_mul|mul_counter[1] ; 0                 ; 6       ;
;      - picosoc:soc_core|picorv32:cpu|picorv32_pcpi_mul:pcpi_mul|mul_counter[0] ; 0                 ; 6       ;
;      - picosoc:soc_core|simpleuart:simpleuart|send_bitcnt[3]~0                 ; 0                 ; 6       ;
;      - picosoc:soc_core|simpleuart:simpleuart|send_bitcnt[1]~1                 ; 0                 ; 6       ;
;      - picosoc:soc_core|simpleuart:simpleuart|send_bitcnt[3]~2                 ; 0                 ; 6       ;
;      - picosoc:soc_core|simpleuart:simpleuart|send_bitcnt[3]~5                 ; 0                 ; 6       ;
;      - picosoc:soc_core|simpleuart:simpleuart|send_bitcnt[2]~7                 ; 0                 ; 6       ;
;      - picosoc:soc_core|picorv32:cpu|mem_xfer~0                                ; 0                 ; 6       ;
;      - picosoc:soc_core|picorv32:cpu|clear_prefetched_high_word~1              ; 0                 ; 6       ;
;      - picosoc:soc_core|picorv32:cpu|mem_la_read~2                             ; 0                 ; 6       ;
;      - picosoc:soc_core|picorv32:cpu|mem_la_write~1                            ; 0                 ; 6       ;
;      - picosoc:soc_core|picorv32:cpu|always5~0                                 ; 0                 ; 6       ;
;      - picosoc:soc_core|picorv32:cpu|reg_op1[31]                               ; 0                 ; 6       ;
;      - picosoc:soc_core|picorv32:cpu|reg_op1[0]                                ; 0                 ; 6       ;
;      - picosoc:soc_core|simpleuart:simpleuart|cfg_divider~0                    ; 0                 ; 6       ;
;      - picosoc:soc_core|simpleuart:simpleuart|cfg_divider[26]~1                ; 0                 ; 6       ;
;      - picosoc:soc_core|simpleuart:simpleuart|cfg_divider~2                    ; 0                 ; 6       ;
;      - picosoc:soc_core|simpleuart:simpleuart|cfg_divider~3                    ; 0                 ; 6       ;
;      - picosoc:soc_core|simpleuart:simpleuart|cfg_divider~4                    ; 0                 ; 6       ;
;      - picosoc:soc_core|simpleuart:simpleuart|cfg_divider~5                    ; 0                 ; 6       ;
;      - picosoc:soc_core|simpleuart:simpleuart|cfg_divider~6                    ; 0                 ; 6       ;
;      - picosoc:soc_core|simpleuart:simpleuart|cfg_divider~7                    ; 0                 ; 6       ;
;      - picosoc:soc_core|simpleuart:simpleuart|cfg_divider~8                    ; 0                 ; 6       ;
;      - picosoc:soc_core|simpleuart:simpleuart|cfg_divider~9                    ; 0                 ; 6       ;
;      - picosoc:soc_core|simpleuart:simpleuart|cfg_divider[16]~10               ; 0                 ; 6       ;
;      - picosoc:soc_core|spimemio:spimemio|config_ddr~0                         ; 0                 ; 6       ;
;      - picosoc:soc_core|spimemio:spimemio|config_qspi~0                        ; 0                 ; 6       ;
;      - picosoc:soc_core|spimemio:spimemio|config_cont~0                        ; 0                 ; 6       ;
;      - picosoc:soc_core|simpleuart:simpleuart|cfg_divider~11                   ; 0                 ; 6       ;
;      - picosoc:soc_core|spimemio:spimemio|config_dummy~0                       ; 0                 ; 6       ;
;      - picosoc:soc_core|spimemio:spimemio|config_dummy~1                       ; 0                 ; 6       ;
;      - picosoc:soc_core|spimemio:spimemio|config_dummy~2                       ; 0                 ; 6       ;
;      - picosoc:soc_core|simpleuart:simpleuart|cfg_divider~12                   ; 0                 ; 6       ;
;      - picosoc:soc_core|simpleuart:simpleuart|cfg_divider[10]~13               ; 0                 ; 6       ;
;      - picosoc:soc_core|simpleuart:simpleuart|cfg_divider~14                   ; 0                 ; 6       ;
;      - picosoc:soc_core|simpleuart:simpleuart|cfg_divider~15                   ; 0                 ; 6       ;
;      - picosoc:soc_core|simpleuart:simpleuart|cfg_divider~16                   ; 0                 ; 6       ;
;      - picosoc:soc_core|simpleuart:simpleuart|cfg_divider~17                   ; 0                 ; 6       ;
;      - picosoc:soc_core|simpleuart:simpleuart|cfg_divider~18                   ; 0                 ; 6       ;
;      - picosoc:soc_core|simpleuart:simpleuart|cfg_divider~19                   ; 0                 ; 6       ;
;      - picosoc:soc_core|simpleuart:simpleuart|cfg_divider~20                   ; 0                 ; 6       ;
;      - picosoc:soc_core|simpleuart:simpleuart|cfg_divider~21                   ; 0                 ; 6       ;
;      - picosoc:soc_core|simpleuart:simpleuart|cfg_divider[6]~22                ; 0                 ; 6       ;
;      - picosoc:soc_core|simpleuart:simpleuart|cfg_divider~23                   ; 0                 ; 6       ;
;      - picosoc:soc_core|simpleuart:simpleuart|cfg_divider~24                   ; 0                 ; 6       ;
;      - picosoc:soc_core|simpleuart:simpleuart|cfg_divider~25                   ; 0                 ; 6       ;
;      - picosoc:soc_core|simpleuart:simpleuart|cfg_divider~26                   ; 0                 ; 6       ;
;      - picosoc:soc_core|simpleuart:simpleuart|cfg_divider~27                   ; 0                 ; 6       ;
;      - picosoc:soc_core|simpleuart:simpleuart|cfg_divider~28                   ; 0                 ; 6       ;
;      - picosoc:soc_core|simpleuart:simpleuart|cfg_divider~29                   ; 0                 ; 6       ;
;      - picosoc:soc_core|picorv32:cpu|reg_next_pc[9]~38                         ; 0                 ; 6       ;
;      - picosoc:soc_core|picorv32:cpu|prefetched_high_word~0                    ; 0                 ; 6       ;
;      - picosoc:soc_core|spimemio:spimemio|always2~1                            ; 0                 ; 6       ;
;      - picosoc:soc_core|picorv32:cpu|mem_la_firstword_reg~0                    ; 0                 ; 6       ;
;      - picosoc:soc_core|picorv32:cpu|mem_do_prefetch~1                         ; 0                 ; 6       ;
;      - picosoc:soc_core|picorv32:cpu|mem_done~0                                ; 0                 ; 6       ;
;      - picosoc:soc_core|picorv32:cpu|reg_op1[1]~4                              ; 0                 ; 6       ;
;      - picosoc:soc_core|picorv32:cpu|mem_state[1]~1                            ; 0                 ; 6       ;
;      - picosoc:soc_core|picorv32:cpu|mem_state~3                               ; 0                 ; 6       ;
;      - picosoc:soc_core|picorv32:cpu|mem_state[1]~7                            ; 0                 ; 6       ;
;      - picosoc:soc_core|spimemio:spimemio|config_dummy[0]~3                    ; 0                 ; 6       ;
;      - picosoc:soc_core|simpleuart:simpleuart|recv_buf_data~0                  ; 0                 ; 6       ;
;      - picosoc:soc_core|simpleuart:simpleuart|recv_buf_data[0]~1               ; 0                 ; 6       ;
;      - picosoc:soc_core|simpleuart:simpleuart|recv_buf_data~2                  ; 0                 ; 6       ;
;      - picosoc:soc_core|picorv32:cpu|trap~0                                    ; 0                 ; 6       ;
;      - picosoc:soc_core|picorv32:cpu|reg_out[26]~133                           ; 0                 ; 6       ;
;      - picosoc:soc_core|picorv32:cpu|reg_op2[3]~34                             ; 0                 ; 6       ;
;      - picosoc:soc_core|picorv32:cpu|cpu_state~20                              ; 0                 ; 6       ;
;      - picosoc:soc_core|picorv32:cpu|reg_pc~0                                  ; 0                 ; 6       ;
;      - picosoc:soc_core|picorv32:cpu|reg_pc~1                                  ; 0                 ; 6       ;
;      - picosoc:soc_core|picorv32:cpu|reg_pc~2                                  ; 0                 ; 6       ;
;      - picosoc:soc_core|picorv32:cpu|irq_mask[21]~56                           ; 0                 ; 6       ;
;      - picosoc:soc_core|picorv32:cpu|always9~1                                 ; 0                 ; 6       ;
;      - picosoc:soc_core|picorv32:cpu|comb~3                                    ; 0                 ; 6       ;
;      - picosoc:soc_core|picorv32:cpu|count_instr[43]~72                        ; 0                 ; 6       ;
;      - picosoc:soc_core|picorv32:cpu|timer[9]~10                               ; 0                 ; 6       ;
;      - picosoc:soc_core|picorv32:cpu|picorv32_pcpi_mul:pcpi_mul|always3~0      ; 0                 ; 6       ;
;      - picosoc:soc_core|picorv32:cpu|cpu_state.cpu_state_ld_rs1~0              ; 0                 ; 6       ;
;      - picosoc:soc_core|picorv32:cpu|cpu_state~23                              ; 0                 ; 6       ;
;      - picosoc:soc_core|picorv32:cpu|cpu_state~27                              ; 0                 ; 6       ;
;      - picosoc:soc_core|picorv32:cpu|instr_addi~0                              ; 0                 ; 6       ;
;      - picosoc:soc_core|spimemio:spimemio|config_dummy~4                       ; 0                 ; 6       ;
;      - picosoc:soc_core|picorv32:cpu|Selector512~0                             ; 0                 ; 6       ;
;      - picosoc:soc_core|spimemio:spimemio|config_oe[0]~0                       ; 0                 ; 6       ;
;      - picosoc:soc_core|simpleuart:simpleuart|recv_buf_data~3                  ; 0                 ; 6       ;
;      - picosoc:soc_core|picorv32:cpu|next_irq_pending~2                        ; 0                 ; 6       ;
;      - picosoc:soc_core|picorv32:cpu|irq_mask~57                               ; 0                 ; 6       ;
;      - picosoc:soc_core|picorv32:cpu|cpu_state~31                              ; 0                 ; 6       ;
;      - picosoc:soc_core|picorv32:cpu|is_beq_bne_blt_bge_bltu_bgeu~4            ; 0                 ; 6       ;
;      - picosoc:soc_core|simpleuart:simpleuart|recv_buf_data~4                  ; 0                 ; 6       ;
;      - picosoc:soc_core|simpleuart:simpleuart|recv_buf_data~5                  ; 0                 ; 6       ;
;      - picosoc:soc_core|simpleuart:simpleuart|recv_state[0]~3                  ; 0                 ; 6       ;
;      - picosoc:soc_core|simpleuart:simpleuart|recv_state[3]~5                  ; 0                 ; 6       ;
;      - picosoc:soc_core|simpleuart:simpleuart|recv_state[1]~7                  ; 0                 ; 6       ;
;      - picosoc:soc_core|simpleuart:simpleuart|recv_state[3]~8                  ; 0                 ; 6       ;
;      - picosoc:soc_core|simpleuart:simpleuart|recv_divcnt[7]~98                ; 0                 ; 6       ;
;      - picosoc:soc_core|simpleuart:simpleuart|recv_pattern[1]~0                ; 0                 ; 6       ;
;      - picosoc:soc_core|simpleuart:simpleuart|recv_buf_data~6                  ; 0                 ; 6       ;
;      - picosoc:soc_core|picorv32:cpu|reg_pc~3                                  ; 0                 ; 6       ;
;      - picosoc:soc_core|picorv32:cpu|reg_pc~4                                  ; 0                 ; 6       ;
;      - picosoc:soc_core|picorv32:cpu|reg_pc~5                                  ; 0                 ; 6       ;
;      - picosoc:soc_core|picorv32:cpu|reg_pc~6                                  ; 0                 ; 6       ;
;      - picosoc:soc_core|picorv32:cpu|reg_pc~7                                  ; 0                 ; 6       ;
;      - picosoc:soc_core|picorv32:cpu|reg_pc~8                                  ; 0                 ; 6       ;
;      - picosoc:soc_core|picorv32:cpu|reg_pc~9                                  ; 0                 ; 6       ;
;      - picosoc:soc_core|picorv32:cpu|reg_pc~10                                 ; 0                 ; 6       ;
;      - picosoc:soc_core|picorv32:cpu|reg_pc~11                                 ; 0                 ; 6       ;
;      - picosoc:soc_core|picorv32:cpu|reg_pc~12                                 ; 0                 ; 6       ;
;      - picosoc:soc_core|simpleuart:simpleuart|recv_buf_data~7                  ; 0                 ; 6       ;
;      - picosoc:soc_core|spimemio:spimemio|config_csb~0                         ; 0                 ; 6       ;
;      - picosoc:soc_core|simpleuart:simpleuart|recv_buf_data~8                  ; 0                 ; 6       ;
;      - picosoc:soc_core|picorv32:cpu|reg_pc~13                                 ; 0                 ; 6       ;
;      - picosoc:soc_core|picorv32:cpu|reg_pc~14                                 ; 0                 ; 6       ;
;      - picosoc:soc_core|picorv32:cpu|reg_pc~15                                 ; 0                 ; 6       ;
;      - picosoc:soc_core|picorv32:cpu|reg_pc~16                                 ; 0                 ; 6       ;
;      - picosoc:soc_core|picorv32:cpu|reg_pc~17                                 ; 0                 ; 6       ;
;      - picosoc:soc_core|picorv32:cpu|reg_pc~18                                 ; 0                 ; 6       ;
;      - picosoc:soc_core|picorv32:cpu|reg_pc~19                                 ; 0                 ; 6       ;
;      - picosoc:soc_core|picorv32:cpu|reg_pc~20                                 ; 0                 ; 6       ;
;      - picosoc:soc_core|picorv32:cpu|reg_pc~21                                 ; 0                 ; 6       ;
;      - picosoc:soc_core|picorv32:cpu|reg_pc~22                                 ; 0                 ; 6       ;
;      - picosoc:soc_core|picorv32:cpu|reg_pc~23                                 ; 0                 ; 6       ;
;      - picosoc:soc_core|picorv32:cpu|reg_pc~24                                 ; 0                 ; 6       ;
;      - picosoc:soc_core|picorv32:cpu|reg_pc~25                                 ; 0                 ; 6       ;
;      - picosoc:soc_core|picorv32:cpu|reg_pc~26                                 ; 0                 ; 6       ;
;      - picosoc:soc_core|picorv32:cpu|reg_pc~27                                 ; 0                 ; 6       ;
;      - picosoc:soc_core|picorv32:cpu|irq_mask~58                               ; 0                 ; 6       ;
;      - picosoc:soc_core|picorv32:cpu|reg_pc~28                                 ; 0                 ; 6       ;
;      - picosoc:soc_core|picorv32:cpu|reg_pc~29                                 ; 0                 ; 6       ;
;      - picosoc:soc_core|picorv32:cpu|irq_mask~59                               ; 0                 ; 6       ;
;      - picosoc:soc_core|picorv32:cpu|reg_pc~30                                 ; 0                 ; 6       ;
;      - picosoc:soc_core|picorv32:cpu|irq_mask~60                               ; 0                 ; 6       ;
;      - picosoc:soc_core|picorv32:cpu|Selector512~1                             ; 0                 ; 6       ;
;      - picosoc:soc_core|picorv32:cpu|latched_compr~0                           ; 0                 ; 6       ;
;      - picosoc:soc_core|picorv32:cpu|latched_rd[4]~6                           ; 0                 ; 6       ;
;      - picosoc:soc_core|picorv32:cpu|picorv32_pcpi_mul:pcpi_mul|rs1[0]         ; 0                 ; 6       ;
;      - picosoc:soc_core|picorv32:cpu|picorv32_pcpi_mul:pcpi_mul|rs2[3]         ; 0                 ; 6       ;
;      - picosoc:soc_core|picorv32:cpu|picorv32_pcpi_mul:pcpi_mul|rs2[2]         ; 0                 ; 6       ;
;      - picosoc:soc_core|picorv32:cpu|picorv32_pcpi_mul:pcpi_mul|rs2[1]         ; 0                 ; 6       ;
;      - picosoc:soc_core|picorv32:cpu|picorv32_pcpi_mul:pcpi_mul|rs2[0]         ; 0                 ; 6       ;
;      - picosoc:soc_core|picorv32:cpu|picorv32_pcpi_mul:pcpi_mul|rs2[35]        ; 0                 ; 6       ;
;      - picosoc:soc_core|picorv32:cpu|picorv32_pcpi_mul:pcpi_mul|rs2[34]        ; 0                 ; 6       ;
;      - picosoc:soc_core|picorv32:cpu|picorv32_pcpi_mul:pcpi_mul|rs2[33]        ; 0                 ; 6       ;
;      - picosoc:soc_core|picorv32:cpu|picorv32_pcpi_mul:pcpi_mul|rs2[32]        ; 0                 ; 6       ;
;      - picosoc:soc_core|picorv32:cpu|always17~7                                ; 0                 ; 6       ;
;      - picosoc:soc_core|picorv32:cpu|pcpi_timeout~0                            ; 0                 ; 6       ;
;      - picosoc:soc_core|simpleuart:simpleuart|recv_pattern~1                   ; 0                 ; 6       ;
;      - picosoc:soc_core|picorv32:cpu|picorv32_pcpi_mul:pcpi_mul|rs2[13]        ; 0                 ; 6       ;
;      - picosoc:soc_core|picorv32:cpu|picorv32_pcpi_mul:pcpi_mul|rs2[12]        ; 0                 ; 6       ;
;      - picosoc:soc_core|picorv32:cpu|picorv32_pcpi_mul:pcpi_mul|rs2[45]        ; 0                 ; 6       ;
;      - picosoc:soc_core|picorv32:cpu|picorv32_pcpi_mul:pcpi_mul|rs2[44]        ; 0                 ; 6       ;
;      - picosoc:soc_core|picorv32:cpu|picorv32_pcpi_mul:pcpi_mul|rs2[11]        ; 0                 ; 6       ;
;      - picosoc:soc_core|picorv32:cpu|picorv32_pcpi_mul:pcpi_mul|rs2[10]        ; 0                 ; 6       ;
;      - picosoc:soc_core|picorv32:cpu|picorv32_pcpi_mul:pcpi_mul|rs2[9]         ; 0                 ; 6       ;
;      - picosoc:soc_core|picorv32:cpu|picorv32_pcpi_mul:pcpi_mul|rs2[8]         ; 0                 ; 6       ;
;      - picosoc:soc_core|picorv32:cpu|picorv32_pcpi_mul:pcpi_mul|rs2[43]        ; 0                 ; 6       ;
;      - picosoc:soc_core|picorv32:cpu|picorv32_pcpi_mul:pcpi_mul|rs2[42]        ; 0                 ; 6       ;
;      - picosoc:soc_core|picorv32:cpu|picorv32_pcpi_mul:pcpi_mul|rs2[41]        ; 0                 ; 6       ;
;      - picosoc:soc_core|picorv32:cpu|picorv32_pcpi_mul:pcpi_mul|rs2[40]        ; 0                 ; 6       ;
;      - picosoc:soc_core|picorv32:cpu|picorv32_pcpi_mul:pcpi_mul|rs2[7]         ; 0                 ; 6       ;
;      - picosoc:soc_core|picorv32:cpu|picorv32_pcpi_mul:pcpi_mul|rs2[6]         ; 0                 ; 6       ;
;      - picosoc:soc_core|picorv32:cpu|picorv32_pcpi_mul:pcpi_mul|rs2[5]         ; 0                 ; 6       ;
;      - picosoc:soc_core|picorv32:cpu|picorv32_pcpi_mul:pcpi_mul|rs2[4]         ; 0                 ; 6       ;
;      - picosoc:soc_core|picorv32:cpu|picorv32_pcpi_mul:pcpi_mul|rs2[39]        ; 0                 ; 6       ;
;      - picosoc:soc_core|picorv32:cpu|picorv32_pcpi_mul:pcpi_mul|rs2[38]        ; 0                 ; 6       ;
;      - picosoc:soc_core|picorv32:cpu|picorv32_pcpi_mul:pcpi_mul|rs2[37]        ; 0                 ; 6       ;
;      - picosoc:soc_core|picorv32:cpu|picorv32_pcpi_mul:pcpi_mul|rs2[36]        ; 0                 ; 6       ;
;      - picosoc:soc_core|picorv32:cpu|picorv32_pcpi_mul:pcpi_mul|rs2[14]        ; 0                 ; 6       ;
;      - picosoc:soc_core|picorv32:cpu|picorv32_pcpi_mul:pcpi_mul|rs2[46]        ; 0                 ; 6       ;
;      - picosoc:soc_core|picorv32:cpu|picorv32_pcpi_mul:pcpi_mul|rs2[15]        ; 0                 ; 6       ;
;      - picosoc:soc_core|picorv32:cpu|picorv32_pcpi_mul:pcpi_mul|rs2[47]        ; 0                 ; 6       ;
;      - picosoc:soc_core|picorv32:cpu|picorv32_pcpi_mul:pcpi_mul|rs2[16]        ; 0                 ; 6       ;
;      - picosoc:soc_core|picorv32:cpu|picorv32_pcpi_mul:pcpi_mul|rs2[48]        ; 0                 ; 6       ;
;      - picosoc:soc_core|picorv32:cpu|picorv32_pcpi_mul:pcpi_mul|rs2[17]        ; 0                 ; 6       ;
;      - picosoc:soc_core|picorv32:cpu|picorv32_pcpi_mul:pcpi_mul|rs2[49]        ; 0                 ; 6       ;
;      - picosoc:soc_core|picorv32:cpu|picorv32_pcpi_mul:pcpi_mul|rs2[18]        ; 0                 ; 6       ;
;      - picosoc:soc_core|picorv32:cpu|picorv32_pcpi_mul:pcpi_mul|rs2[50]        ; 0                 ; 6       ;
;      - picosoc:soc_core|picorv32:cpu|picorv32_pcpi_mul:pcpi_mul|rs2[19]        ; 0                 ; 6       ;
;      - picosoc:soc_core|picorv32:cpu|picorv32_pcpi_mul:pcpi_mul|rs2[51]        ; 0                 ; 6       ;
;      - picosoc:soc_core|picorv32:cpu|picorv32_pcpi_mul:pcpi_mul|rs2[20]        ; 0                 ; 6       ;
;      - picosoc:soc_core|picorv32:cpu|picorv32_pcpi_mul:pcpi_mul|rs2[52]        ; 0                 ; 6       ;
;      - picosoc:soc_core|picorv32:cpu|picorv32_pcpi_mul:pcpi_mul|rs2[21]        ; 0                 ; 6       ;
;      - picosoc:soc_core|picorv32:cpu|picorv32_pcpi_mul:pcpi_mul|rs2[53]        ; 0                 ; 6       ;
;      - picosoc:soc_core|picorv32:cpu|picorv32_pcpi_mul:pcpi_mul|rs2[22]        ; 0                 ; 6       ;
;      - picosoc:soc_core|picorv32:cpu|picorv32_pcpi_mul:pcpi_mul|rs2[54]        ; 0                 ; 6       ;
;      - picosoc:soc_core|picorv32:cpu|picorv32_pcpi_mul:pcpi_mul|rs2[23]        ; 0                 ; 6       ;
;      - picosoc:soc_core|picorv32:cpu|picorv32_pcpi_mul:pcpi_mul|rs2[55]        ; 0                 ; 6       ;
;      - picosoc:soc_core|picorv32:cpu|picorv32_pcpi_mul:pcpi_mul|rs2[24]        ; 0                 ; 6       ;
;      - picosoc:soc_core|picorv32:cpu|picorv32_pcpi_mul:pcpi_mul|rs2[56]        ; 0                 ; 6       ;
;      - picosoc:soc_core|picorv32:cpu|picorv32_pcpi_mul:pcpi_mul|rs2[28]        ; 0                 ; 6       ;
;      - picosoc:soc_core|picorv32:cpu|picorv32_pcpi_mul:pcpi_mul|rs2[60]        ; 0                 ; 6       ;
;      - picosoc:soc_core|picorv32:cpu|picorv32_pcpi_mul:pcpi_mul|rs2[27]        ; 0                 ; 6       ;
;      - picosoc:soc_core|picorv32:cpu|picorv32_pcpi_mul:pcpi_mul|rs2[26]        ; 0                 ; 6       ;
;      - picosoc:soc_core|picorv32:cpu|picorv32_pcpi_mul:pcpi_mul|rs2[25]        ; 0                 ; 6       ;
;      - picosoc:soc_core|picorv32:cpu|picorv32_pcpi_mul:pcpi_mul|rs2[59]        ; 0                 ; 6       ;
;      - picosoc:soc_core|picorv32:cpu|picorv32_pcpi_mul:pcpi_mul|rs2[58]        ; 0                 ; 6       ;
;      - picosoc:soc_core|picorv32:cpu|picorv32_pcpi_mul:pcpi_mul|rs2[57]        ; 0                 ; 6       ;
;      - picosoc:soc_core|picorv32:cpu|picorv32_pcpi_mul:pcpi_mul|rs2[29]        ; 0                 ; 6       ;
;      - picosoc:soc_core|picorv32:cpu|picorv32_pcpi_mul:pcpi_mul|rs2[61]        ; 0                 ; 6       ;
;      - picosoc:soc_core|picorv32:cpu|picorv32_pcpi_mul:pcpi_mul|rs2[30]        ; 0                 ; 6       ;
;      - picosoc:soc_core|picorv32:cpu|picorv32_pcpi_mul:pcpi_mul|rs2[62]        ; 0                 ; 6       ;
;      - picosoc:soc_core|picorv32:cpu|picorv32_pcpi_mul:pcpi_mul|rs2[31]        ; 0                 ; 6       ;
;      - picosoc:soc_core|picorv32:cpu|picorv32_pcpi_mul:pcpi_mul|rs2[63]        ; 0                 ; 6       ;
;      - picosoc:soc_core|picorv32:cpu|picorv32_pcpi_mul:pcpi_mul|rs1[1]         ; 0                 ; 6       ;
;      - picosoc:soc_core|picorv32:cpu|always17~8                                ; 0                 ; 6       ;
;      - picosoc:soc_core|picorv32:cpu|picorv32_pcpi_mul:pcpi_mul|rs1[2]         ; 0                 ; 6       ;
;      - picosoc:soc_core|picorv32:cpu|picorv32_pcpi_mul:pcpi_mul|rs1[3]         ; 0                 ; 6       ;
;      - picosoc:soc_core|picorv32:cpu|picorv32_pcpi_mul:pcpi_mul|rs1[4]         ; 0                 ; 6       ;
;      - picosoc:soc_core|picorv32:cpu|picorv32_pcpi_mul:pcpi_mul|rs1[5]         ; 0                 ; 6       ;
;      - picosoc:soc_core|picorv32:cpu|picorv32_pcpi_mul:pcpi_mul|rs1[6]         ; 0                 ; 6       ;
;      - picosoc:soc_core|picorv32:cpu|picorv32_pcpi_mul:pcpi_mul|rs1[7]         ; 0                 ; 6       ;
;      - picosoc:soc_core|picorv32:cpu|picorv32_pcpi_mul:pcpi_mul|rs1[8]         ; 0                 ; 6       ;
;      - picosoc:soc_core|picorv32:cpu|picorv32_pcpi_mul:pcpi_mul|rs1[9]         ; 0                 ; 6       ;
;      - picosoc:soc_core|picorv32:cpu|picorv32_pcpi_mul:pcpi_mul|rs1[10]        ; 0                 ; 6       ;
;      - picosoc:soc_core|picorv32:cpu|picorv32_pcpi_mul:pcpi_mul|rs1[11]        ; 0                 ; 6       ;
;      - picosoc:soc_core|picorv32:cpu|picorv32_pcpi_mul:pcpi_mul|rs1[12]        ; 0                 ; 6       ;
;      - picosoc:soc_core|picorv32:cpu|picorv32_pcpi_mul:pcpi_mul|rs1[13]        ; 0                 ; 6       ;
;      - picosoc:soc_core|picorv32:cpu|picorv32_pcpi_mul:pcpi_mul|rs1[14]        ; 0                 ; 6       ;
;      - picosoc:soc_core|picorv32:cpu|picorv32_pcpi_mul:pcpi_mul|rs1[15]        ; 0                 ; 6       ;
;      - picosoc:soc_core|picorv32:cpu|picorv32_pcpi_mul:pcpi_mul|rs1[16]        ; 0                 ; 6       ;
;      - picosoc:soc_core|picorv32:cpu|picorv32_pcpi_mul:pcpi_mul|rs1[17]        ; 0                 ; 6       ;
;      - picosoc:soc_core|picorv32:cpu|picorv32_pcpi_mul:pcpi_mul|rs1[18]        ; 0                 ; 6       ;
;      - picosoc:soc_core|picorv32:cpu|picorv32_pcpi_mul:pcpi_mul|rs1[19]        ; 0                 ; 6       ;
;      - picosoc:soc_core|picorv32:cpu|picorv32_pcpi_mul:pcpi_mul|rs1[20]        ; 0                 ; 6       ;
;      - picosoc:soc_core|picorv32:cpu|picorv32_pcpi_mul:pcpi_mul|rs1[21]        ; 0                 ; 6       ;
;      - picosoc:soc_core|picorv32:cpu|picorv32_pcpi_mul:pcpi_mul|rs1[22]        ; 0                 ; 6       ;
;      - picosoc:soc_core|picorv32:cpu|picorv32_pcpi_mul:pcpi_mul|rs1[23]        ; 0                 ; 6       ;
;      - picosoc:soc_core|picorv32:cpu|picorv32_pcpi_mul:pcpi_mul|rs1[24]        ; 0                 ; 6       ;
;      - picosoc:soc_core|picorv32:cpu|picorv32_pcpi_mul:pcpi_mul|rs1[25]        ; 0                 ; 6       ;
;      - picosoc:soc_core|picorv32:cpu|picorv32_pcpi_mul:pcpi_mul|rs1[26]        ; 0                 ; 6       ;
;      - picosoc:soc_core|picorv32:cpu|picorv32_pcpi_mul:pcpi_mul|rs1[27]        ; 0                 ; 6       ;
;      - picosoc:soc_core|picorv32:cpu|picorv32_pcpi_mul:pcpi_mul|rs1[28]        ; 0                 ; 6       ;
;      - picosoc:soc_core|picorv32:cpu|picorv32_pcpi_mul:pcpi_mul|rs1[29]        ; 0                 ; 6       ;
;      - picosoc:soc_core|picorv32:cpu|picorv32_pcpi_mul:pcpi_mul|rs1[30]        ; 0                 ; 6       ;
;      - picosoc:soc_core|picorv32:cpu|picorv32_pcpi_mul:pcpi_mul|rs1[31]        ; 0                 ; 6       ;
;      - picosoc:soc_core|picorv32:cpu|picorv32_pcpi_mul:pcpi_mul|rs1[32]        ; 0                 ; 6       ;
;      - picosoc:soc_core|picorv32:cpu|picorv32_pcpi_mul:pcpi_mul|rs1[33]        ; 0                 ; 6       ;
;      - picosoc:soc_core|picorv32:cpu|picorv32_pcpi_mul:pcpi_mul|rs1[34]        ; 0                 ; 6       ;
;      - picosoc:soc_core|picorv32:cpu|picorv32_pcpi_mul:pcpi_mul|rs1[35]        ; 0                 ; 6       ;
;      - picosoc:soc_core|picorv32:cpu|picorv32_pcpi_mul:pcpi_mul|rs1[36]        ; 0                 ; 6       ;
;      - picosoc:soc_core|picorv32:cpu|picorv32_pcpi_mul:pcpi_mul|rs1[37]        ; 0                 ; 6       ;
;      - picosoc:soc_core|picorv32:cpu|picorv32_pcpi_mul:pcpi_mul|rs1[38]        ; 0                 ; 6       ;
;      - picosoc:soc_core|picorv32:cpu|picorv32_pcpi_mul:pcpi_mul|rs1[39]        ; 0                 ; 6       ;
;      - picosoc:soc_core|picorv32:cpu|picorv32_pcpi_mul:pcpi_mul|rs1[40]        ; 0                 ; 6       ;
;      - picosoc:soc_core|picorv32:cpu|picorv32_pcpi_mul:pcpi_mul|rs1[41]        ; 0                 ; 6       ;
;      - picosoc:soc_core|picorv32:cpu|picorv32_pcpi_mul:pcpi_mul|rs1[42]        ; 0                 ; 6       ;
;      - picosoc:soc_core|picorv32:cpu|picorv32_pcpi_mul:pcpi_mul|rs1[43]        ; 0                 ; 6       ;
;      - picosoc:soc_core|picorv32:cpu|picorv32_pcpi_mul:pcpi_mul|rs1[44]        ; 0                 ; 6       ;
;      - picosoc:soc_core|picorv32:cpu|picorv32_pcpi_mul:pcpi_mul|rs1[45]        ; 0                 ; 6       ;
;      - picosoc:soc_core|picorv32:cpu|picorv32_pcpi_mul:pcpi_mul|rs1[46]        ; 0                 ; 6       ;
;      - picosoc:soc_core|picorv32:cpu|picorv32_pcpi_mul:pcpi_mul|rs1[47]        ; 0                 ; 6       ;
;      - picosoc:soc_core|picorv32:cpu|picorv32_pcpi_mul:pcpi_mul|rs1[48]        ; 0                 ; 6       ;
;      - picosoc:soc_core|picorv32:cpu|picorv32_pcpi_mul:pcpi_mul|rs1[49]        ; 0                 ; 6       ;
;      - picosoc:soc_core|picorv32:cpu|picorv32_pcpi_mul:pcpi_mul|rs1[50]        ; 0                 ; 6       ;
;      - picosoc:soc_core|picorv32:cpu|picorv32_pcpi_mul:pcpi_mul|rs1[51]        ; 0                 ; 6       ;
;      - picosoc:soc_core|picorv32:cpu|picorv32_pcpi_mul:pcpi_mul|rs1[52]        ; 0                 ; 6       ;
;      - picosoc:soc_core|picorv32:cpu|picorv32_pcpi_mul:pcpi_mul|rs1[53]        ; 0                 ; 6       ;
;      - picosoc:soc_core|picorv32:cpu|picorv32_pcpi_mul:pcpi_mul|rs1[54]        ; 0                 ; 6       ;
;      - picosoc:soc_core|picorv32:cpu|picorv32_pcpi_mul:pcpi_mul|rs1[55]        ; 0                 ; 6       ;
;      - picosoc:soc_core|picorv32:cpu|picorv32_pcpi_mul:pcpi_mul|rs1[56]        ; 0                 ; 6       ;
;      - picosoc:soc_core|picorv32:cpu|picorv32_pcpi_mul:pcpi_mul|rs1[57]        ; 0                 ; 6       ;
;      - picosoc:soc_core|picorv32:cpu|picorv32_pcpi_mul:pcpi_mul|rs1[58]        ; 0                 ; 6       ;
;      - picosoc:soc_core|picorv32:cpu|picorv32_pcpi_mul:pcpi_mul|rs1[59]        ; 0                 ; 6       ;
;      - picosoc:soc_core|picorv32:cpu|picorv32_pcpi_mul:pcpi_mul|rs1[60]        ; 0                 ; 6       ;
;      - picosoc:soc_core|picorv32:cpu|picorv32_pcpi_mul:pcpi_mul|rs1[61]        ; 0                 ; 6       ;
;      - picosoc:soc_core|picorv32:cpu|picorv32_pcpi_mul:pcpi_mul|rs1[62]        ; 0                 ; 6       ;
;      - picosoc:soc_core|picorv32:cpu|picorv32_pcpi_mul:pcpi_mul|rs1[63]        ; 0                 ; 6       ;
;      - picosoc:soc_core|picorv32:cpu|mem_addr[31]~92                           ; 0                 ; 6       ;
;      - picosoc:soc_core|picorv32:cpu|mem_valid~5                               ; 0                 ; 6       ;
;      - picosoc:soc_core|picorv32:cpu|mem_wdata[0]~2                            ; 0                 ; 6       ;
;      - picosoc:soc_core|spimemio:spimemio|rd_addr[23]~24                       ; 0                 ; 6       ;
;      - picosoc:soc_core|picorv32:cpu|always3~2                                 ; 0                 ; 6       ;
;      - picosoc:soc_core|picorv32:cpu|irq_mask~61                               ; 0                 ; 6       ;
;      - picosoc:soc_core|picorv32:cpu|irq_mask~62                               ; 0                 ; 6       ;
;      - picosoc:soc_core|picorv32:cpu|irq_mask~63                               ; 0                 ; 6       ;
;      - picosoc:soc_core|picorv32:cpu|irq_mask~64                               ; 0                 ; 6       ;
;      - picosoc:soc_core|picorv32:cpu|irq_mask~65                               ; 0                 ; 6       ;
;      - picosoc:soc_core|picorv32:cpu|irq_mask~66                               ; 0                 ; 6       ;
;      - picosoc:soc_core|picorv32:cpu|irq_mask~67                               ; 0                 ; 6       ;
;      - picosoc:soc_core|picorv32:cpu|irq_mask~68                               ; 0                 ; 6       ;
;      - picosoc:soc_core|picorv32:cpu|irq_mask~69                               ; 0                 ; 6       ;
;      - picosoc:soc_core|picorv32:cpu|irq_mask~70                               ; 0                 ; 6       ;
;      - picosoc:soc_core|picorv32:cpu|irq_mask~71                               ; 0                 ; 6       ;
;      - picosoc:soc_core|picorv32:cpu|irq_mask~72                               ; 0                 ; 6       ;
;      - picosoc:soc_core|picorv32:cpu|irq_mask~73                               ; 0                 ; 6       ;
;      - picosoc:soc_core|picorv32:cpu|irq_mask~74                               ; 0                 ; 6       ;
;      - picosoc:soc_core|picorv32:cpu|irq_mask~75                               ; 0                 ; 6       ;
;      - picosoc:soc_core|picorv32:cpu|irq_mask~76                               ; 0                 ; 6       ;
;      - picosoc:soc_core|picorv32:cpu|irq_mask~77                               ; 0                 ; 6       ;
;      - picosoc:soc_core|picorv32:cpu|irq_mask~78                               ; 0                 ; 6       ;
;      - picosoc:soc_core|picorv32:cpu|irq_mask~79                               ; 0                 ; 6       ;
;      - picosoc:soc_core|picorv32:cpu|irq_mask~80                               ; 0                 ; 6       ;
;      - picosoc:soc_core|picorv32:cpu|irq_mask~81                               ; 0                 ; 6       ;
;      - picosoc:soc_core|picorv32:cpu|irq_mask~82                               ; 0                 ; 6       ;
;      - picosoc:soc_core|picorv32:cpu|irq_mask~83                               ; 0                 ; 6       ;
;      - picosoc:soc_core|picorv32:cpu|irq_mask~84                               ; 0                 ; 6       ;
;      - picosoc:soc_core|picorv32:cpu|irq_mask~85                               ; 0                 ; 6       ;
;      - picosoc:soc_core|picorv32:cpu|irq_mask~86                               ; 0                 ; 6       ;
;      - picosoc:soc_core|picorv32:cpu|irq_mask~87                               ; 0                 ; 6       ;
;      - picosoc:soc_core|picorv32:cpu|irq_mask~88                               ; 0                 ; 6       ;
;      - picosoc:soc_core|picorv32:cpu|latched_rd~8                              ; 0                 ; 6       ;
;      - picosoc:soc_core|picorv32:cpu|latched_rd~9                              ; 0                 ; 6       ;
;      - picosoc:soc_core|spimemio:spimemio|din_rd~3                             ; 0                 ; 6       ;
;      - LEDR[8]~output                                                          ; 0                 ; 6       ;
; MAX10_CLK1_50                                                                  ;                   ;         ;
; UART_RX                                                                        ;                   ;         ;
;      - picosoc:soc_core|simpleuart:simpleuart|recv_state[3]~1                  ; 0                 ; 6       ;
;      - picosoc:soc_core|simpleuart:simpleuart|recv_pattern~1                   ; 0                 ; 6       ;
+--------------------------------------------------------------------------------+-------------------+---------+


+--------------------------------------------------------------------------------------------------------------------------------------------------------------------------------------------------------------------------------------------+
; Control Signals                                                                                                                                                                                                                            ;
+------------------------------------------------------------------------+--------------------+---------+-----------------------------------------------------+--------+----------------------+------------------+---------------------------+
; Name                                                                   ; Location           ; Fan-Out ; Usage                                               ; Global ; Global Resource Used ; Global Line Name ; Enable Signal Source Name ;
+------------------------------------------------------------------------+--------------------+---------+-----------------------------------------------------+--------+----------------------+------------------+---------------------------+
; KEY[0]                                                                 ; PIN_B8             ; 653     ; Async. clear, Clock enable, Sync. clear, Sync. load ; no     ; --                   ; --               ; --                        ;
; MAX10_CLK1_50                                                          ; PIN_P11            ; 1268    ; Clock                                               ; yes    ; Global Clock         ; GCLK19           ; --                        ;
; picosoc:soc_core|always1~3                                             ; LCCOMB_X37_Y27_N16 ; 8       ; Clock enable                                        ; no     ; --                   ; --               ; --                        ;
; picosoc:soc_core|comb~3                                                ; LCCOMB_X37_Y25_N30 ; 2       ; Write enable                                        ; no     ; --                   ; --               ; --                        ;
; picosoc:soc_core|comb~4                                                ; LCCOMB_X37_Y25_N18 ; 2       ; Write enable                                        ; no     ; --                   ; --               ; --                        ;
; picosoc:soc_core|comb~5                                                ; LCCOMB_X37_Y25_N24 ; 2       ; Write enable                                        ; no     ; --                   ; --               ; --                        ;
; picosoc:soc_core|comb~6                                                ; LCCOMB_X37_Y25_N10 ; 2       ; Write enable                                        ; no     ; --                   ; --               ; --                        ;
; picosoc:soc_core|picorv32:cpu|Equal7~0                                 ; LCCOMB_X35_Y22_N16 ; 43      ; Sync. load                                          ; no     ; --                   ; --               ; --                        ;
; picosoc:soc_core|picorv32:cpu|Selector28~0                             ; LCCOMB_X29_Y22_N20 ; 26      ; Sync. load                                          ; no     ; --                   ; --               ; --                        ;
; picosoc:soc_core|picorv32:cpu|always3~2                                ; LCCOMB_X30_Y22_N14 ; 20      ; Sync. load                                          ; no     ; --                   ; --               ; --                        ;
; picosoc:soc_core|picorv32:cpu|always9~0                                ; LCCOMB_X34_Y20_N6  ; 69      ; Clock enable                                        ; no     ; --                   ; --               ; --                        ;
; picosoc:soc_core|picorv32:cpu|always9~1                                ; LCCOMB_X35_Y22_N4  ; 59      ; Clock enable                                        ; no     ; --                   ; --               ; --                        ;
; picosoc:soc_core|picorv32:cpu|comb~0                                   ; LCCOMB_X37_Y24_N20 ; 33      ; Sync. load                                          ; no     ; --                   ; --               ; --                        ;
; picosoc:soc_core|picorv32:cpu|comb~4                                   ; LCCOMB_X32_Y19_N4  ; 4       ; Write enable                                        ; no     ; --                   ; --               ; --                        ;
; picosoc:soc_core|picorv32:cpu|count_instr[43]~72                       ; LCCOMB_X27_Y19_N20 ; 64      ; Clock enable                                        ; no     ; --                   ; --               ; --                        ;
; picosoc:soc_core|picorv32:cpu|cpu_state.cpu_state_fetch                ; FF_X26_Y20_N19     ; 22      ; Sync. load                                          ; no     ; --                   ; --               ; --                        ;
; picosoc:soc_core|picorv32:cpu|cpu_state.cpu_state_ld_rs1               ; FF_X26_Y20_N31     ; 85      ; Sync. load                                          ; no     ; --                   ; --               ; --                        ;
; picosoc:soc_core|picorv32:cpu|cpu_state.cpu_state_ldmem                ; FF_X27_Y20_N15     ; 23      ; Sync. load                                          ; no     ; --                   ; --               ; --                        ;
; picosoc:soc_core|picorv32:cpu|instr_addi~0                             ; LCCOMB_X34_Y20_N8  ; 24      ; Clock enable                                        ; no     ; --                   ; --               ; --                        ;
; picosoc:soc_core|picorv32:cpu|irq_mask[21]~56                          ; LCCOMB_X25_Y20_N0  ; 32      ; Clock enable                                        ; no     ; --                   ; --               ; --                        ;
; picosoc:soc_core|picorv32:cpu|latched_rd[4]~6                          ; LCCOMB_X26_Y21_N14 ; 4       ; Clock enable                                        ; no     ; --                   ; --               ; --                        ;
; picosoc:soc_core|picorv32:cpu|mem_16bit_buffer[1]~1                    ; LCCOMB_X36_Y22_N24 ; 16      ; Clock enable                                        ; no     ; --                   ; --               ; --                        ;
; picosoc:soc_core|picorv32:cpu|mem_addr[31]~92                          ; LCCOMB_X36_Y22_N10 ; 30      ; Clock enable                                        ; no     ; --                   ; --               ; --                        ;
; picosoc:soc_core|picorv32:cpu|mem_rdata_q[10]~40                       ; LCCOMB_X30_Y22_N22 ; 2       ; Clock enable                                        ; no     ; --                   ; --               ; --                        ;
; picosoc:soc_core|picorv32:cpu|mem_rdata_q[15]~29                       ; LCCOMB_X30_Y22_N4  ; 5       ; Clock enable                                        ; no     ; --                   ; --               ; --                        ;
; picosoc:soc_core|picorv32:cpu|mem_rdata_q[20]~60                       ; LCCOMB_X30_Y21_N0  ; 2       ; Clock enable                                        ; no     ; --                   ; --               ; --                        ;
; picosoc:soc_core|picorv32:cpu|mem_rdata_q[7]~38                        ; LCCOMB_X30_Y22_N24 ; 2       ; Clock enable                                        ; no     ; --                   ; --               ; --                        ;
; picosoc:soc_core|picorv32:cpu|mem_rdata_q~28                           ; LCCOMB_X30_Y22_N30 ; 5       ; Sync. load                                          ; no     ; --                   ; --               ; --                        ;
; picosoc:soc_core|picorv32:cpu|mem_state[1]~7                           ; LCCOMB_X35_Y24_N4  ; 2       ; Clock enable                                        ; no     ; --                   ; --               ; --                        ;
; picosoc:soc_core|picorv32:cpu|mem_wdata[0]~2                           ; LCCOMB_X36_Y22_N26 ; 32      ; Clock enable                                        ; no     ; --                   ; --               ; --                        ;
; picosoc:soc_core|picorv32:cpu|mem_wordsize.10                          ; FF_X35_Y21_N3      ; 26      ; Sync. load                                          ; no     ; --                   ; --               ; --                        ;
; picosoc:soc_core|picorv32:cpu|mem_wordsize~12                          ; LCCOMB_X35_Y18_N18 ; 3       ; Clock enable                                        ; no     ; --                   ; --               ; --                        ;
; picosoc:soc_core|picorv32:cpu|mem_wstrb[0]~7                           ; LCCOMB_X35_Y21_N8  ; 4       ; Clock enable                                        ; no     ; --                   ; --               ; --                        ;
; picosoc:soc_core|picorv32:cpu|mem_xfer                                 ; LCCOMB_X36_Y23_N4  ; 75      ; Clock enable                                        ; no     ; --                   ; --               ; --                        ;
; picosoc:soc_core|picorv32:cpu|picorv32_pcpi_mul:pcpi_mul|always3~0     ; LCCOMB_X25_Y19_N20 ; 33      ; Clock enable                                        ; no     ; --                   ; --               ; --                        ;
; picosoc:soc_core|picorv32:cpu|picorv32_pcpi_mul:pcpi_mul|mul_waiting   ; FF_X24_Y23_N17     ; 216     ; Sync. clear, Sync. load                             ; no     ; --                   ; --               ; --                        ;
; picosoc:soc_core|picorv32:cpu|reg_next_pc[9]~37                        ; LCCOMB_X27_Y19_N24 ; 32      ; Sync. load                                          ; no     ; --                   ; --               ; --                        ;
; picosoc:soc_core|picorv32:cpu|reg_next_pc[9]~38                        ; LCCOMB_X34_Y16_N28 ; 62      ; Clock enable                                        ; no     ; --                   ; --               ; --                        ;
; picosoc:soc_core|picorv32:cpu|reg_op1[1]~5                             ; LCCOMB_X35_Y18_N24 ; 30      ; Clock enable                                        ; no     ; --                   ; --               ; --                        ;
; picosoc:soc_core|picorv32:cpu|reg_op2[23]~35                           ; LCCOMB_X38_Y18_N10 ; 27      ; Sync. clear                                         ; no     ; --                   ; --               ; --                        ;
; picosoc:soc_core|picorv32:cpu|reg_op2[23]~36                           ; LCCOMB_X32_Y18_N2  ; 32      ; Sync. load                                          ; no     ; --                   ; --               ; --                        ;
; picosoc:soc_core|picorv32:cpu|reg_op2[3]~34                            ; LCCOMB_X38_Y18_N20 ; 32      ; Clock enable                                        ; no     ; --                   ; --               ; --                        ;
; picosoc:soc_core|picorv32:cpu|timer[9]~10                              ; LCCOMB_X24_Y14_N30 ; 32      ; Clock enable                                        ; no     ; --                   ; --               ; --                        ;
; picosoc:soc_core|simpleuart:simpleuart|cfg_divider[10]~13              ; LCCOMB_X37_Y25_N20 ; 8       ; Clock enable                                        ; no     ; --                   ; --               ; --                        ;
; picosoc:soc_core|simpleuart:simpleuart|cfg_divider[16]~10              ; LCCOMB_X36_Y25_N18 ; 8       ; Clock enable                                        ; no     ; --                   ; --               ; --                        ;
; picosoc:soc_core|simpleuart:simpleuart|cfg_divider[26]~1               ; LCCOMB_X37_Y25_N2  ; 8       ; Clock enable                                        ; no     ; --                   ; --               ; --                        ;
; picosoc:soc_core|simpleuart:simpleuart|cfg_divider[6]~22               ; LCCOMB_X37_Y25_N8  ; 8       ; Clock enable                                        ; no     ; --                   ; --               ; --                        ;
; picosoc:soc_core|simpleuart:simpleuart|recv_buf_data[0]~1              ; LCCOMB_X35_Y27_N6  ; 8       ; Clock enable                                        ; no     ; --                   ; --               ; --                        ;
; picosoc:soc_core|simpleuart:simpleuart|recv_divcnt[7]~98               ; LCCOMB_X39_Y27_N18 ; 32      ; Sync. clear                                         ; no     ; --                   ; --               ; --                        ;
; picosoc:soc_core|simpleuart:simpleuart|recv_pattern[1]~0               ; LCCOMB_X35_Y27_N2  ; 8       ; Clock enable                                        ; no     ; --                   ; --               ; --                        ;
; picosoc:soc_core|simpleuart:simpleuart|send_bitcnt[3]~5                ; LCCOMB_X37_Y27_N30 ; 45      ; Clock enable, Sync. clear, Sync. load               ; no     ; --                   ; --               ; --                        ;
; picosoc:soc_core|spimemio:spimemio|always2~1                           ; LCCOMB_X40_Y23_N8  ; 28      ; Clock enable                                        ; no     ; --                   ; --               ; --                        ;
; picosoc:soc_core|spimemio:spimemio|config_csb~0                        ; LCCOMB_X37_Y25_N22 ; 2       ; Clock enable                                        ; no     ; --                   ; --               ; --                        ;
; picosoc:soc_core|spimemio:spimemio|config_dummy[0]~3                   ; LCCOMB_X37_Y25_N16 ; 7       ; Clock enable                                        ; no     ; --                   ; --               ; --                        ;
; picosoc:soc_core|spimemio:spimemio|config_oe[0]~0                      ; LCCOMB_X37_Y25_N12 ; 4       ; Clock enable                                        ; no     ; --                   ; --               ; --                        ;
; picosoc:soc_core|spimemio:spimemio|din_ddr~4                           ; LCCOMB_X36_Y20_N14 ; 2       ; Clock enable                                        ; no     ; --                   ; --               ; --                        ;
; picosoc:soc_core|spimemio:spimemio|rd_addr[23]~24                      ; LCCOMB_X40_Y23_N24 ; 22      ; Clock enable                                        ; no     ; --                   ; --               ; --                        ;
; picosoc:soc_core|spimemio:spimemio|spimemio_xfer:xfer|count[3]~10      ; LCCOMB_X42_Y24_N22 ; 2       ; Clock enable                                        ; no     ; --                   ; --               ; --                        ;
; picosoc:soc_core|spimemio:spimemio|spimemio_xfer:xfer|din_ready        ; LCCOMB_X40_Y26_N28 ; 22      ; Sync. load                                          ; no     ; --                   ; --               ; --                        ;
; picosoc:soc_core|spimemio:spimemio|spimemio_xfer:xfer|dummy_count[3]~6 ; LCCOMB_X40_Y26_N18 ; 4       ; Sync. clear                                         ; no     ; --                   ; --               ; --                        ;
; picosoc:soc_core|spimemio:spimemio|spimemio_xfer:xfer|dummy_count[3]~7 ; LCCOMB_X40_Y26_N10 ; 4       ; Clock enable                                        ; no     ; --                   ; --               ; --                        ;
; picosoc:soc_core|spimemio:spimemio|spimemio_xfer:xfer|xfer_tag[1]~0    ; LCCOMB_X42_Y23_N0  ; 7       ; Clock enable                                        ; no     ; --                   ; --               ; --                        ;
; picosoc:soc_core|spimemio:spimemio|xfer_resetn                         ; FF_X41_Y23_N3      ; 27      ; Sync. clear, Sync. load                             ; no     ; --                   ; --               ; --                        ;
+------------------------------------------------------------------------+--------------------+---------+-----------------------------------------------------+--------+----------------------+------------------+---------------------------+


+-------------------------------------------------------------------------------------------------------------------------------------------------+
; Global & Other Fast Signals                                                                                                                     ;
+---------------+----------+---------+--------------------------------------+----------------------+------------------+---------------------------+
; Name          ; Location ; Fan-Out ; Fan-Out Using Intentional Clock Skew ; Global Resource Used ; Global Line Name ; Enable Signal Source Name ;
+---------------+----------+---------+--------------------------------------+----------------------+------------------+---------------------------+
; MAX10_CLK1_50 ; PIN_P11  ; 1268    ; 88                                   ; Global Clock         ; GCLK19           ; --                        ;
+---------------+----------+---------+--------------------------------------+----------------------+------------------+---------------------------+


+---------------------------------+
; Non-Global High Fan-Out Signals ;
+--------------+------------------+
; Name         ; Fan-Out          ;
+--------------+------------------+
; KEY[0]~input ; 653              ;
+--------------+------------------+


+---------------------------------------------------------------------------------------------------------------------------------------------------------------------------------------------------------------------------------------------------------------------------------------------------------------------------------------------------------------------------------------------------------------------------------------------------------------------------------------------------------------------------------------------------------------------------------------------------------------------------------------------------------------------------------------------------------+
; Fitter RAM Summary                                                                                                                                                                                                                                                                                                                                                                                                                                                                                                                                                                                                                                                                                      ;
+--------------------------------------------------------------------------------------------------------------------+------+------------------+--------------+--------------+--------------+--------------+--------------+------------------------+-------------------------+------------------------+-------------------------+-------+-----------------------------+-----------------------------+-----------------------------+-----------------------------+---------------------+------+----------------------------------------------+--------------------------------+----------------------+------------------------+------------------------+----------+------------------------+---------------+
; Name                                                                                                               ; Type ; Mode             ; Clock Mode   ; Port A Depth ; Port A Width ; Port B Depth ; Port B Width ; Port A Input Registers ; Port A Output Registers ; Port B Input Registers ; Port B Output Registers ; Size  ; Implementation Port A Depth ; Implementation Port A Width ; Implementation Port B Depth ; Implementation Port B Width ; Implementation Bits ; M9Ks ; MIF                                          ; Location                       ; Mixed Width RDW Mode ; Port A RDW Mode        ; Port B RDW Mode        ; ECC Mode ; ECC Pipeline Registers ; Fits in MLABs ;
+--------------------------------------------------------------------------------------------------------------------+------+------------------+--------------+--------------+--------------+--------------+--------------+------------------------+-------------------------+------------------------+-------------------------+-------+-----------------------------+-----------------------------+-----------------------------+-----------------------------+---------------------+------+----------------------------------------------+--------------------------------+----------------------+------------------------+------------------------+----------+------------------------+---------------+
; picosoc:soc_core|picorv32:cpu|picosoc_regs:cpuregs|altsyncram:regs_rtl_0|altsyncram_j6d1:auto_generated|ALTSYNCRAM ; AUTO ; Simple Dual Port ; Single Clock ; 32           ; 32           ; 32           ; 32           ; yes                    ; no                      ; yes                    ; no                      ; 1024  ; 32                          ; 32                          ; 32                          ; 32                          ; 1024                ; 1    ; None                                         ; M9K_X33_Y21_N0                 ; Don't care           ; New data with NBE Read ; New data with NBE Read ; Off      ; No                     ; No - Unknown  ;
; picosoc:soc_core|picorv32:cpu|picosoc_regs:cpuregs|altsyncram:regs_rtl_1|altsyncram_j6d1:auto_generated|ALTSYNCRAM ; AUTO ; Simple Dual Port ; Single Clock ; 32           ; 32           ; 32           ; 32           ; yes                    ; no                      ; yes                    ; no                      ; 1024  ; 32                          ; 32                          ; 32                          ; 32                          ; 1024                ; 1    ; None                                         ; M9K_X33_Y22_N0                 ; Don't care           ; New data with NBE Read ; New data with NBE Read ; Off      ; No                     ; No - Unknown  ;
; picosoc:soc_core|picosoc_mem:memory|altsyncram:mem0_rtl_0|altsyncram_9le1:auto_generated|ALTSYNCRAM                ; M9K  ; Single Port      ; Single Clock ; 2048         ; 8            ; --           ; --           ; yes                    ; no                      ; --                     ; --                      ; 16384 ; 2048                        ; 8                           ; --                          ; --                          ; 16384               ; 2    ; db/picosoc.ram0_picosoc_mem_13d8e302.hdl.mif ; M9K_X33_Y25_N0, M9K_X33_Y27_N0 ; Don't care           ; Old data               ; New data with NBE Read ; Off      ; No                     ; No - Unknown  ;
; picosoc:soc_core|picosoc_mem:memory|altsyncram:mem1_rtl_0|altsyncram_ale1:auto_generated|ALTSYNCRAM                ; M9K  ; Single Port      ; Single Clock ; 2048         ; 8            ; --           ; --           ; yes                    ; no                      ; --                     ; --                      ; 16384 ; 2048                        ; 8                           ; --                          ; --                          ; 16384               ; 2    ; db/picosoc.ram1_picosoc_mem_13d8e302.hdl.mif ; M9K_X33_Y24_N0, M9K_X33_Y20_N0 ; Don't care           ; Old data               ; New data with NBE Read ; Off      ; No                     ; No - Unknown  ;
; picosoc:soc_core|picosoc_mem:memory|altsyncram:mem2_rtl_0|altsyncram_ble1:auto_generated|ALTSYNCRAM                ; M9K  ; Single Port      ; Single Clock ; 2048         ; 8            ; --           ; --           ; yes                    ; no                      ; --                     ; --                      ; 16384 ; 2048                        ; 8                           ; --                          ; --                          ; 16384               ; 2    ; db/picosoc.ram2_picosoc_mem_13d8e302.hdl.mif ; M9K_X33_Y19_N0, M9K_X33_Y23_N0 ; Don't care           ; Old data               ; New data with NBE Read ; Off      ; No                     ; No - Unknown  ;
; picosoc:soc_core|picosoc_mem:memory|altsyncram:mem3_rtl_0|altsyncram_cle1:auto_generated|ALTSYNCRAM                ; M9K  ; Single Port      ; Single Clock ; 2048         ; 8            ; --           ; --           ; yes                    ; no                      ; --                     ; --                      ; 16384 ; 2048                        ; 8                           ; --                          ; --                          ; 16384               ; 2    ; db/picosoc.ram3_picosoc_mem_13d8e302.hdl.mif ; M9K_X33_Y26_N0, M9K_X33_Y28_N0 ; Don't care           ; Old data               ; New data with NBE Read ; Off      ; No                     ; No - Unknown  ;
+--------------------------------------------------------------------------------------------------------------------+------+------------------+--------------+--------------+--------------+--------------+--------------+------------------------+-------------------------+------------------------+-------------------------+-------+-----------------------------+-----------------------------+-----------------------------+-----------------------------+---------------------+------+----------------------------------------------+--------------------------------+----------------------+------------------------+------------------------+----------+------------------------+---------------+
Note: Fitter may spread logical memories into multiple blocks to improve timing. The actual required RAM blocks can be found in the Fitter Resource Usage section.


RAM content values are presented in the following format: (Binary) (Octal) (Decimal) (Hexadecimal) 
+------------------------------------------------------------------------------------------------------------------------------------------------------------------------------------------------------------------------------------------------------------------+
; |top|picosoc:soc_core|picosoc_mem:memory|altsyncram:mem2_rtl_0|altsyncram_ble1:auto_generated|ALTSYNCRAM                                                                                                                                                         ;
+------------------------------------------------------------------------------------------------------------------------------------------------------------------------------------------------------------------------------------------------------------------+
;   Addr   ;              +0              ;              +1              ;              +2              ;              +3              ;              +4              ;              +5              ;              +6              ;              +7              ;
+----------+------------------------------+------------------------------+------------------------------+------------------------------+------------------------------+------------------------------+------------------------------+------------------------------+
;0;(00000000) (0) (0) (00)    ;(00000000) (0) (0) (00)   ;(00010000) (20) (16) (10)   ;(00000001) (1) (1) (01)   ;(10100001) (241) (161) (A1)   ;(00000000) (0) (0) (00)   ;(11000001) (301) (193) (C1)   ;(00010111) (27) (23) (17)   ;
;8;(11110001) (361) (241) (F1)    ;(11000001) (301) (193) (C1)   ;(00000000) (0) (0) (00)   ;(01110111) (167) (119) (77)   ;(11100111) (347) (231) (E7)   ;(11000001) (301) (193) (C1)   ;(11110111) (367) (247) (F7)   ;(11100001) (341) (225) (E1)   ;
;16;(00000111) (7) (7) (07)    ;(00000001) (1) (1) (01)   ;(11011111) (337) (223) (DF)   ;(00000001) (1) (1) (01)   ;(00000000) (0) (0) (00)   ;(00000001) (1) (1) (01)   ;(00010001) (21) (17) (11)   ;(10000001) (201) (129) (81)   ;
;24;(00000000) (0) (0) (00)    ;(11110000) (360) (240) (F0)   ;(11110100) (364) (244) (F4)   ;(10000000) (200) (128) (80)   ;(11011111) (337) (223) (DF)   ;(00000100) (4) (4) (04)   ;(10000000) (200) (128) (80)   ;(00011111) (37) (31) (1F)   ;
;32;(00011111) (37) (31) (1F)    ;(00000000) (0) (0) (00)   ;(00000000) (0) (0) (00)   ;(00000000) (0) (0) (00)   ;(00000000) (0) (0) (00)   ;(00000000) (0) (0) (00)   ;(00000000) (0) (0) (00)   ;(00000000) (0) (0) (00)   ;
;40;(00000000) (0) (0) (00)    ;(00000000) (0) (0) (00)   ;(00000000) (0) (0) (00)   ;(00000000) (0) (0) (00)   ;(00000000) (0) (0) (00)   ;(00000000) (0) (0) (00)   ;(00000000) (0) (0) (00)   ;(00000000) (0) (0) (00)   ;
;48;(00000000) (0) (0) (00)    ;(00000000) (0) (0) (00)   ;(00000000) (0) (0) (00)   ;(00000000) (0) (0) (00)   ;(00000000) (0) (0) (00)   ;(00000000) (0) (0) (00)   ;(00000000) (0) (0) (00)   ;(00000000) (0) (0) (00)   ;
;56;(00000000) (0) (0) (00)    ;(00000000) (0) (0) (00)   ;(00000000) (0) (0) (00)   ;(00000000) (0) (0) (00)   ;(00000000) (0) (0) (00)   ;(00000000) (0) (0) (00)   ;(00000000) (0) (0) (00)   ;(00000000) (0) (0) (00)   ;
;64;(00000000) (0) (0) (00)    ;(00000000) (0) (0) (00)   ;(00000000) (0) (0) (00)   ;(00000000) (0) (0) (00)   ;(00000000) (0) (0) (00)   ;(00000000) (0) (0) (00)   ;(00000000) (0) (0) (00)   ;(00000000) (0) (0) (00)   ;
;72;(00000000) (0) (0) (00)    ;(00000000) (0) (0) (00)   ;(00000000) (0) (0) (00)   ;(00000000) (0) (0) (00)   ;(00000000) (0) (0) (00)   ;(00000000) (0) (0) (00)   ;(00000000) (0) (0) (00)   ;(00000000) (0) (0) (00)   ;
;80;(00000000) (0) (0) (00)    ;(00000000) (0) (0) (00)   ;(00000000) (0) (0) (00)   ;(00000000) (0) (0) (00)   ;(00000000) (0) (0) (00)   ;(00000000) (0) (0) (00)   ;(00000000) (0) (0) (00)   ;(00000000) (0) (0) (00)   ;
;88;(00000000) (0) (0) (00)    ;(00000000) (0) (0) (00)   ;(00000000) (0) (0) (00)   ;(00000000) (0) (0) (00)   ;(00000000) (0) (0) (00)   ;(00000000) (0) (0) (00)   ;(00000000) (0) (0) (00)   ;(00000000) (0) (0) (00)   ;
;96;(00000000) (0) (0) (00)    ;(00000000) (0) (0) (00)   ;(00000000) (0) (0) (00)   ;(00000000) (0) (0) (00)   ;(00000000) (0) (0) (00)   ;(00000000) (0) (0) (00)   ;(00000000) (0) (0) (00)   ;(00000000) (0) (0) (00)   ;
;104;(00000000) (0) (0) (00)    ;(00000000) (0) (0) (00)   ;(00000000) (0) (0) (00)   ;(00000000) (0) (0) (00)   ;(00000000) (0) (0) (00)   ;(00000000) (0) (0) (00)   ;(00000000) (0) (0) (00)   ;(00000000) (0) (0) (00)   ;
;112;(00000000) (0) (0) (00)    ;(00000000) (0) (0) (00)   ;(00000000) (0) (0) (00)   ;(00000000) (0) (0) (00)   ;(00000000) (0) (0) (00)   ;(00000000) (0) (0) (00)   ;(00000000) (0) (0) (00)   ;(00000000) (0) (0) (00)   ;
;120;(00000000) (0) (0) (00)    ;(00000000) (0) (0) (00)   ;(00000000) (0) (0) (00)   ;(00000000) (0) (0) (00)   ;(00000000) (0) (0) (00)   ;(00000000) (0) (0) (00)   ;(00000000) (0) (0) (00)   ;(00000000) (0) (0) (00)   ;
;128;(00000000) (0) (0) (00)    ;(00000000) (0) (0) (00)   ;(00000000) (0) (0) (00)   ;(00000000) (0) (0) (00)   ;(00000000) (0) (0) (00)   ;(00000000) (0) (0) (00)   ;(00000000) (0) (0) (00)   ;(00000000) (0) (0) (00)   ;
;136;(00000000) (0) (0) (00)    ;(00000000) (0) (0) (00)   ;(00000000) (0) (0) (00)   ;(00000000) (0) (0) (00)   ;(00000000) (0) (0) (00)   ;(00000000) (0) (0) (00)   ;(00000000) (0) (0) (00)   ;(00000000) (0) (0) (00)   ;
;144;(00000000) (0) (0) (00)    ;(00000000) (0) (0) (00)   ;(00000000) (0) (0) (00)   ;(00000000) (0) (0) (00)   ;(00000000) (0) (0) (00)   ;(00000000) (0) (0) (00)   ;(00000000) (0) (0) (00)   ;(00000000) (0) (0) (00)   ;
;152;(00000000) (0) (0) (00)    ;(00000000) (0) (0) (00)   ;(00000000) (0) (0) (00)   ;(00000000) (0) (0) (00)   ;(00000000) (0) (0) (00)   ;(00000000) (0) (0) (00)   ;(00000000) (0) (0) (00)   ;(00000000) (0) (0) (00)   ;
;160;(00000000) (0) (0) (00)    ;(00000000) (0) (0) (00)   ;(00000000) (0) (0) (00)   ;(00000000) (0) (0) (00)   ;(00000000) (0) (0) (00)   ;(00000000) (0) (0) (00)   ;(00000000) (0) (0) (00)   ;(00000000) (0) (0) (00)   ;
;168;(00000000) (0) (0) (00)    ;(00000000) (0) (0) (00)   ;(00000000) (0) (0) (00)   ;(00000000) (0) (0) (00)   ;(00000000) (0) (0) (00)   ;(00000000) (0) (0) (00)   ;(00000000) (0) (0) (00)   ;(00000000) (0) (0) (00)   ;
;176;(00000000) (0) (0) (00)    ;(00000000) (0) (0) (00)   ;(00000000) (0) (0) (00)   ;(00000000) (0) (0) (00)   ;(00000000) (0) (0) (00)   ;(00000000) (0) (0) (00)   ;(00000000) (0) (0) (00)   ;(00000000) (0) (0) (00)   ;
;184;(00000000) (0) (0) (00)    ;(00000000) (0) (0) (00)   ;(00000000) (0) (0) (00)   ;(00000000) (0) (0) (00)   ;(00000000) (0) (0) (00)   ;(00000000) (0) (0) (00)   ;(00000000) (0) (0) (00)   ;(00000000) (0) (0) (00)   ;
;192;(00000000) (0) (0) (00)    ;(00000000) (0) (0) (00)   ;(00000000) (0) (0) (00)   ;(00000000) (0) (0) (00)   ;(00000000) (0) (0) (00)   ;(00000000) (0) (0) (00)   ;(00000000) (0) (0) (00)   ;(00000000) (0) (0) (00)   ;
;200;(00000000) (0) (0) (00)    ;(00000000) (0) (0) (00)   ;(00000000) (0) (0) (00)   ;(00000000) (0) (0) (00)   ;(00000000) (0) (0) (00)   ;(00000000) (0) (0) (00)   ;(00000000) (0) (0) (00)   ;(00000000) (0) (0) (00)   ;
;208;(00000000) (0) (0) (00)    ;(00000000) (0) (0) (00)   ;(00000000) (0) (0) (00)   ;(00000000) (0) (0) (00)   ;(00000000) (0) (0) (00)   ;(00000000) (0) (0) (00)   ;(00000000) (0) (0) (00)   ;(00000000) (0) (0) (00)   ;
;216;(00000000) (0) (0) (00)    ;(00000000) (0) (0) (00)   ;(00000000) (0) (0) (00)   ;(00000000) (0) (0) (00)   ;(00000000) (0) (0) (00)   ;(00000000) (0) (0) (00)   ;(00000000) (0) (0) (00)   ;(00000000) (0) (0) (00)   ;
;224;(00000000) (0) (0) (00)    ;(00000000) (0) (0) (00)   ;(00000000) (0) (0) (00)   ;(00000000) (0) (0) (00)   ;(00000000) (0) (0) (00)   ;(00000000) (0) (0) (00)   ;(00000000) (0) (0) (00)   ;(00000000) (0) (0) (00)   ;
;232;(00000000) (0) (0) (00)    ;(00000000) (0) (0) (00)   ;(00000000) (0) (0) (00)   ;(00000000) (0) (0) (00)   ;(00000000) (0) (0) (00)   ;(00000000) (0) (0) (00)   ;(00000000) (0) (0) (00)   ;(00000000) (0) (0) (00)   ;
;240;(00000000) (0) (0) (00)    ;(00000000) (0) (0) (00)   ;(00000000) (0) (0) (00)   ;(00000000) (0) (0) (00)   ;(00000000) (0) (0) (00)   ;(00000000) (0) (0) (00)   ;(00000000) (0) (0) (00)   ;(00000000) (0) (0) (00)   ;
;248;(00000000) (0) (0) (00)    ;(00000000) (0) (0) (00)   ;(00000000) (0) (0) (00)   ;(00000000) (0) (0) (00)   ;(00000000) (0) (0) (00)   ;(00000000) (0) (0) (00)   ;(00000000) (0) (0) (00)   ;(00000000) (0) (0) (00)   ;
;256;(00000000) (0) (0) (00)    ;(00000000) (0) (0) (00)   ;(00000000) (0) (0) (00)   ;(00000000) (0) (0) (00)   ;(00000000) (0) (0) (00)   ;(00000000) (0) (0) (00)   ;(00000000) (0) (0) (00)   ;(00000000) (0) (0) (00)   ;
;264;(00000000) (0) (0) (00)    ;(00000000) (0) (0) (00)   ;(00000000) (0) (0) (00)   ;(00000000) (0) (0) (00)   ;(00000000) (0) (0) (00)   ;(00000000) (0) (0) (00)   ;(00000000) (0) (0) (00)   ;(00000000) (0) (0) (00)   ;
;272;(00000000) (0) (0) (00)    ;(00000000) (0) (0) (00)   ;(00000000) (0) (0) (00)   ;(00000000) (0) (0) (00)   ;(00000000) (0) (0) (00)   ;(00000000) (0) (0) (00)   ;(00000000) (0) (0) (00)   ;(00000000) (0) (0) (00)   ;
;280;(00000000) (0) (0) (00)    ;(00000000) (0) (0) (00)   ;(00000000) (0) (0) (00)   ;(00000000) (0) (0) (00)   ;(00000000) (0) (0) (00)   ;(00000000) (0) (0) (00)   ;(00000000) (0) (0) (00)   ;(00000000) (0) (0) (00)   ;
;288;(00000000) (0) (0) (00)    ;(00000000) (0) (0) (00)   ;(00000000) (0) (0) (00)   ;(00000000) (0) (0) (00)   ;(00000000) (0) (0) (00)   ;(00000000) (0) (0) (00)   ;(00000000) (0) (0) (00)   ;(00000000) (0) (0) (00)   ;
;296;(00000000) (0) (0) (00)    ;(00000000) (0) (0) (00)   ;(00000000) (0) (0) (00)   ;(00000000) (0) (0) (00)   ;(00000000) (0) (0) (00)   ;(00000000) (0) (0) (00)   ;(00000000) (0) (0) (00)   ;(00000000) (0) (0) (00)   ;
;304;(00000000) (0) (0) (00)    ;(00000000) (0) (0) (00)   ;(00000000) (0) (0) (00)   ;(00000000) (0) (0) (00)   ;(00000000) (0) (0) (00)   ;(00000000) (0) (0) (00)   ;(00000000) (0) (0) (00)   ;(00000000) (0) (0) (00)   ;
;312;(00000000) (0) (0) (00)    ;(00000000) (0) (0) (00)   ;(00000000) (0) (0) (00)   ;(00000000) (0) (0) (00)   ;(00000000) (0) (0) (00)   ;(00000000) (0) (0) (00)   ;(00000000) (0) (0) (00)   ;(00000000) (0) (0) (00)   ;
;320;(00000000) (0) (0) (00)    ;(00000000) (0) (0) (00)   ;(00000000) (0) (0) (00)   ;(00000000) (0) (0) (00)   ;(00000000) (0) (0) (00)   ;(00000000) (0) (0) (00)   ;(00000000) (0) (0) (00)   ;(00000000) (0) (0) (00)   ;
;328;(00000000) (0) (0) (00)    ;(00000000) (0) (0) (00)   ;(00000000) (0) (0) (00)   ;(00000000) (0) (0) (00)   ;(00000000) (0) (0) (00)   ;(00000000) (0) (0) (00)   ;(00000000) (0) (0) (00)   ;(00000000) (0) (0) (00)   ;
;336;(00000000) (0) (0) (00)    ;(00000000) (0) (0) (00)   ;(00000000) (0) (0) (00)   ;(00000000) (0) (0) (00)   ;(00000000) (0) (0) (00)   ;(00000000) (0) (0) (00)   ;(00000000) (0) (0) (00)   ;(00000000) (0) (0) (00)   ;
;344;(00000000) (0) (0) (00)    ;(00000000) (0) (0) (00)   ;(00000000) (0) (0) (00)   ;(00000000) (0) (0) (00)   ;(00000000) (0) (0) (00)   ;(00000000) (0) (0) (00)   ;(00000000) (0) (0) (00)   ;(00000000) (0) (0) (00)   ;
;352;(00000000) (0) (0) (00)    ;(00000000) (0) (0) (00)   ;(00000000) (0) (0) (00)   ;(00000000) (0) (0) (00)   ;(00000000) (0) (0) (00)   ;(00000000) (0) (0) (00)   ;(00000000) (0) (0) (00)   ;(00000000) (0) (0) (00)   ;
;360;(00000000) (0) (0) (00)    ;(00000000) (0) (0) (00)   ;(00000000) (0) (0) (00)   ;(00000000) (0) (0) (00)   ;(00000000) (0) (0) (00)   ;(00000000) (0) (0) (00)   ;(00000000) (0) (0) (00)   ;(00000000) (0) (0) (00)   ;
;368;(00000000) (0) (0) (00)    ;(00000000) (0) (0) (00)   ;(00000000) (0) (0) (00)   ;(00000000) (0) (0) (00)   ;(00000000) (0) (0) (00)   ;(00000000) (0) (0) (00)   ;(00000000) (0) (0) (00)   ;(00000000) (0) (0) (00)   ;
;376;(00000000) (0) (0) (00)    ;(00000000) (0) (0) (00)   ;(00000000) (0) (0) (00)   ;(00000000) (0) (0) (00)   ;(00000000) (0) (0) (00)   ;(00000000) (0) (0) (00)   ;(00000000) (0) (0) (00)   ;(00000000) (0) (0) (00)   ;
;384;(00000000) (0) (0) (00)    ;(00000000) (0) (0) (00)   ;(00000000) (0) (0) (00)   ;(00000000) (0) (0) (00)   ;(00000000) (0) (0) (00)   ;(00000000) (0) (0) (00)   ;(00000000) (0) (0) (00)   ;(00000000) (0) (0) (00)   ;
;392;(00000000) (0) (0) (00)    ;(00000000) (0) (0) (00)   ;(00000000) (0) (0) (00)   ;(00000000) (0) (0) (00)   ;(00000000) (0) (0) (00)   ;(00000000) (0) (0) (00)   ;(00000000) (0) (0) (00)   ;(00000000) (0) (0) (00)   ;
;400;(00000000) (0) (0) (00)    ;(00000000) (0) (0) (00)   ;(00000000) (0) (0) (00)   ;(00000000) (0) (0) (00)   ;(00000000) (0) (0) (00)   ;(00000000) (0) (0) (00)   ;(00000000) (0) (0) (00)   ;(00000000) (0) (0) (00)   ;
;408;(00000000) (0) (0) (00)    ;(00000000) (0) (0) (00)   ;(00000000) (0) (0) (00)   ;(00000000) (0) (0) (00)   ;(00000000) (0) (0) (00)   ;(00000000) (0) (0) (00)   ;(00000000) (0) (0) (00)   ;(00000000) (0) (0) (00)   ;
;416;(00000000) (0) (0) (00)    ;(00000000) (0) (0) (00)   ;(00000000) (0) (0) (00)   ;(00000000) (0) (0) (00)   ;(00000000) (0) (0) (00)   ;(00000000) (0) (0) (00)   ;(00000000) (0) (0) (00)   ;(00000000) (0) (0) (00)   ;
;424;(00000000) (0) (0) (00)    ;(00000000) (0) (0) (00)   ;(00000000) (0) (0) (00)   ;(00000000) (0) (0) (00)   ;(00000000) (0) (0) (00)   ;(00000000) (0) (0) (00)   ;(00000000) (0) (0) (00)   ;(00000000) (0) (0) (00)   ;
;432;(00000000) (0) (0) (00)    ;(00000000) (0) (0) (00)   ;(00000000) (0) (0) (00)   ;(00000000) (0) (0) (00)   ;(00000000) (0) (0) (00)   ;(00000000) (0) (0) (00)   ;(00000000) (0) (0) (00)   ;(00000000) (0) (0) (00)   ;
;440;(00000000) (0) (0) (00)    ;(00000000) (0) (0) (00)   ;(00000000) (0) (0) (00)   ;(00000000) (0) (0) (00)   ;(00000000) (0) (0) (00)   ;(00000000) (0) (0) (00)   ;(00000000) (0) (0) (00)   ;(00000000) (0) (0) (00)   ;
;448;(00000000) (0) (0) (00)    ;(00000000) (0) (0) (00)   ;(00000000) (0) (0) (00)   ;(00000000) (0) (0) (00)   ;(00000000) (0) (0) (00)   ;(00000000) (0) (0) (00)   ;(00000000) (0) (0) (00)   ;(00000000) (0) (0) (00)   ;
;456;(00000000) (0) (0) (00)    ;(00000000) (0) (0) (00)   ;(00000000) (0) (0) (00)   ;(00000000) (0) (0) (00)   ;(00000000) (0) (0) (00)   ;(00000000) (0) (0) (00)   ;(00000000) (0) (0) (00)   ;(00000000) (0) (0) (00)   ;
;464;(00000000) (0) (0) (00)    ;(00000000) (0) (0) (00)   ;(00000000) (0) (0) (00)   ;(00000000) (0) (0) (00)   ;(00000000) (0) (0) (00)   ;(00000000) (0) (0) (00)   ;(00000000) (0) (0) (00)   ;(00000000) (0) (0) (00)   ;
;472;(00000000) (0) (0) (00)    ;(00000000) (0) (0) (00)   ;(00000000) (0) (0) (00)   ;(00000000) (0) (0) (00)   ;(00000000) (0) (0) (00)   ;(00000000) (0) (0) (00)   ;(00000000) (0) (0) (00)   ;(00000000) (0) (0) (00)   ;
;480;(00000000) (0) (0) (00)    ;(00000000) (0) (0) (00)   ;(00000000) (0) (0) (00)   ;(00000000) (0) (0) (00)   ;(00000000) (0) (0) (00)   ;(00000000) (0) (0) (00)   ;(00000000) (0) (0) (00)   ;(00000000) (0) (0) (00)   ;
;488;(00000000) (0) (0) (00)    ;(00000000) (0) (0) (00)   ;(00000000) (0) (0) (00)   ;(00000000) (0) (0) (00)   ;(00000000) (0) (0) (00)   ;(00000000) (0) (0) (00)   ;(00000000) (0) (0) (00)   ;(00000000) (0) (0) (00)   ;
;496;(00000000) (0) (0) (00)    ;(00000000) (0) (0) (00)   ;(00000000) (0) (0) (00)   ;(00000000) (0) (0) (00)   ;(00000000) (0) (0) (00)   ;(00000000) (0) (0) (00)   ;(00000000) (0) (0) (00)   ;(00000000) (0) (0) (00)   ;
;504;(00000000) (0) (0) (00)    ;(00000000) (0) (0) (00)   ;(00000000) (0) (0) (00)   ;(00000000) (0) (0) (00)   ;(00000000) (0) (0) (00)   ;(00000000) (0) (0) (00)   ;(00000000) (0) (0) (00)   ;(00000000) (0) (0) (00)   ;
;512;(00000000) (0) (0) (00)    ;(00000000) (0) (0) (00)   ;(00000000) (0) (0) (00)   ;(00000000) (0) (0) (00)   ;(00000000) (0) (0) (00)   ;(00000000) (0) (0) (00)   ;(00000000) (0) (0) (00)   ;(00000000) (0) (0) (00)   ;
;520;(00000000) (0) (0) (00)    ;(00000000) (0) (0) (00)   ;(00000000) (0) (0) (00)   ;(00000000) (0) (0) (00)   ;(00000000) (0) (0) (00)   ;(00000000) (0) (0) (00)   ;(00000000) (0) (0) (00)   ;(00000000) (0) (0) (00)   ;
;528;(00000000) (0) (0) (00)    ;(00000000) (0) (0) (00)   ;(00000000) (0) (0) (00)   ;(00000000) (0) (0) (00)   ;(00000000) (0) (0) (00)   ;(00000000) (0) (0) (00)   ;(00000000) (0) (0) (00)   ;(00000000) (0) (0) (00)   ;
;536;(00000000) (0) (0) (00)    ;(00000000) (0) (0) (00)   ;(00000000) (0) (0) (00)   ;(00000000) (0) (0) (00)   ;(00000000) (0) (0) (00)   ;(00000000) (0) (0) (00)   ;(00000000) (0) (0) (00)   ;(00000000) (0) (0) (00)   ;
;544;(00000000) (0) (0) (00)    ;(00000000) (0) (0) (00)   ;(00000000) (0) (0) (00)   ;(00000000) (0) (0) (00)   ;(00000000) (0) (0) (00)   ;(00000000) (0) (0) (00)   ;(00000000) (0) (0) (00)   ;(00000000) (0) (0) (00)   ;
;552;(00000000) (0) (0) (00)    ;(00000000) (0) (0) (00)   ;(00000000) (0) (0) (00)   ;(00000000) (0) (0) (00)   ;(00000000) (0) (0) (00)   ;(00000000) (0) (0) (00)   ;(00000000) (0) (0) (00)   ;(00000000) (0) (0) (00)   ;
;560;(00000000) (0) (0) (00)    ;(00000000) (0) (0) (00)   ;(00000000) (0) (0) (00)   ;(00000000) (0) (0) (00)   ;(00000000) (0) (0) (00)   ;(00000000) (0) (0) (00)   ;(00000000) (0) (0) (00)   ;(00000000) (0) (0) (00)   ;
;568;(00000000) (0) (0) (00)    ;(00000000) (0) (0) (00)   ;(00000000) (0) (0) (00)   ;(00000000) (0) (0) (00)   ;(00000000) (0) (0) (00)   ;(00000000) (0) (0) (00)   ;(00000000) (0) (0) (00)   ;(00000000) (0) (0) (00)   ;
;576;(00000000) (0) (0) (00)    ;(00000000) (0) (0) (00)   ;(00000000) (0) (0) (00)   ;(00000000) (0) (0) (00)   ;(00000000) (0) (0) (00)   ;(00000000) (0) (0) (00)   ;(00000000) (0) (0) (00)   ;(00000000) (0) (0) (00)   ;
;584;(00000000) (0) (0) (00)    ;(00000000) (0) (0) (00)   ;(00000000) (0) (0) (00)   ;(00000000) (0) (0) (00)   ;(00000000) (0) (0) (00)   ;(00000000) (0) (0) (00)   ;(00000000) (0) (0) (00)   ;(00000000) (0) (0) (00)   ;
;592;(00000000) (0) (0) (00)    ;(00000000) (0) (0) (00)   ;(00000000) (0) (0) (00)   ;(00000000) (0) (0) (00)   ;(00000000) (0) (0) (00)   ;(00000000) (0) (0) (00)   ;(00000000) (0) (0) (00)   ;(00000000) (0) (0) (00)   ;
;600;(00000000) (0) (0) (00)    ;(00000000) (0) (0) (00)   ;(00000000) (0) (0) (00)   ;(00000000) (0) (0) (00)   ;(00000000) (0) (0) (00)   ;(00000000) (0) (0) (00)   ;(00000000) (0) (0) (00)   ;(00000000) (0) (0) (00)   ;
;608;(00000000) (0) (0) (00)    ;(00000000) (0) (0) (00)   ;(00000000) (0) (0) (00)   ;(00000000) (0) (0) (00)   ;(00000000) (0) (0) (00)   ;(00000000) (0) (0) (00)   ;(00000000) (0) (0) (00)   ;(00000000) (0) (0) (00)   ;
;616;(00000000) (0) (0) (00)    ;(00000000) (0) (0) (00)   ;(00000000) (0) (0) (00)   ;(00000000) (0) (0) (00)   ;(00000000) (0) (0) (00)   ;(00000000) (0) (0) (00)   ;(00000000) (0) (0) (00)   ;(00000000) (0) (0) (00)   ;
;624;(00000000) (0) (0) (00)    ;(00000000) (0) (0) (00)   ;(00000000) (0) (0) (00)   ;(00000000) (0) (0) (00)   ;(00000000) (0) (0) (00)   ;(00000000) (0) (0) (00)   ;(00000000) (0) (0) (00)   ;(00000000) (0) (0) (00)   ;
;632;(00000000) (0) (0) (00)    ;(00000000) (0) (0) (00)   ;(00000000) (0) (0) (00)   ;(00000000) (0) (0) (00)   ;(00000000) (0) (0) (00)   ;(00000000) (0) (0) (00)   ;(00000000) (0) (0) (00)   ;(00000000) (0) (0) (00)   ;
;640;(00000000) (0) (0) (00)    ;(00000000) (0) (0) (00)   ;(00000000) (0) (0) (00)   ;(00000000) (0) (0) (00)   ;(00000000) (0) (0) (00)   ;(00000000) (0) (0) (00)   ;(00000000) (0) (0) (00)   ;(00000000) (0) (0) (00)   ;
;648;(00000000) (0) (0) (00)    ;(00000000) (0) (0) (00)   ;(00000000) (0) (0) (00)   ;(00000000) (0) (0) (00)   ;(00000000) (0) (0) (00)   ;(00000000) (0) (0) (00)   ;(00000000) (0) (0) (00)   ;(00000000) (0) (0) (00)   ;
;656;(00000000) (0) (0) (00)    ;(00000000) (0) (0) (00)   ;(00000000) (0) (0) (00)   ;(00000000) (0) (0) (00)   ;(00000000) (0) (0) (00)   ;(00000000) (0) (0) (00)   ;(00000000) (0) (0) (00)   ;(00000000) (0) (0) (00)   ;
;664;(00000000) (0) (0) (00)    ;(00000000) (0) (0) (00)   ;(00000000) (0) (0) (00)   ;(00000000) (0) (0) (00)   ;(00000000) (0) (0) (00)   ;(00000000) (0) (0) (00)   ;(00000000) (0) (0) (00)   ;(00000000) (0) (0) (00)   ;
;672;(00000000) (0) (0) (00)    ;(00000000) (0) (0) (00)   ;(00000000) (0) (0) (00)   ;(00000000) (0) (0) (00)   ;(00000000) (0) (0) (00)   ;(00000000) (0) (0) (00)   ;(00000000) (0) (0) (00)   ;(00000000) (0) (0) (00)   ;
;680;(00000000) (0) (0) (00)    ;(00000000) (0) (0) (00)   ;(00000000) (0) (0) (00)   ;(00000000) (0) (0) (00)   ;(00000000) (0) (0) (00)   ;(00000000) (0) (0) (00)   ;(00000000) (0) (0) (00)   ;(00000000) (0) (0) (00)   ;
;688;(00000000) (0) (0) (00)    ;(00000000) (0) (0) (00)   ;(00000000) (0) (0) (00)   ;(00000000) (0) (0) (00)   ;(00000000) (0) (0) (00)   ;(00000000) (0) (0) (00)   ;(00000000) (0) (0) (00)   ;(00000000) (0) (0) (00)   ;
;696;(00000000) (0) (0) (00)    ;(00000000) (0) (0) (00)   ;(00000000) (0) (0) (00)   ;(00000000) (0) (0) (00)   ;(00000000) (0) (0) (00)   ;(00000000) (0) (0) (00)   ;(00000000) (0) (0) (00)   ;(00000000) (0) (0) (00)   ;
;704;(00000000) (0) (0) (00)    ;(00000000) (0) (0) (00)   ;(00000000) (0) (0) (00)   ;(00000000) (0) (0) (00)   ;(00000000) (0) (0) (00)   ;(00000000) (0) (0) (00)   ;(00000000) (0) (0) (00)   ;(00000000) (0) (0) (00)   ;
;712;(00000000) (0) (0) (00)    ;(00000000) (0) (0) (00)   ;(00000000) (0) (0) (00)   ;(00000000) (0) (0) (00)   ;(00000000) (0) (0) (00)   ;(00000000) (0) (0) (00)   ;(00000000) (0) (0) (00)   ;(00000000) (0) (0) (00)   ;
;720;(00000000) (0) (0) (00)    ;(00000000) (0) (0) (00)   ;(00000000) (0) (0) (00)   ;(00000000) (0) (0) (00)   ;(00000000) (0) (0) (00)   ;(00000000) (0) (0) (00)   ;(00000000) (0) (0) (00)   ;(00000000) (0) (0) (00)   ;
;728;(00000000) (0) (0) (00)    ;(00000000) (0) (0) (00)   ;(00000000) (0) (0) (00)   ;(00000000) (0) (0) (00)   ;(00000000) (0) (0) (00)   ;(00000000) (0) (0) (00)   ;(00000000) (0) (0) (00)   ;(00000000) (0) (0) (00)   ;
;736;(00000000) (0) (0) (00)    ;(00000000) (0) (0) (00)   ;(00000000) (0) (0) (00)   ;(00000000) (0) (0) (00)   ;(00000000) (0) (0) (00)   ;(00000000) (0) (0) (00)   ;(00000000) (0) (0) (00)   ;(00000000) (0) (0) (00)   ;
;744;(00000000) (0) (0) (00)    ;(00000000) (0) (0) (00)   ;(00000000) (0) (0) (00)   ;(00000000) (0) (0) (00)   ;(00000000) (0) (0) (00)   ;(00000000) (0) (0) (00)   ;(00000000) (0) (0) (00)   ;(00000000) (0) (0) (00)   ;
;752;(00000000) (0) (0) (00)    ;(00000000) (0) (0) (00)   ;(00000000) (0) (0) (00)   ;(00000000) (0) (0) (00)   ;(00000000) (0) (0) (00)   ;(00000000) (0) (0) (00)   ;(00000000) (0) (0) (00)   ;(00000000) (0) (0) (00)   ;
;760;(00000000) (0) (0) (00)    ;(00000000) (0) (0) (00)   ;(00000000) (0) (0) (00)   ;(00000000) (0) (0) (00)   ;(00000000) (0) (0) (00)   ;(00000000) (0) (0) (00)   ;(00000000) (0) (0) (00)   ;(00000000) (0) (0) (00)   ;
;768;(00000000) (0) (0) (00)    ;(00000000) (0) (0) (00)   ;(00000000) (0) (0) (00)   ;(00000000) (0) (0) (00)   ;(00000000) (0) (0) (00)   ;(00000000) (0) (0) (00)   ;(00000000) (0) (0) (00)   ;(00000000) (0) (0) (00)   ;
;776;(00000000) (0) (0) (00)    ;(00000000) (0) (0) (00)   ;(00000000) (0) (0) (00)   ;(00000000) (0) (0) (00)   ;(00000000) (0) (0) (00)   ;(00000000) (0) (0) (00)   ;(00000000) (0) (0) (00)   ;(00000000) (0) (0) (00)   ;
;784;(00000000) (0) (0) (00)    ;(00000000) (0) (0) (00)   ;(00000000) (0) (0) (00)   ;(00000000) (0) (0) (00)   ;(00000000) (0) (0) (00)   ;(00000000) (0) (0) (00)   ;(00000000) (0) (0) (00)   ;(00000000) (0) (0) (00)   ;
;792;(00000000) (0) (0) (00)    ;(00000000) (0) (0) (00)   ;(00000000) (0) (0) (00)   ;(00000000) (0) (0) (00)   ;(00000000) (0) (0) (00)   ;(00000000) (0) (0) (00)   ;(00000000) (0) (0) (00)   ;(00000000) (0) (0) (00)   ;
;800;(00000000) (0) (0) (00)    ;(00000000) (0) (0) (00)   ;(00000000) (0) (0) (00)   ;(00000000) (0) (0) (00)   ;(00000000) (0) (0) (00)   ;(00000000) (0) (0) (00)   ;(00000000) (0) (0) (00)   ;(00000000) (0) (0) (00)   ;
;808;(00000000) (0) (0) (00)    ;(00000000) (0) (0) (00)   ;(00000000) (0) (0) (00)   ;(00000000) (0) (0) (00)   ;(00000000) (0) (0) (00)   ;(00000000) (0) (0) (00)   ;(00000000) (0) (0) (00)   ;(00000000) (0) (0) (00)   ;
;816;(00000000) (0) (0) (00)    ;(00000000) (0) (0) (00)   ;(00000000) (0) (0) (00)   ;(00000000) (0) (0) (00)   ;(00000000) (0) (0) (00)   ;(00000000) (0) (0) (00)   ;(00000000) (0) (0) (00)   ;(00000000) (0) (0) (00)   ;
;824;(00000000) (0) (0) (00)    ;(00000000) (0) (0) (00)   ;(00000000) (0) (0) (00)   ;(00000000) (0) (0) (00)   ;(00000000) (0) (0) (00)   ;(00000000) (0) (0) (00)   ;(00000000) (0) (0) (00)   ;(00000000) (0) (0) (00)   ;
;832;(00000000) (0) (0) (00)    ;(00000000) (0) (0) (00)   ;(00000000) (0) (0) (00)   ;(00000000) (0) (0) (00)   ;(00000000) (0) (0) (00)   ;(00000000) (0) (0) (00)   ;(00000000) (0) (0) (00)   ;(00000000) (0) (0) (00)   ;
;840;(00000000) (0) (0) (00)    ;(00000000) (0) (0) (00)   ;(00000000) (0) (0) (00)   ;(00000000) (0) (0) (00)   ;(00000000) (0) (0) (00)   ;(00000000) (0) (0) (00)   ;(00000000) (0) (0) (00)   ;(00000000) (0) (0) (00)   ;
;848;(00000000) (0) (0) (00)    ;(00000000) (0) (0) (00)   ;(00000000) (0) (0) (00)   ;(00000000) (0) (0) (00)   ;(00000000) (0) (0) (00)   ;(00000000) (0) (0) (00)   ;(00000000) (0) (0) (00)   ;(00000000) (0) (0) (00)   ;
;856;(00000000) (0) (0) (00)    ;(00000000) (0) (0) (00)   ;(00000000) (0) (0) (00)   ;(00000000) (0) (0) (00)   ;(00000000) (0) (0) (00)   ;(00000000) (0) (0) (00)   ;(00000000) (0) (0) (00)   ;(00000000) (0) (0) (00)   ;
;864;(00000000) (0) (0) (00)    ;(00000000) (0) (0) (00)   ;(00000000) (0) (0) (00)   ;(00000000) (0) (0) (00)   ;(00000000) (0) (0) (00)   ;(00000000) (0) (0) (00)   ;(00000000) (0) (0) (00)   ;(00000000) (0) (0) (00)   ;
;872;(00000000) (0) (0) (00)    ;(00000000) (0) (0) (00)   ;(00000000) (0) (0) (00)   ;(00000000) (0) (0) (00)   ;(00000000) (0) (0) (00)   ;(00000000) (0) (0) (00)   ;(00000000) (0) (0) (00)   ;(00000000) (0) (0) (00)   ;
;880;(00000000) (0) (0) (00)    ;(00000000) (0) (0) (00)   ;(00000000) (0) (0) (00)   ;(00000000) (0) (0) (00)   ;(00000000) (0) (0) (00)   ;(00000000) (0) (0) (00)   ;(00000000) (0) (0) (00)   ;(00000000) (0) (0) (00)   ;
;888;(00000000) (0) (0) (00)    ;(00000000) (0) (0) (00)   ;(00000000) (0) (0) (00)   ;(00000000) (0) (0) (00)   ;(00000000) (0) (0) (00)   ;(00000000) (0) (0) (00)   ;(00000000) (0) (0) (00)   ;(00000000) (0) (0) (00)   ;
;896;(00000000) (0) (0) (00)    ;(00000000) (0) (0) (00)   ;(00000000) (0) (0) (00)   ;(00000000) (0) (0) (00)   ;(00000000) (0) (0) (00)   ;(00000000) (0) (0) (00)   ;(00000000) (0) (0) (00)   ;(00000000) (0) (0) (00)   ;
;904;(00000000) (0) (0) (00)    ;(00000000) (0) (0) (00)   ;(00000000) (0) (0) (00)   ;(00000000) (0) (0) (00)   ;(00000000) (0) (0) (00)   ;(00000000) (0) (0) (00)   ;(00000000) (0) (0) (00)   ;(00000000) (0) (0) (00)   ;
;912;(00000000) (0) (0) (00)    ;(00000000) (0) (0) (00)   ;(00000000) (0) (0) (00)   ;(00000000) (0) (0) (00)   ;(00000000) (0) (0) (00)   ;(00000000) (0) (0) (00)   ;(00000000) (0) (0) (00)   ;(00000000) (0) (0) (00)   ;
;920;(00000000) (0) (0) (00)    ;(00000000) (0) (0) (00)   ;(00000000) (0) (0) (00)   ;(00000000) (0) (0) (00)   ;(00000000) (0) (0) (00)   ;(00000000) (0) (0) (00)   ;(00000000) (0) (0) (00)   ;(00000000) (0) (0) (00)   ;
;928;(00000000) (0) (0) (00)    ;(00000000) (0) (0) (00)   ;(00000000) (0) (0) (00)   ;(00000000) (0) (0) (00)   ;(00000000) (0) (0) (00)   ;(00000000) (0) (0) (00)   ;(00000000) (0) (0) (00)   ;(00000000) (0) (0) (00)   ;
;936;(00000000) (0) (0) (00)    ;(00000000) (0) (0) (00)   ;(00000000) (0) (0) (00)   ;(00000000) (0) (0) (00)   ;(00000000) (0) (0) (00)   ;(00000000) (0) (0) (00)   ;(00000000) (0) (0) (00)   ;(00000000) (0) (0) (00)   ;
;944;(00000000) (0) (0) (00)    ;(00000000) (0) (0) (00)   ;(00000000) (0) (0) (00)   ;(00000000) (0) (0) (00)   ;(00000000) (0) (0) (00)   ;(00000000) (0) (0) (00)   ;(00000000) (0) (0) (00)   ;(00000000) (0) (0) (00)   ;
;952;(00000000) (0) (0) (00)    ;(00000000) (0) (0) (00)   ;(00000000) (0) (0) (00)   ;(00000000) (0) (0) (00)   ;(00000000) (0) (0) (00)   ;(00000000) (0) (0) (00)   ;(00000000) (0) (0) (00)   ;(00000000) (0) (0) (00)   ;
;960;(00000000) (0) (0) (00)    ;(00000000) (0) (0) (00)   ;(00000000) (0) (0) (00)   ;(00000000) (0) (0) (00)   ;(00000000) (0) (0) (00)   ;(00000000) (0) (0) (00)   ;(00000000) (0) (0) (00)   ;(00000000) (0) (0) (00)   ;
;968;(00000000) (0) (0) (00)    ;(00000000) (0) (0) (00)   ;(00000000) (0) (0) (00)   ;(00000000) (0) (0) (00)   ;(00000000) (0) (0) (00)   ;(00000000) (0) (0) (00)   ;(00000000) (0) (0) (00)   ;(00000000) (0) (0) (00)   ;
;976;(00000000) (0) (0) (00)    ;(00000000) (0) (0) (00)   ;(00000000) (0) (0) (00)   ;(00000000) (0) (0) (00)   ;(00000000) (0) (0) (00)   ;(00000000) (0) (0) (00)   ;(00000000) (0) (0) (00)   ;(00000000) (0) (0) (00)   ;
;984;(00000000) (0) (0) (00)    ;(00000000) (0) (0) (00)   ;(00000000) (0) (0) (00)   ;(00000000) (0) (0) (00)   ;(00000000) (0) (0) (00)   ;(00000000) (0) (0) (00)   ;(00000000) (0) (0) (00)   ;(00000000) (0) (0) (00)   ;
;992;(00000000) (0) (0) (00)    ;(00000000) (0) (0) (00)   ;(00000000) (0) (0) (00)   ;(00000000) (0) (0) (00)   ;(00000000) (0) (0) (00)   ;(00000000) (0) (0) (00)   ;(00000000) (0) (0) (00)   ;(00000000) (0) (0) (00)   ;
;1000;(00000000) (0) (0) (00)    ;(00000000) (0) (0) (00)   ;(00000000) (0) (0) (00)   ;(00000000) (0) (0) (00)   ;(00000000) (0) (0) (00)   ;(00000000) (0) (0) (00)   ;(00000000) (0) (0) (00)   ;(00000000) (0) (0) (00)   ;
;1008;(00000000) (0) (0) (00)    ;(00000000) (0) (0) (00)   ;(00000000) (0) (0) (00)   ;(00000000) (0) (0) (00)   ;(00000000) (0) (0) (00)   ;(00000000) (0) (0) (00)   ;(00000000) (0) (0) (00)   ;(00000000) (0) (0) (00)   ;
;1016;(00000000) (0) (0) (00)    ;(00000000) (0) (0) (00)   ;(00000000) (0) (0) (00)   ;(00000000) (0) (0) (00)   ;(00000000) (0) (0) (00)   ;(00000000) (0) (0) (00)   ;(00000000) (0) (0) (00)   ;(00000000) (0) (0) (00)   ;
;1024;(00000000) (0) (0) (00)    ;(00000000) (0) (0) (00)   ;(00000000) (0) (0) (00)   ;(00000000) (0) (0) (00)   ;(00000000) (0) (0) (00)   ;(00000000) (0) (0) (00)   ;(00000000) (0) (0) (00)   ;(00000000) (0) (0) (00)   ;
;1032;(00000000) (0) (0) (00)    ;(00000000) (0) (0) (00)   ;(00000000) (0) (0) (00)   ;(00000000) (0) (0) (00)   ;(00000000) (0) (0) (00)   ;(00000000) (0) (0) (00)   ;(00000000) (0) (0) (00)   ;(00000000) (0) (0) (00)   ;
;1040;(00000000) (0) (0) (00)    ;(00000000) (0) (0) (00)   ;(00000000) (0) (0) (00)   ;(00000000) (0) (0) (00)   ;(00000000) (0) (0) (00)   ;(00000000) (0) (0) (00)   ;(00000000) (0) (0) (00)   ;(00000000) (0) (0) (00)   ;
;1048;(00000000) (0) (0) (00)    ;(00000000) (0) (0) (00)   ;(00000000) (0) (0) (00)   ;(00000000) (0) (0) (00)   ;(00000000) (0) (0) (00)   ;(00000000) (0) (0) (00)   ;(00000000) (0) (0) (00)   ;(00000000) (0) (0) (00)   ;
;1056;(00000000) (0) (0) (00)    ;(00000000) (0) (0) (00)   ;(00000000) (0) (0) (00)   ;(00000000) (0) (0) (00)   ;(00000000) (0) (0) (00)   ;(00000000) (0) (0) (00)   ;(00000000) (0) (0) (00)   ;(00000000) (0) (0) (00)   ;
;1064;(00000000) (0) (0) (00)    ;(00000000) (0) (0) (00)   ;(00000000) (0) (0) (00)   ;(00000000) (0) (0) (00)   ;(00000000) (0) (0) (00)   ;(00000000) (0) (0) (00)   ;(00000000) (0) (0) (00)   ;(00000000) (0) (0) (00)   ;
;1072;(00000000) (0) (0) (00)    ;(00000000) (0) (0) (00)   ;(00000000) (0) (0) (00)   ;(00000000) (0) (0) (00)   ;(00000000) (0) (0) (00)   ;(00000000) (0) (0) (00)   ;(00000000) (0) (0) (00)   ;(00000000) (0) (0) (00)   ;
;1080;(00000000) (0) (0) (00)    ;(00000000) (0) (0) (00)   ;(00000000) (0) (0) (00)   ;(00000000) (0) (0) (00)   ;(00000000) (0) (0) (00)   ;(00000000) (0) (0) (00)   ;(00000000) (0) (0) (00)   ;(00000000) (0) (0) (00)   ;
;1088;(00000000) (0) (0) (00)    ;(00000000) (0) (0) (00)   ;(00000000) (0) (0) (00)   ;(00000000) (0) (0) (00)   ;(00000000) (0) (0) (00)   ;(00000000) (0) (0) (00)   ;(00000000) (0) (0) (00)   ;(00000000) (0) (0) (00)   ;
;1096;(00000000) (0) (0) (00)    ;(00000000) (0) (0) (00)   ;(00000000) (0) (0) (00)   ;(00000000) (0) (0) (00)   ;(00000000) (0) (0) (00)   ;(00000000) (0) (0) (00)   ;(00000000) (0) (0) (00)   ;(00000000) (0) (0) (00)   ;
;1104;(00000000) (0) (0) (00)    ;(00000000) (0) (0) (00)   ;(00000000) (0) (0) (00)   ;(00000000) (0) (0) (00)   ;(00000000) (0) (0) (00)   ;(00000000) (0) (0) (00)   ;(00000000) (0) (0) (00)   ;(00000000) (0) (0) (00)   ;
;1112;(00000000) (0) (0) (00)    ;(00000000) (0) (0) (00)   ;(00000000) (0) (0) (00)   ;(00000000) (0) (0) (00)   ;(00000000) (0) (0) (00)   ;(00000000) (0) (0) (00)   ;(00000000) (0) (0) (00)   ;(00000000) (0) (0) (00)   ;
;1120;(00000000) (0) (0) (00)    ;(00000000) (0) (0) (00)   ;(00000000) (0) (0) (00)   ;(00000000) (0) (0) (00)   ;(00000000) (0) (0) (00)   ;(00000000) (0) (0) (00)   ;(00000000) (0) (0) (00)   ;(00000000) (0) (0) (00)   ;
;1128;(00000000) (0) (0) (00)    ;(00000000) (0) (0) (00)   ;(00000000) (0) (0) (00)   ;(00000000) (0) (0) (00)   ;(00000000) (0) (0) (00)   ;(00000000) (0) (0) (00)   ;(00000000) (0) (0) (00)   ;(00000000) (0) (0) (00)   ;
;1136;(00000000) (0) (0) (00)    ;(00000000) (0) (0) (00)   ;(00000000) (0) (0) (00)   ;(00000000) (0) (0) (00)   ;(00000000) (0) (0) (00)   ;(00000000) (0) (0) (00)   ;(00000000) (0) (0) (00)   ;(00000000) (0) (0) (00)   ;
;1144;(00000000) (0) (0) (00)    ;(00000000) (0) (0) (00)   ;(00000000) (0) (0) (00)   ;(00000000) (0) (0) (00)   ;(00000000) (0) (0) (00)   ;(00000000) (0) (0) (00)   ;(00000000) (0) (0) (00)   ;(00000000) (0) (0) (00)   ;
;1152;(00000000) (0) (0) (00)    ;(00000000) (0) (0) (00)   ;(00000000) (0) (0) (00)   ;(00000000) (0) (0) (00)   ;(00000000) (0) (0) (00)   ;(00000000) (0) (0) (00)   ;(00000000) (0) (0) (00)   ;(00000000) (0) (0) (00)   ;
;1160;(00000000) (0) (0) (00)    ;(00000000) (0) (0) (00)   ;(00000000) (0) (0) (00)   ;(00000000) (0) (0) (00)   ;(00000000) (0) (0) (00)   ;(00000000) (0) (0) (00)   ;(00000000) (0) (0) (00)   ;(00000000) (0) (0) (00)   ;
;1168;(00000000) (0) (0) (00)    ;(00000000) (0) (0) (00)   ;(00000000) (0) (0) (00)   ;(00000000) (0) (0) (00)   ;(00000000) (0) (0) (00)   ;(00000000) (0) (0) (00)   ;(00000000) (0) (0) (00)   ;(00000000) (0) (0) (00)   ;
;1176;(00000000) (0) (0) (00)    ;(00000000) (0) (0) (00)   ;(00000000) (0) (0) (00)   ;(00000000) (0) (0) (00)   ;(00000000) (0) (0) (00)   ;(00000000) (0) (0) (00)   ;(00000000) (0) (0) (00)   ;(00000000) (0) (0) (00)   ;
;1184;(00000000) (0) (0) (00)    ;(00000000) (0) (0) (00)   ;(00000000) (0) (0) (00)   ;(00000000) (0) (0) (00)   ;(00000000) (0) (0) (00)   ;(00000000) (0) (0) (00)   ;(00000000) (0) (0) (00)   ;(00000000) (0) (0) (00)   ;
;1192;(00000000) (0) (0) (00)    ;(00000000) (0) (0) (00)   ;(00000000) (0) (0) (00)   ;(00000000) (0) (0) (00)   ;(00000000) (0) (0) (00)   ;(00000000) (0) (0) (00)   ;(00000000) (0) (0) (00)   ;(00000000) (0) (0) (00)   ;
;1200;(00000000) (0) (0) (00)    ;(00000000) (0) (0) (00)   ;(00000000) (0) (0) (00)   ;(00000000) (0) (0) (00)   ;(00000000) (0) (0) (00)   ;(00000000) (0) (0) (00)   ;(00000000) (0) (0) (00)   ;(00000000) (0) (0) (00)   ;
;1208;(00000000) (0) (0) (00)    ;(00000000) (0) (0) (00)   ;(00000000) (0) (0) (00)   ;(00000000) (0) (0) (00)   ;(00000000) (0) (0) (00)   ;(00000000) (0) (0) (00)   ;(00000000) (0) (0) (00)   ;(00000000) (0) (0) (00)   ;
;1216;(00000000) (0) (0) (00)    ;(00000000) (0) (0) (00)   ;(00000000) (0) (0) (00)   ;(00000000) (0) (0) (00)   ;(00000000) (0) (0) (00)   ;(00000000) (0) (0) (00)   ;(00000000) (0) (0) (00)   ;(00000000) (0) (0) (00)   ;
;1224;(00000000) (0) (0) (00)    ;(00000000) (0) (0) (00)   ;(00000000) (0) (0) (00)   ;(00000000) (0) (0) (00)   ;(00000000) (0) (0) (00)   ;(00000000) (0) (0) (00)   ;(00000000) (0) (0) (00)   ;(00000000) (0) (0) (00)   ;
;1232;(00000000) (0) (0) (00)    ;(00000000) (0) (0) (00)   ;(00000000) (0) (0) (00)   ;(00000000) (0) (0) (00)   ;(00000000) (0) (0) (00)   ;(00000000) (0) (0) (00)   ;(00000000) (0) (0) (00)   ;(00000000) (0) (0) (00)   ;
;1240;(00000000) (0) (0) (00)    ;(00000000) (0) (0) (00)   ;(00000000) (0) (0) (00)   ;(00000000) (0) (0) (00)   ;(00000000) (0) (0) (00)   ;(00000000) (0) (0) (00)   ;(00000000) (0) (0) (00)   ;(00000000) (0) (0) (00)   ;
;1248;(00000000) (0) (0) (00)    ;(00000000) (0) (0) (00)   ;(00000000) (0) (0) (00)   ;(00000000) (0) (0) (00)   ;(00000000) (0) (0) (00)   ;(00000000) (0) (0) (00)   ;(00000000) (0) (0) (00)   ;(00000000) (0) (0) (00)   ;
;1256;(00000000) (0) (0) (00)    ;(00000000) (0) (0) (00)   ;(00000000) (0) (0) (00)   ;(00000000) (0) (0) (00)   ;(00000000) (0) (0) (00)   ;(00000000) (0) (0) (00)   ;(00000000) (0) (0) (00)   ;(00000000) (0) (0) (00)   ;
;1264;(00000000) (0) (0) (00)    ;(00000000) (0) (0) (00)   ;(00000000) (0) (0) (00)   ;(00000000) (0) (0) (00)   ;(00000000) (0) (0) (00)   ;(00000000) (0) (0) (00)   ;(00000000) (0) (0) (00)   ;(00000000) (0) (0) (00)   ;
;1272;(00000000) (0) (0) (00)    ;(00000000) (0) (0) (00)   ;(00000000) (0) (0) (00)   ;(00000000) (0) (0) (00)   ;(00000000) (0) (0) (00)   ;(00000000) (0) (0) (00)   ;(00000000) (0) (0) (00)   ;(00000000) (0) (0) (00)   ;
;1280;(00000000) (0) (0) (00)    ;(00000000) (0) (0) (00)   ;(00000000) (0) (0) (00)   ;(00000000) (0) (0) (00)   ;(00000000) (0) (0) (00)   ;(00000000) (0) (0) (00)   ;(00000000) (0) (0) (00)   ;(00000000) (0) (0) (00)   ;
;1288;(00000000) (0) (0) (00)    ;(00000000) (0) (0) (00)   ;(00000000) (0) (0) (00)   ;(00000000) (0) (0) (00)   ;(00000000) (0) (0) (00)   ;(00000000) (0) (0) (00)   ;(00000000) (0) (0) (00)   ;(00000000) (0) (0) (00)   ;
;1296;(00000000) (0) (0) (00)    ;(00000000) (0) (0) (00)   ;(00000000) (0) (0) (00)   ;(00000000) (0) (0) (00)   ;(00000000) (0) (0) (00)   ;(00000000) (0) (0) (00)   ;(00000000) (0) (0) (00)   ;(00000000) (0) (0) (00)   ;
;1304;(00000000) (0) (0) (00)    ;(00000000) (0) (0) (00)   ;(00000000) (0) (0) (00)   ;(00000000) (0) (0) (00)   ;(00000000) (0) (0) (00)   ;(00000000) (0) (0) (00)   ;(00000000) (0) (0) (00)   ;(00000000) (0) (0) (00)   ;
;1312;(00000000) (0) (0) (00)    ;(00000000) (0) (0) (00)   ;(00000000) (0) (0) (00)   ;(00000000) (0) (0) (00)   ;(00000000) (0) (0) (00)   ;(00000000) (0) (0) (00)   ;(00000000) (0) (0) (00)   ;(00000000) (0) (0) (00)   ;
;1320;(00000000) (0) (0) (00)    ;(00000000) (0) (0) (00)   ;(00000000) (0) (0) (00)   ;(00000000) (0) (0) (00)   ;(00000000) (0) (0) (00)   ;(00000000) (0) (0) (00)   ;(00000000) (0) (0) (00)   ;(00000000) (0) (0) (00)   ;
;1328;(00000000) (0) (0) (00)    ;(00000000) (0) (0) (00)   ;(00000000) (0) (0) (00)   ;(00000000) (0) (0) (00)   ;(00000000) (0) (0) (00)   ;(00000000) (0) (0) (00)   ;(00000000) (0) (0) (00)   ;(00000000) (0) (0) (00)   ;
;1336;(00000000) (0) (0) (00)    ;(00000000) (0) (0) (00)   ;(00000000) (0) (0) (00)   ;(00000000) (0) (0) (00)   ;(00000000) (0) (0) (00)   ;(00000000) (0) (0) (00)   ;(00000000) (0) (0) (00)   ;(00000000) (0) (0) (00)   ;
;1344;(00000000) (0) (0) (00)    ;(00000000) (0) (0) (00)   ;(00000000) (0) (0) (00)   ;(00000000) (0) (0) (00)   ;(00000000) (0) (0) (00)   ;(00000000) (0) (0) (00)   ;(00000000) (0) (0) (00)   ;(00000000) (0) (0) (00)   ;
;1352;(00000000) (0) (0) (00)    ;(00000000) (0) (0) (00)   ;(00000000) (0) (0) (00)   ;(00000000) (0) (0) (00)   ;(00000000) (0) (0) (00)   ;(00000000) (0) (0) (00)   ;(00000000) (0) (0) (00)   ;(00000000) (0) (0) (00)   ;
;1360;(00000000) (0) (0) (00)    ;(00000000) (0) (0) (00)   ;(00000000) (0) (0) (00)   ;(00000000) (0) (0) (00)   ;(00000000) (0) (0) (00)   ;(00000000) (0) (0) (00)   ;(00000000) (0) (0) (00)   ;(00000000) (0) (0) (00)   ;
;1368;(00000000) (0) (0) (00)    ;(00000000) (0) (0) (00)   ;(00000000) (0) (0) (00)   ;(00000000) (0) (0) (00)   ;(00000000) (0) (0) (00)   ;(00000000) (0) (0) (00)   ;(00000000) (0) (0) (00)   ;(00000000) (0) (0) (00)   ;
;1376;(00000000) (0) (0) (00)    ;(00000000) (0) (0) (00)   ;(00000000) (0) (0) (00)   ;(00000000) (0) (0) (00)   ;(00000000) (0) (0) (00)   ;(00000000) (0) (0) (00)   ;(00000000) (0) (0) (00)   ;(00000000) (0) (0) (00)   ;
;1384;(00000000) (0) (0) (00)    ;(00000000) (0) (0) (00)   ;(00000000) (0) (0) (00)   ;(00000000) (0) (0) (00)   ;(00000000) (0) (0) (00)   ;(00000000) (0) (0) (00)   ;(00000000) (0) (0) (00)   ;(00000000) (0) (0) (00)   ;
;1392;(00000000) (0) (0) (00)    ;(00000000) (0) (0) (00)   ;(00000000) (0) (0) (00)   ;(00000000) (0) (0) (00)   ;(00000000) (0) (0) (00)   ;(00000000) (0) (0) (00)   ;(00000000) (0) (0) (00)   ;(00000000) (0) (0) (00)   ;
;1400;(00000000) (0) (0) (00)    ;(00000000) (0) (0) (00)   ;(00000000) (0) (0) (00)   ;(00000000) (0) (0) (00)   ;(00000000) (0) (0) (00)   ;(00000000) (0) (0) (00)   ;(00000000) (0) (0) (00)   ;(00000000) (0) (0) (00)   ;
;1408;(00000000) (0) (0) (00)    ;(00000000) (0) (0) (00)   ;(00000000) (0) (0) (00)   ;(00000000) (0) (0) (00)   ;(00000000) (0) (0) (00)   ;(00000000) (0) (0) (00)   ;(00000000) (0) (0) (00)   ;(00000000) (0) (0) (00)   ;
;1416;(00000000) (0) (0) (00)    ;(00000000) (0) (0) (00)   ;(00000000) (0) (0) (00)   ;(00000000) (0) (0) (00)   ;(00000000) (0) (0) (00)   ;(00000000) (0) (0) (00)   ;(00000000) (0) (0) (00)   ;(00000000) (0) (0) (00)   ;
;1424;(00000000) (0) (0) (00)    ;(00000000) (0) (0) (00)   ;(00000000) (0) (0) (00)   ;(00000000) (0) (0) (00)   ;(00000000) (0) (0) (00)   ;(00000000) (0) (0) (00)   ;(00000000) (0) (0) (00)   ;(00000000) (0) (0) (00)   ;
;1432;(00000000) (0) (0) (00)    ;(00000000) (0) (0) (00)   ;(00000000) (0) (0) (00)   ;(00000000) (0) (0) (00)   ;(00000000) (0) (0) (00)   ;(00000000) (0) (0) (00)   ;(00000000) (0) (0) (00)   ;(00000000) (0) (0) (00)   ;
;1440;(00000000) (0) (0) (00)    ;(00000000) (0) (0) (00)   ;(00000000) (0) (0) (00)   ;(00000000) (0) (0) (00)   ;(00000000) (0) (0) (00)   ;(00000000) (0) (0) (00)   ;(00000000) (0) (0) (00)   ;(00000000) (0) (0) (00)   ;
;1448;(00000000) (0) (0) (00)    ;(00000000) (0) (0) (00)   ;(00000000) (0) (0) (00)   ;(00000000) (0) (0) (00)   ;(00000000) (0) (0) (00)   ;(00000000) (0) (0) (00)   ;(00000000) (0) (0) (00)   ;(00000000) (0) (0) (00)   ;
;1456;(00000000) (0) (0) (00)    ;(00000000) (0) (0) (00)   ;(00000000) (0) (0) (00)   ;(00000000) (0) (0) (00)   ;(00000000) (0) (0) (00)   ;(00000000) (0) (0) (00)   ;(00000000) (0) (0) (00)   ;(00000000) (0) (0) (00)   ;
;1464;(00000000) (0) (0) (00)    ;(00000000) (0) (0) (00)   ;(00000000) (0) (0) (00)   ;(00000000) (0) (0) (00)   ;(00000000) (0) (0) (00)   ;(00000000) (0) (0) (00)   ;(00000000) (0) (0) (00)   ;(00000000) (0) (0) (00)   ;
;1472;(00000000) (0) (0) (00)    ;(00000000) (0) (0) (00)   ;(00000000) (0) (0) (00)   ;(00000000) (0) (0) (00)   ;(00000000) (0) (0) (00)   ;(00000000) (0) (0) (00)   ;(00000000) (0) (0) (00)   ;(00000000) (0) (0) (00)   ;
;1480;(00000000) (0) (0) (00)    ;(00000000) (0) (0) (00)   ;(00000000) (0) (0) (00)   ;(00000000) (0) (0) (00)   ;(00000000) (0) (0) (00)   ;(00000000) (0) (0) (00)   ;(00000000) (0) (0) (00)   ;(00000000) (0) (0) (00)   ;
;1488;(00000000) (0) (0) (00)    ;(00000000) (0) (0) (00)   ;(00000000) (0) (0) (00)   ;(00000000) (0) (0) (00)   ;(00000000) (0) (0) (00)   ;(00000000) (0) (0) (00)   ;(00000000) (0) (0) (00)   ;(00000000) (0) (0) (00)   ;
;1496;(00000000) (0) (0) (00)    ;(00000000) (0) (0) (00)   ;(00000000) (0) (0) (00)   ;(00000000) (0) (0) (00)   ;(00000000) (0) (0) (00)   ;(00000000) (0) (0) (00)   ;(00000000) (0) (0) (00)   ;(00000000) (0) (0) (00)   ;
;1504;(00000000) (0) (0) (00)    ;(00000000) (0) (0) (00)   ;(00000000) (0) (0) (00)   ;(00000000) (0) (0) (00)   ;(00000000) (0) (0) (00)   ;(00000000) (0) (0) (00)   ;(00000000) (0) (0) (00)   ;(00000000) (0) (0) (00)   ;
;1512;(00000000) (0) (0) (00)    ;(00000000) (0) (0) (00)   ;(00000000) (0) (0) (00)   ;(00000000) (0) (0) (00)   ;(00000000) (0) (0) (00)   ;(00000000) (0) (0) (00)   ;(00000000) (0) (0) (00)   ;(00000000) (0) (0) (00)   ;
;1520;(00000000) (0) (0) (00)    ;(00000000) (0) (0) (00)   ;(00000000) (0) (0) (00)   ;(00000000) (0) (0) (00)   ;(00000000) (0) (0) (00)   ;(00000000) (0) (0) (00)   ;(00000000) (0) (0) (00)   ;(00000000) (0) (0) (00)   ;
;1528;(00000000) (0) (0) (00)    ;(00000000) (0) (0) (00)   ;(00000000) (0) (0) (00)   ;(00000000) (0) (0) (00)   ;(00000000) (0) (0) (00)   ;(00000000) (0) (0) (00)   ;(00000000) (0) (0) (00)   ;(00000000) (0) (0) (00)   ;
;1536;(00000000) (0) (0) (00)    ;(00000000) (0) (0) (00)   ;(00000000) (0) (0) (00)   ;(00000000) (0) (0) (00)   ;(00000000) (0) (0) (00)   ;(00000000) (0) (0) (00)   ;(00000000) (0) (0) (00)   ;(00000000) (0) (0) (00)   ;
;1544;(00000000) (0) (0) (00)    ;(00000000) (0) (0) (00)   ;(00000000) (0) (0) (00)   ;(00000000) (0) (0) (00)   ;(00000000) (0) (0) (00)   ;(00000000) (0) (0) (00)   ;(00000000) (0) (0) (00)   ;(00000000) (0) (0) (00)   ;
;1552;(00000000) (0) (0) (00)    ;(00000000) (0) (0) (00)   ;(00000000) (0) (0) (00)   ;(00000000) (0) (0) (00)   ;(00000000) (0) (0) (00)   ;(00000000) (0) (0) (00)   ;(00000000) (0) (0) (00)   ;(00000000) (0) (0) (00)   ;
;1560;(00000000) (0) (0) (00)    ;(00000000) (0) (0) (00)   ;(00000000) (0) (0) (00)   ;(00000000) (0) (0) (00)   ;(00000000) (0) (0) (00)   ;(00000000) (0) (0) (00)   ;(00000000) (0) (0) (00)   ;(00000000) (0) (0) (00)   ;
;1568;(00000000) (0) (0) (00)    ;(00000000) (0) (0) (00)   ;(00000000) (0) (0) (00)   ;(00000000) (0) (0) (00)   ;(00000000) (0) (0) (00)   ;(00000000) (0) (0) (00)   ;(00000000) (0) (0) (00)   ;(00000000) (0) (0) (00)   ;
;1576;(00000000) (0) (0) (00)    ;(00000000) (0) (0) (00)   ;(00000000) (0) (0) (00)   ;(00000000) (0) (0) (00)   ;(00000000) (0) (0) (00)   ;(00000000) (0) (0) (00)   ;(00000000) (0) (0) (00)   ;(00000000) (0) (0) (00)   ;
;1584;(00000000) (0) (0) (00)    ;(00000000) (0) (0) (00)   ;(00000000) (0) (0) (00)   ;(00000000) (0) (0) (00)   ;(00000000) (0) (0) (00)   ;(00000000) (0) (0) (00)   ;(00000000) (0) (0) (00)   ;(00000000) (0) (0) (00)   ;
;1592;(00000000) (0) (0) (00)    ;(00000000) (0) (0) (00)   ;(00000000) (0) (0) (00)   ;(00000000) (0) (0) (00)   ;(00000000) (0) (0) (00)   ;(00000000) (0) (0) (00)   ;(00000000) (0) (0) (00)   ;(00000000) (0) (0) (00)   ;
;1600;(00000000) (0) (0) (00)    ;(00000000) (0) (0) (00)   ;(00000000) (0) (0) (00)   ;(00000000) (0) (0) (00)   ;(00000000) (0) (0) (00)   ;(00000000) (0) (0) (00)   ;(00000000) (0) (0) (00)   ;(00000000) (0) (0) (00)   ;
;1608;(00000000) (0) (0) (00)    ;(00000000) (0) (0) (00)   ;(00000000) (0) (0) (00)   ;(00000000) (0) (0) (00)   ;(00000000) (0) (0) (00)   ;(00000000) (0) (0) (00)   ;(00000000) (0) (0) (00)   ;(00000000) (0) (0) (00)   ;
;1616;(00000000) (0) (0) (00)    ;(00000000) (0) (0) (00)   ;(00000000) (0) (0) (00)   ;(00000000) (0) (0) (00)   ;(00000000) (0) (0) (00)   ;(00000000) (0) (0) (00)   ;(00000000) (0) (0) (00)   ;(00000000) (0) (0) (00)   ;
;1624;(00000000) (0) (0) (00)    ;(00000000) (0) (0) (00)   ;(00000000) (0) (0) (00)   ;(00000000) (0) (0) (00)   ;(00000000) (0) (0) (00)   ;(00000000) (0) (0) (00)   ;(00000000) (0) (0) (00)   ;(00000000) (0) (0) (00)   ;
;1632;(00000000) (0) (0) (00)    ;(00000000) (0) (0) (00)   ;(00000000) (0) (0) (00)   ;(00000000) (0) (0) (00)   ;(00000000) (0) (0) (00)   ;(00000000) (0) (0) (00)   ;(00000000) (0) (0) (00)   ;(00000000) (0) (0) (00)   ;
;1640;(00000000) (0) (0) (00)    ;(00000000) (0) (0) (00)   ;(00000000) (0) (0) (00)   ;(00000000) (0) (0) (00)   ;(00000000) (0) (0) (00)   ;(00000000) (0) (0) (00)   ;(00000000) (0) (0) (00)   ;(00000000) (0) (0) (00)   ;
;1648;(00000000) (0) (0) (00)    ;(00000000) (0) (0) (00)   ;(00000000) (0) (0) (00)   ;(00000000) (0) (0) (00)   ;(00000000) (0) (0) (00)   ;(00000000) (0) (0) (00)   ;(00000000) (0) (0) (00)   ;(00000000) (0) (0) (00)   ;
;1656;(00000000) (0) (0) (00)    ;(00000000) (0) (0) (00)   ;(00000000) (0) (0) (00)   ;(00000000) (0) (0) (00)   ;(00000000) (0) (0) (00)   ;(00000000) (0) (0) (00)   ;(00000000) (0) (0) (00)   ;(00000000) (0) (0) (00)   ;
;1664;(00000000) (0) (0) (00)    ;(00000000) (0) (0) (00)   ;(00000000) (0) (0) (00)   ;(00000000) (0) (0) (00)   ;(00000000) (0) (0) (00)   ;(00000000) (0) (0) (00)   ;(00000000) (0) (0) (00)   ;(00000000) (0) (0) (00)   ;
;1672;(00000000) (0) (0) (00)    ;(00000000) (0) (0) (00)   ;(00000000) (0) (0) (00)   ;(00000000) (0) (0) (00)   ;(00000000) (0) (0) (00)   ;(00000000) (0) (0) (00)   ;(00000000) (0) (0) (00)   ;(00000000) (0) (0) (00)   ;
;1680;(00000000) (0) (0) (00)    ;(00000000) (0) (0) (00)   ;(00000000) (0) (0) (00)   ;(00000000) (0) (0) (00)   ;(00000000) (0) (0) (00)   ;(00000000) (0) (0) (00)   ;(00000000) (0) (0) (00)   ;(00000000) (0) (0) (00)   ;
;1688;(00000000) (0) (0) (00)    ;(00000000) (0) (0) (00)   ;(00000000) (0) (0) (00)   ;(00000000) (0) (0) (00)   ;(00000000) (0) (0) (00)   ;(00000000) (0) (0) (00)   ;(00000000) (0) (0) (00)   ;(00000000) (0) (0) (00)   ;
;1696;(00000000) (0) (0) (00)    ;(00000000) (0) (0) (00)   ;(00000000) (0) (0) (00)   ;(00000000) (0) (0) (00)   ;(00000000) (0) (0) (00)   ;(00000000) (0) (0) (00)   ;(00000000) (0) (0) (00)   ;(00000000) (0) (0) (00)   ;
;1704;(00000000) (0) (0) (00)    ;(00000000) (0) (0) (00)   ;(00000000) (0) (0) (00)   ;(00000000) (0) (0) (00)   ;(00000000) (0) (0) (00)   ;(00000000) (0) (0) (00)   ;(00000000) (0) (0) (00)   ;(00000000) (0) (0) (00)   ;
;1712;(00000000) (0) (0) (00)    ;(00000000) (0) (0) (00)   ;(00000000) (0) (0) (00)   ;(00000000) (0) (0) (00)   ;(00000000) (0) (0) (00)   ;(00000000) (0) (0) (00)   ;(00000000) (0) (0) (00)   ;(00000000) (0) (0) (00)   ;
;1720;(00000000) (0) (0) (00)    ;(00000000) (0) (0) (00)   ;(00000000) (0) (0) (00)   ;(00000000) (0) (0) (00)   ;(00000000) (0) (0) (00)   ;(00000000) (0) (0) (00)   ;(00000000) (0) (0) (00)   ;(00000000) (0) (0) (00)   ;
;1728;(00000000) (0) (0) (00)    ;(00000000) (0) (0) (00)   ;(00000000) (0) (0) (00)   ;(00000000) (0) (0) (00)   ;(00000000) (0) (0) (00)   ;(00000000) (0) (0) (00)   ;(00000000) (0) (0) (00)   ;(00000000) (0) (0) (00)   ;
;1736;(00000000) (0) (0) (00)    ;(00000000) (0) (0) (00)   ;(00000000) (0) (0) (00)   ;(00000000) (0) (0) (00)   ;(00000000) (0) (0) (00)   ;(00000000) (0) (0) (00)   ;(00000000) (0) (0) (00)   ;(00000000) (0) (0) (00)   ;
;1744;(00000000) (0) (0) (00)    ;(00000000) (0) (0) (00)   ;(00000000) (0) (0) (00)   ;(00000000) (0) (0) (00)   ;(00000000) (0) (0) (00)   ;(00000000) (0) (0) (00)   ;(00000000) (0) (0) (00)   ;(00000000) (0) (0) (00)   ;
;1752;(00000000) (0) (0) (00)    ;(00000000) (0) (0) (00)   ;(00000000) (0) (0) (00)   ;(00000000) (0) (0) (00)   ;(00000000) (0) (0) (00)   ;(00000000) (0) (0) (00)   ;(00000000) (0) (0) (00)   ;(00000000) (0) (0) (00)   ;
;1760;(00000000) (0) (0) (00)    ;(00000000) (0) (0) (00)   ;(00000000) (0) (0) (00)   ;(00000000) (0) (0) (00)   ;(00000000) (0) (0) (00)   ;(00000000) (0) (0) (00)   ;(00000000) (0) (0) (00)   ;(00000000) (0) (0) (00)   ;
;1768;(00000000) (0) (0) (00)    ;(00000000) (0) (0) (00)   ;(00000000) (0) (0) (00)   ;(00000000) (0) (0) (00)   ;(00000000) (0) (0) (00)   ;(00000000) (0) (0) (00)   ;(00000000) (0) (0) (00)   ;(00000000) (0) (0) (00)   ;
;1776;(00000000) (0) (0) (00)    ;(00000000) (0) (0) (00)   ;(00000000) (0) (0) (00)   ;(00000000) (0) (0) (00)   ;(00000000) (0) (0) (00)   ;(00000000) (0) (0) (00)   ;(00000000) (0) (0) (00)   ;(00000000) (0) (0) (00)   ;
;1784;(00000000) (0) (0) (00)    ;(00000000) (0) (0) (00)   ;(00000000) (0) (0) (00)   ;(00000000) (0) (0) (00)   ;(00000000) (0) (0) (00)   ;(00000000) (0) (0) (00)   ;(00000000) (0) (0) (00)   ;(00000000) (0) (0) (00)   ;
;1792;(00000000) (0) (0) (00)    ;(00000000) (0) (0) (00)   ;(00000000) (0) (0) (00)   ;(00000000) (0) (0) (00)   ;(00000000) (0) (0) (00)   ;(00000000) (0) (0) (00)   ;(00000000) (0) (0) (00)   ;(00000000) (0) (0) (00)   ;
;1800;(00000000) (0) (0) (00)    ;(00000000) (0) (0) (00)   ;(00000000) (0) (0) (00)   ;(00000000) (0) (0) (00)   ;(00000000) (0) (0) (00)   ;(00000000) (0) (0) (00)   ;(00000000) (0) (0) (00)   ;(00000000) (0) (0) (00)   ;
;1808;(00000000) (0) (0) (00)    ;(00000000) (0) (0) (00)   ;(00000000) (0) (0) (00)   ;(00000000) (0) (0) (00)   ;(00000000) (0) (0) (00)   ;(00000000) (0) (0) (00)   ;(00000000) (0) (0) (00)   ;(00000000) (0) (0) (00)   ;
;1816;(00000000) (0) (0) (00)    ;(00000000) (0) (0) (00)   ;(00000000) (0) (0) (00)   ;(00000000) (0) (0) (00)   ;(00000000) (0) (0) (00)   ;(00000000) (0) (0) (00)   ;(00000000) (0) (0) (00)   ;(00000000) (0) (0) (00)   ;
;1824;(00000000) (0) (0) (00)    ;(00000000) (0) (0) (00)   ;(00000000) (0) (0) (00)   ;(00000000) (0) (0) (00)   ;(00000000) (0) (0) (00)   ;(00000000) (0) (0) (00)   ;(00000000) (0) (0) (00)   ;(00000000) (0) (0) (00)   ;
;1832;(00000000) (0) (0) (00)    ;(00000000) (0) (0) (00)   ;(00000000) (0) (0) (00)   ;(00000000) (0) (0) (00)   ;(00000000) (0) (0) (00)   ;(00000000) (0) (0) (00)   ;(00000000) (0) (0) (00)   ;(00000000) (0) (0) (00)   ;
;1840;(00000000) (0) (0) (00)    ;(00000000) (0) (0) (00)   ;(00000000) (0) (0) (00)   ;(00000000) (0) (0) (00)   ;(00000000) (0) (0) (00)   ;(00000000) (0) (0) (00)   ;(00000000) (0) (0) (00)   ;(00000000) (0) (0) (00)   ;
;1848;(00000000) (0) (0) (00)    ;(00000000) (0) (0) (00)   ;(00000000) (0) (0) (00)   ;(00000000) (0) (0) (00)   ;(00000000) (0) (0) (00)   ;(00000000) (0) (0) (00)   ;(00000000) (0) (0) (00)   ;(00000000) (0) (0) (00)   ;
;1856;(00000000) (0) (0) (00)    ;(00000000) (0) (0) (00)   ;(00000000) (0) (0) (00)   ;(00000000) (0) (0) (00)   ;(00000000) (0) (0) (00)   ;(00000000) (0) (0) (00)   ;(00000000) (0) (0) (00)   ;(00000000) (0) (0) (00)   ;
;1864;(00000000) (0) (0) (00)    ;(00000000) (0) (0) (00)   ;(00000000) (0) (0) (00)   ;(00000000) (0) (0) (00)   ;(00000000) (0) (0) (00)   ;(00000000) (0) (0) (00)   ;(00000000) (0) (0) (00)   ;(00000000) (0) (0) (00)   ;
;1872;(00000000) (0) (0) (00)    ;(00000000) (0) (0) (00)   ;(00000000) (0) (0) (00)   ;(00000000) (0) (0) (00)   ;(00000000) (0) (0) (00)   ;(00000000) (0) (0) (00)   ;(00000000) (0) (0) (00)   ;(00000000) (0) (0) (00)   ;
;1880;(00000000) (0) (0) (00)    ;(00000000) (0) (0) (00)   ;(00000000) (0) (0) (00)   ;(00000000) (0) (0) (00)   ;(00000000) (0) (0) (00)   ;(00000000) (0) (0) (00)   ;(00000000) (0) (0) (00)   ;(00000000) (0) (0) (00)   ;
;1888;(00000000) (0) (0) (00)    ;(00000000) (0) (0) (00)   ;(00000000) (0) (0) (00)   ;(00000000) (0) (0) (00)   ;(00000000) (0) (0) (00)   ;(00000000) (0) (0) (00)   ;(00000000) (0) (0) (00)   ;(00000000) (0) (0) (00)   ;
;1896;(00000000) (0) (0) (00)    ;(00000000) (0) (0) (00)   ;(00000000) (0) (0) (00)   ;(00000000) (0) (0) (00)   ;(00000000) (0) (0) (00)   ;(00000000) (0) (0) (00)   ;(00000000) (0) (0) (00)   ;(00000000) (0) (0) (00)   ;
;1904;(00000000) (0) (0) (00)    ;(00000000) (0) (0) (00)   ;(00000000) (0) (0) (00)   ;(00000000) (0) (0) (00)   ;(00000000) (0) (0) (00)   ;(00000000) (0) (0) (00)   ;(00000000) (0) (0) (00)   ;(00000000) (0) (0) (00)   ;
;1912;(00000000) (0) (0) (00)    ;(00000000) (0) (0) (00)   ;(00000000) (0) (0) (00)   ;(00000000) (0) (0) (00)   ;(00000000) (0) (0) (00)   ;(00000000) (0) (0) (00)   ;(00000000) (0) (0) (00)   ;(00000000) (0) (0) (00)   ;
;1920;(00000000) (0) (0) (00)    ;(00000000) (0) (0) (00)   ;(00000000) (0) (0) (00)   ;(00000000) (0) (0) (00)   ;(00000000) (0) (0) (00)   ;(00000000) (0) (0) (00)   ;(00000000) (0) (0) (00)   ;(00000000) (0) (0) (00)   ;
;1928;(00000000) (0) (0) (00)    ;(00000000) (0) (0) (00)   ;(00000000) (0) (0) (00)   ;(00000000) (0) (0) (00)   ;(00000000) (0) (0) (00)   ;(00000000) (0) (0) (00)   ;(00000000) (0) (0) (00)   ;(00000000) (0) (0) (00)   ;
;1936;(00000000) (0) (0) (00)    ;(00000000) (0) (0) (00)   ;(00000000) (0) (0) (00)   ;(00000000) (0) (0) (00)   ;(00000000) (0) (0) (00)   ;(00000000) (0) (0) (00)   ;(00000000) (0) (0) (00)   ;(00000000) (0) (0) (00)   ;
;1944;(00000000) (0) (0) (00)    ;(00000000) (0) (0) (00)   ;(00000000) (0) (0) (00)   ;(00000000) (0) (0) (00)   ;(00000000) (0) (0) (00)   ;(00000000) (0) (0) (00)   ;(00000000) (0) (0) (00)   ;(00000000) (0) (0) (00)   ;
;1952;(00000000) (0) (0) (00)    ;(00000000) (0) (0) (00)   ;(00000000) (0) (0) (00)   ;(00000000) (0) (0) (00)   ;(00000000) (0) (0) (00)   ;(00000000) (0) (0) (00)   ;(00000000) (0) (0) (00)   ;(00000000) (0) (0) (00)   ;
;1960;(00000000) (0) (0) (00)    ;(00000000) (0) (0) (00)   ;(00000000) (0) (0) (00)   ;(00000000) (0) (0) (00)   ;(00000000) (0) (0) (00)   ;(00000000) (0) (0) (00)   ;(00000000) (0) (0) (00)   ;(00000000) (0) (0) (00)   ;
;1968;(00000000) (0) (0) (00)    ;(00000000) (0) (0) (00)   ;(00000000) (0) (0) (00)   ;(00000000) (0) (0) (00)   ;(00000000) (0) (0) (00)   ;(00000000) (0) (0) (00)   ;(00000000) (0) (0) (00)   ;(00000000) (0) (0) (00)   ;
;1976;(00000000) (0) (0) (00)    ;(00000000) (0) (0) (00)   ;(00000000) (0) (0) (00)   ;(00000000) (0) (0) (00)   ;(00000000) (0) (0) (00)   ;(00000000) (0) (0) (00)   ;(00000000) (0) (0) (00)   ;(00000000) (0) (0) (00)   ;
;1984;(00000000) (0) (0) (00)    ;(00000000) (0) (0) (00)   ;(00000000) (0) (0) (00)   ;(00000000) (0) (0) (00)   ;(00000000) (0) (0) (00)   ;(00000000) (0) (0) (00)   ;(00000000) (0) (0) (00)   ;(00000000) (0) (0) (00)   ;
;1992;(00000000) (0) (0) (00)    ;(00000000) (0) (0) (00)   ;(00000000) (0) (0) (00)   ;(00000000) (0) (0) (00)   ;(00000000) (0) (0) (00)   ;(00000000) (0) (0) (00)   ;(00000000) (0) (0) (00)   ;(00000000) (0) (0) (00)   ;
;2000;(00000000) (0) (0) (00)    ;(00000000) (0) (0) (00)   ;(00000000) (0) (0) (00)   ;(00000000) (0) (0) (00)   ;(00000000) (0) (0) (00)   ;(00000000) (0) (0) (00)   ;(00000000) (0) (0) (00)   ;(00000000) (0) (0) (00)   ;
;2008;(00000000) (0) (0) (00)    ;(00000000) (0) (0) (00)   ;(00000000) (0) (0) (00)   ;(00000000) (0) (0) (00)   ;(00000000) (0) (0) (00)   ;(00000000) (0) (0) (00)   ;(00000000) (0) (0) (00)   ;(00000000) (0) (0) (00)   ;
;2016;(00000000) (0) (0) (00)    ;(00000000) (0) (0) (00)   ;(00000000) (0) (0) (00)   ;(00000000) (0) (0) (00)   ;(00000000) (0) (0) (00)   ;(00000000) (0) (0) (00)   ;(00000000) (0) (0) (00)   ;(00000000) (0) (0) (00)   ;
;2024;(00000000) (0) (0) (00)    ;(00000000) (0) (0) (00)   ;(00000000) (0) (0) (00)   ;(00000000) (0) (0) (00)   ;(00000000) (0) (0) (00)   ;(00000000) (0) (0) (00)   ;(00000000) (0) (0) (00)   ;(00000000) (0) (0) (00)   ;
;2032;(00000000) (0) (0) (00)    ;(00000000) (0) (0) (00)   ;(00000000) (0) (0) (00)   ;(00000000) (0) (0) (00)   ;(00000000) (0) (0) (00)   ;(00000000) (0) (0) (00)   ;(00000000) (0) (0) (00)   ;(00000000) (0) (0) (00)   ;
;2040;(00000000) (0) (0) (00)    ;(00000000) (0) (0) (00)   ;(00000000) (0) (0) (00)   ;(00000000) (0) (0) (00)   ;(00000000) (0) (0) (00)   ;(00000000) (0) (0) (00)   ;(00000000) (0) (0) (00)   ;(00000000) (0) (0) (00)   ;


RAM content values are presented in the following format: (Binary) (Octal) (Decimal) (Hexadecimal) 
+------------------------------------------------------------------------------------------------------------------------------------------------------------------------------------------------------------------------------------------------------------------+
; |top|picosoc:soc_core|picosoc_mem:memory|altsyncram:mem0_rtl_0|altsyncram_9le1:auto_generated|ALTSYNCRAM                                                                                                                                                         ;
+------------------------------------------------------------------------------------------------------------------------------------------------------------------------------------------------------------------------------------------------------------------+
;   Addr   ;              +0              ;              +1              ;              +2              ;              +3              ;              +4              ;              +5              ;              +6              ;              +7              ;
+----------+------------------------------+------------------------------+------------------------------+------------------------------+------------------------------+------------------------------+------------------------------+------------------------------+
;0;(00110111) (67) (55) (37)    ;(11101111) (357) (239) (EF)   ;(01110011) (163) (115) (73)   ;(00010011) (23) (19) (13)   ;(00100011) (43) (35) (23)   ;(01101111) (157) (111) (6F)   ;(10000011) (203) (131) (83)   ;(10010011) (223) (147) (93)   ;
;8;(00100011) (43) (35) (23)    ;(00000011) (3) (3) (03)   ;(10110111) (267) (183) (B7)   ;(10010011) (223) (147) (93)   ;(11100011) (343) (227) (E3)   ;(10000011) (203) (131) (83)   ;(00010011) (23) (19) (13)   ;(00100011) (43) (35) (23)   ;
;16;(01100011) (143) (99) (63)    ;(00100011) (43) (35) (23)   ;(01101111) (157) (111) (6F)   ;(00010011) (23) (19) (13)   ;(01100111) (147) (103) (67)   ;(00010011) (23) (19) (13)   ;(00100011) (43) (35) (23)   ;(00100011) (43) (35) (23)   ;
;24;(00110111) (67) (55) (37)    ;(10010011) (223) (147) (93)   ;(00100011) (43) (35) (23)   ;(00010011) (23) (19) (13)   ;(11101111) (357) (239) (EF)   ;(00100011) (43) (35) (23)   ;(00010011) (23) (19) (13)   ;(11101111) (357) (239) (EF)   ;
;32;(01101111) (157) (111) (6F)    ;(00000000) (0) (0) (00)   ;(00000000) (0) (0) (00)   ;(00000000) (0) (0) (00)   ;(00000000) (0) (0) (00)   ;(00000000) (0) (0) (00)   ;(00000000) (0) (0) (00)   ;(00000000) (0) (0) (00)   ;
;40;(00000000) (0) (0) (00)    ;(00000000) (0) (0) (00)   ;(00000000) (0) (0) (00)   ;(00000000) (0) (0) (00)   ;(00000000) (0) (0) (00)   ;(00000000) (0) (0) (00)   ;(00000000) (0) (0) (00)   ;(00000000) (0) (0) (00)   ;
;48;(00000000) (0) (0) (00)    ;(00000000) (0) (0) (00)   ;(00000000) (0) (0) (00)   ;(00000000) (0) (0) (00)   ;(00000000) (0) (0) (00)   ;(00000000) (0) (0) (00)   ;(00000000) (0) (0) (00)   ;(00000000) (0) (0) (00)   ;
;56;(00000000) (0) (0) (00)    ;(00000000) (0) (0) (00)   ;(00000000) (0) (0) (00)   ;(00000000) (0) (0) (00)   ;(00000000) (0) (0) (00)   ;(00000000) (0) (0) (00)   ;(00000000) (0) (0) (00)   ;(00000000) (0) (0) (00)   ;
;64;(00000000) (0) (0) (00)    ;(00000000) (0) (0) (00)   ;(00000000) (0) (0) (00)   ;(00000000) (0) (0) (00)   ;(00000000) (0) (0) (00)   ;(00000000) (0) (0) (00)   ;(00000000) (0) (0) (00)   ;(00000000) (0) (0) (00)   ;
;72;(00000000) (0) (0) (00)    ;(00000000) (0) (0) (00)   ;(00000000) (0) (0) (00)   ;(00000000) (0) (0) (00)   ;(00000000) (0) (0) (00)   ;(00000000) (0) (0) (00)   ;(00000000) (0) (0) (00)   ;(00000000) (0) (0) (00)   ;
;80;(00000000) (0) (0) (00)    ;(00000000) (0) (0) (00)   ;(00000000) (0) (0) (00)   ;(00000000) (0) (0) (00)   ;(00000000) (0) (0) (00)   ;(00000000) (0) (0) (00)   ;(00000000) (0) (0) (00)   ;(00000000) (0) (0) (00)   ;
;88;(00000000) (0) (0) (00)    ;(00000000) (0) (0) (00)   ;(00000000) (0) (0) (00)   ;(00000000) (0) (0) (00)   ;(00000000) (0) (0) (00)   ;(00000000) (0) (0) (00)   ;(00000000) (0) (0) (00)   ;(00000000) (0) (0) (00)   ;
;96;(00000000) (0) (0) (00)    ;(00000000) (0) (0) (00)   ;(00000000) (0) (0) (00)   ;(00000000) (0) (0) (00)   ;(00000000) (0) (0) (00)   ;(00000000) (0) (0) (00)   ;(00000000) (0) (0) (00)   ;(00000000) (0) (0) (00)   ;
;104;(00000000) (0) (0) (00)    ;(00000000) (0) (0) (00)   ;(00000000) (0) (0) (00)   ;(00000000) (0) (0) (00)   ;(00000000) (0) (0) (00)   ;(00000000) (0) (0) (00)   ;(00000000) (0) (0) (00)   ;(00000000) (0) (0) (00)   ;
;112;(00000000) (0) (0) (00)    ;(00000000) (0) (0) (00)   ;(00000000) (0) (0) (00)   ;(00000000) (0) (0) (00)   ;(00000000) (0) (0) (00)   ;(00000000) (0) (0) (00)   ;(00000000) (0) (0) (00)   ;(00000000) (0) (0) (00)   ;
;120;(00000000) (0) (0) (00)    ;(00000000) (0) (0) (00)   ;(00000000) (0) (0) (00)   ;(00000000) (0) (0) (00)   ;(00000000) (0) (0) (00)   ;(00000000) (0) (0) (00)   ;(00000000) (0) (0) (00)   ;(00000000) (0) (0) (00)   ;
;128;(00000000) (0) (0) (00)    ;(00000000) (0) (0) (00)   ;(00000000) (0) (0) (00)   ;(00000000) (0) (0) (00)   ;(00000000) (0) (0) (00)   ;(00000000) (0) (0) (00)   ;(00000000) (0) (0) (00)   ;(00000000) (0) (0) (00)   ;
;136;(00000000) (0) (0) (00)    ;(00000000) (0) (0) (00)   ;(00000000) (0) (0) (00)   ;(00000000) (0) (0) (00)   ;(00000000) (0) (0) (00)   ;(00000000) (0) (0) (00)   ;(00000000) (0) (0) (00)   ;(00000000) (0) (0) (00)   ;
;144;(00000000) (0) (0) (00)    ;(00000000) (0) (0) (00)   ;(00000000) (0) (0) (00)   ;(00000000) (0) (0) (00)   ;(00000000) (0) (0) (00)   ;(00000000) (0) (0) (00)   ;(00000000) (0) (0) (00)   ;(00000000) (0) (0) (00)   ;
;152;(00000000) (0) (0) (00)    ;(00000000) (0) (0) (00)   ;(00000000) (0) (0) (00)   ;(00000000) (0) (0) (00)   ;(00000000) (0) (0) (00)   ;(00000000) (0) (0) (00)   ;(00000000) (0) (0) (00)   ;(00000000) (0) (0) (00)   ;
;160;(00000000) (0) (0) (00)    ;(00000000) (0) (0) (00)   ;(00000000) (0) (0) (00)   ;(00000000) (0) (0) (00)   ;(00000000) (0) (0) (00)   ;(00000000) (0) (0) (00)   ;(00000000) (0) (0) (00)   ;(00000000) (0) (0) (00)   ;
;168;(00000000) (0) (0) (00)    ;(00000000) (0) (0) (00)   ;(00000000) (0) (0) (00)   ;(00000000) (0) (0) (00)   ;(00000000) (0) (0) (00)   ;(00000000) (0) (0) (00)   ;(00000000) (0) (0) (00)   ;(00000000) (0) (0) (00)   ;
;176;(00000000) (0) (0) (00)    ;(00000000) (0) (0) (00)   ;(00000000) (0) (0) (00)   ;(00000000) (0) (0) (00)   ;(00000000) (0) (0) (00)   ;(00000000) (0) (0) (00)   ;(00000000) (0) (0) (00)   ;(00000000) (0) (0) (00)   ;
;184;(00000000) (0) (0) (00)    ;(00000000) (0) (0) (00)   ;(00000000) (0) (0) (00)   ;(00000000) (0) (0) (00)   ;(00000000) (0) (0) (00)   ;(00000000) (0) (0) (00)   ;(00000000) (0) (0) (00)   ;(00000000) (0) (0) (00)   ;
;192;(00000000) (0) (0) (00)    ;(00000000) (0) (0) (00)   ;(00000000) (0) (0) (00)   ;(00000000) (0) (0) (00)   ;(00000000) (0) (0) (00)   ;(00000000) (0) (0) (00)   ;(00000000) (0) (0) (00)   ;(00000000) (0) (0) (00)   ;
;200;(00000000) (0) (0) (00)    ;(00000000) (0) (0) (00)   ;(00000000) (0) (0) (00)   ;(00000000) (0) (0) (00)   ;(00000000) (0) (0) (00)   ;(00000000) (0) (0) (00)   ;(00000000) (0) (0) (00)   ;(00000000) (0) (0) (00)   ;
;208;(00000000) (0) (0) (00)    ;(00000000) (0) (0) (00)   ;(00000000) (0) (0) (00)   ;(00000000) (0) (0) (00)   ;(00000000) (0) (0) (00)   ;(00000000) (0) (0) (00)   ;(00000000) (0) (0) (00)   ;(00000000) (0) (0) (00)   ;
;216;(00000000) (0) (0) (00)    ;(00000000) (0) (0) (00)   ;(00000000) (0) (0) (00)   ;(00000000) (0) (0) (00)   ;(00000000) (0) (0) (00)   ;(00000000) (0) (0) (00)   ;(00000000) (0) (0) (00)   ;(00000000) (0) (0) (00)   ;
;224;(00000000) (0) (0) (00)    ;(00000000) (0) (0) (00)   ;(00000000) (0) (0) (00)   ;(00000000) (0) (0) (00)   ;(00000000) (0) (0) (00)   ;(00000000) (0) (0) (00)   ;(00000000) (0) (0) (00)   ;(00000000) (0) (0) (00)   ;
;232;(00000000) (0) (0) (00)    ;(00000000) (0) (0) (00)   ;(00000000) (0) (0) (00)   ;(00000000) (0) (0) (00)   ;(00000000) (0) (0) (00)   ;(00000000) (0) (0) (00)   ;(00000000) (0) (0) (00)   ;(00000000) (0) (0) (00)   ;
;240;(00000000) (0) (0) (00)    ;(00000000) (0) (0) (00)   ;(00000000) (0) (0) (00)   ;(00000000) (0) (0) (00)   ;(00000000) (0) (0) (00)   ;(00000000) (0) (0) (00)   ;(00000000) (0) (0) (00)   ;(00000000) (0) (0) (00)   ;
;248;(00000000) (0) (0) (00)    ;(00000000) (0) (0) (00)   ;(00000000) (0) (0) (00)   ;(00000000) (0) (0) (00)   ;(00000000) (0) (0) (00)   ;(00000000) (0) (0) (00)   ;(00000000) (0) (0) (00)   ;(00000000) (0) (0) (00)   ;
;256;(00000000) (0) (0) (00)    ;(00000000) (0) (0) (00)   ;(00000000) (0) (0) (00)   ;(00000000) (0) (0) (00)   ;(00000000) (0) (0) (00)   ;(00000000) (0) (0) (00)   ;(00000000) (0) (0) (00)   ;(00000000) (0) (0) (00)   ;
;264;(00000000) (0) (0) (00)    ;(00000000) (0) (0) (00)   ;(00000000) (0) (0) (00)   ;(00000000) (0) (0) (00)   ;(00000000) (0) (0) (00)   ;(00000000) (0) (0) (00)   ;(00000000) (0) (0) (00)   ;(00000000) (0) (0) (00)   ;
;272;(00000000) (0) (0) (00)    ;(00000000) (0) (0) (00)   ;(00000000) (0) (0) (00)   ;(00000000) (0) (0) (00)   ;(00000000) (0) (0) (00)   ;(00000000) (0) (0) (00)   ;(00000000) (0) (0) (00)   ;(00000000) (0) (0) (00)   ;
;280;(00000000) (0) (0) (00)    ;(00000000) (0) (0) (00)   ;(00000000) (0) (0) (00)   ;(00000000) (0) (0) (00)   ;(00000000) (0) (0) (00)   ;(00000000) (0) (0) (00)   ;(00000000) (0) (0) (00)   ;(00000000) (0) (0) (00)   ;
;288;(00000000) (0) (0) (00)    ;(00000000) (0) (0) (00)   ;(00000000) (0) (0) (00)   ;(00000000) (0) (0) (00)   ;(00000000) (0) (0) (00)   ;(00000000) (0) (0) (00)   ;(00000000) (0) (0) (00)   ;(00000000) (0) (0) (00)   ;
;296;(00000000) (0) (0) (00)    ;(00000000) (0) (0) (00)   ;(00000000) (0) (0) (00)   ;(00000000) (0) (0) (00)   ;(00000000) (0) (0) (00)   ;(00000000) (0) (0) (00)   ;(00000000) (0) (0) (00)   ;(00000000) (0) (0) (00)   ;
;304;(00000000) (0) (0) (00)    ;(00000000) (0) (0) (00)   ;(00000000) (0) (0) (00)   ;(00000000) (0) (0) (00)   ;(00000000) (0) (0) (00)   ;(00000000) (0) (0) (00)   ;(00000000) (0) (0) (00)   ;(00000000) (0) (0) (00)   ;
;312;(00000000) (0) (0) (00)    ;(00000000) (0) (0) (00)   ;(00000000) (0) (0) (00)   ;(00000000) (0) (0) (00)   ;(00000000) (0) (0) (00)   ;(00000000) (0) (0) (00)   ;(00000000) (0) (0) (00)   ;(00000000) (0) (0) (00)   ;
;320;(00000000) (0) (0) (00)    ;(00000000) (0) (0) (00)   ;(00000000) (0) (0) (00)   ;(00000000) (0) (0) (00)   ;(00000000) (0) (0) (00)   ;(00000000) (0) (0) (00)   ;(00000000) (0) (0) (00)   ;(00000000) (0) (0) (00)   ;
;328;(00000000) (0) (0) (00)    ;(00000000) (0) (0) (00)   ;(00000000) (0) (0) (00)   ;(00000000) (0) (0) (00)   ;(00000000) (0) (0) (00)   ;(00000000) (0) (0) (00)   ;(00000000) (0) (0) (00)   ;(00000000) (0) (0) (00)   ;
;336;(00000000) (0) (0) (00)    ;(00000000) (0) (0) (00)   ;(00000000) (0) (0) (00)   ;(00000000) (0) (0) (00)   ;(00000000) (0) (0) (00)   ;(00000000) (0) (0) (00)   ;(00000000) (0) (0) (00)   ;(00000000) (0) (0) (00)   ;
;344;(00000000) (0) (0) (00)    ;(00000000) (0) (0) (00)   ;(00000000) (0) (0) (00)   ;(00000000) (0) (0) (00)   ;(00000000) (0) (0) (00)   ;(00000000) (0) (0) (00)   ;(00000000) (0) (0) (00)   ;(00000000) (0) (0) (00)   ;
;352;(00000000) (0) (0) (00)    ;(00000000) (0) (0) (00)   ;(00000000) (0) (0) (00)   ;(00000000) (0) (0) (00)   ;(00000000) (0) (0) (00)   ;(00000000) (0) (0) (00)   ;(00000000) (0) (0) (00)   ;(00000000) (0) (0) (00)   ;
;360;(00000000) (0) (0) (00)    ;(00000000) (0) (0) (00)   ;(00000000) (0) (0) (00)   ;(00000000) (0) (0) (00)   ;(00000000) (0) (0) (00)   ;(00000000) (0) (0) (00)   ;(00000000) (0) (0) (00)   ;(00000000) (0) (0) (00)   ;
;368;(00000000) (0) (0) (00)    ;(00000000) (0) (0) (00)   ;(00000000) (0) (0) (00)   ;(00000000) (0) (0) (00)   ;(00000000) (0) (0) (00)   ;(00000000) (0) (0) (00)   ;(00000000) (0) (0) (00)   ;(00000000) (0) (0) (00)   ;
;376;(00000000) (0) (0) (00)    ;(00000000) (0) (0) (00)   ;(00000000) (0) (0) (00)   ;(00000000) (0) (0) (00)   ;(00000000) (0) (0) (00)   ;(00000000) (0) (0) (00)   ;(00000000) (0) (0) (00)   ;(00000000) (0) (0) (00)   ;
;384;(00000000) (0) (0) (00)    ;(00000000) (0) (0) (00)   ;(00000000) (0) (0) (00)   ;(00000000) (0) (0) (00)   ;(00000000) (0) (0) (00)   ;(00000000) (0) (0) (00)   ;(00000000) (0) (0) (00)   ;(00000000) (0) (0) (00)   ;
;392;(00000000) (0) (0) (00)    ;(00000000) (0) (0) (00)   ;(00000000) (0) (0) (00)   ;(00000000) (0) (0) (00)   ;(00000000) (0) (0) (00)   ;(00000000) (0) (0) (00)   ;(00000000) (0) (0) (00)   ;(00000000) (0) (0) (00)   ;
;400;(00000000) (0) (0) (00)    ;(00000000) (0) (0) (00)   ;(00000000) (0) (0) (00)   ;(00000000) (0) (0) (00)   ;(00000000) (0) (0) (00)   ;(00000000) (0) (0) (00)   ;(00000000) (0) (0) (00)   ;(00000000) (0) (0) (00)   ;
;408;(00000000) (0) (0) (00)    ;(00000000) (0) (0) (00)   ;(00000000) (0) (0) (00)   ;(00000000) (0) (0) (00)   ;(00000000) (0) (0) (00)   ;(00000000) (0) (0) (00)   ;(00000000) (0) (0) (00)   ;(00000000) (0) (0) (00)   ;
;416;(00000000) (0) (0) (00)    ;(00000000) (0) (0) (00)   ;(00000000) (0) (0) (00)   ;(00000000) (0) (0) (00)   ;(00000000) (0) (0) (00)   ;(00000000) (0) (0) (00)   ;(00000000) (0) (0) (00)   ;(00000000) (0) (0) (00)   ;
;424;(00000000) (0) (0) (00)    ;(00000000) (0) (0) (00)   ;(00000000) (0) (0) (00)   ;(00000000) (0) (0) (00)   ;(00000000) (0) (0) (00)   ;(00000000) (0) (0) (00)   ;(00000000) (0) (0) (00)   ;(00000000) (0) (0) (00)   ;
;432;(00000000) (0) (0) (00)    ;(00000000) (0) (0) (00)   ;(00000000) (0) (0) (00)   ;(00000000) (0) (0) (00)   ;(00000000) (0) (0) (00)   ;(00000000) (0) (0) (00)   ;(00000000) (0) (0) (00)   ;(00000000) (0) (0) (00)   ;
;440;(00000000) (0) (0) (00)    ;(00000000) (0) (0) (00)   ;(00000000) (0) (0) (00)   ;(00000000) (0) (0) (00)   ;(00000000) (0) (0) (00)   ;(00000000) (0) (0) (00)   ;(00000000) (0) (0) (00)   ;(00000000) (0) (0) (00)   ;
;448;(00000000) (0) (0) (00)    ;(00000000) (0) (0) (00)   ;(00000000) (0) (0) (00)   ;(00000000) (0) (0) (00)   ;(00000000) (0) (0) (00)   ;(00000000) (0) (0) (00)   ;(00000000) (0) (0) (00)   ;(00000000) (0) (0) (00)   ;
;456;(00000000) (0) (0) (00)    ;(00000000) (0) (0) (00)   ;(00000000) (0) (0) (00)   ;(00000000) (0) (0) (00)   ;(00000000) (0) (0) (00)   ;(00000000) (0) (0) (00)   ;(00000000) (0) (0) (00)   ;(00000000) (0) (0) (00)   ;
;464;(00000000) (0) (0) (00)    ;(00000000) (0) (0) (00)   ;(00000000) (0) (0) (00)   ;(00000000) (0) (0) (00)   ;(00000000) (0) (0) (00)   ;(00000000) (0) (0) (00)   ;(00000000) (0) (0) (00)   ;(00000000) (0) (0) (00)   ;
;472;(00000000) (0) (0) (00)    ;(00000000) (0) (0) (00)   ;(00000000) (0) (0) (00)   ;(00000000) (0) (0) (00)   ;(00000000) (0) (0) (00)   ;(00000000) (0) (0) (00)   ;(00000000) (0) (0) (00)   ;(00000000) (0) (0) (00)   ;
;480;(00000000) (0) (0) (00)    ;(00000000) (0) (0) (00)   ;(00000000) (0) (0) (00)   ;(00000000) (0) (0) (00)   ;(00000000) (0) (0) (00)   ;(00000000) (0) (0) (00)   ;(00000000) (0) (0) (00)   ;(00000000) (0) (0) (00)   ;
;488;(00000000) (0) (0) (00)    ;(00000000) (0) (0) (00)   ;(00000000) (0) (0) (00)   ;(00000000) (0) (0) (00)   ;(00000000) (0) (0) (00)   ;(00000000) (0) (0) (00)   ;(00000000) (0) (0) (00)   ;(00000000) (0) (0) (00)   ;
;496;(00000000) (0) (0) (00)    ;(00000000) (0) (0) (00)   ;(00000000) (0) (0) (00)   ;(00000000) (0) (0) (00)   ;(00000000) (0) (0) (00)   ;(00000000) (0) (0) (00)   ;(00000000) (0) (0) (00)   ;(00000000) (0) (0) (00)   ;
;504;(00000000) (0) (0) (00)    ;(00000000) (0) (0) (00)   ;(00000000) (0) (0) (00)   ;(00000000) (0) (0) (00)   ;(00000000) (0) (0) (00)   ;(00000000) (0) (0) (00)   ;(00000000) (0) (0) (00)   ;(00000000) (0) (0) (00)   ;
;512;(00000000) (0) (0) (00)    ;(00000000) (0) (0) (00)   ;(00000000) (0) (0) (00)   ;(00000000) (0) (0) (00)   ;(00000000) (0) (0) (00)   ;(00000000) (0) (0) (00)   ;(00000000) (0) (0) (00)   ;(00000000) (0) (0) (00)   ;
;520;(00000000) (0) (0) (00)    ;(00000000) (0) (0) (00)   ;(00000000) (0) (0) (00)   ;(00000000) (0) (0) (00)   ;(00000000) (0) (0) (00)   ;(00000000) (0) (0) (00)   ;(00000000) (0) (0) (00)   ;(00000000) (0) (0) (00)   ;
;528;(00000000) (0) (0) (00)    ;(00000000) (0) (0) (00)   ;(00000000) (0) (0) (00)   ;(00000000) (0) (0) (00)   ;(00000000) (0) (0) (00)   ;(00000000) (0) (0) (00)   ;(00000000) (0) (0) (00)   ;(00000000) (0) (0) (00)   ;
;536;(00000000) (0) (0) (00)    ;(00000000) (0) (0) (00)   ;(00000000) (0) (0) (00)   ;(00000000) (0) (0) (00)   ;(00000000) (0) (0) (00)   ;(00000000) (0) (0) (00)   ;(00000000) (0) (0) (00)   ;(00000000) (0) (0) (00)   ;
;544;(00000000) (0) (0) (00)    ;(00000000) (0) (0) (00)   ;(00000000) (0) (0) (00)   ;(00000000) (0) (0) (00)   ;(00000000) (0) (0) (00)   ;(00000000) (0) (0) (00)   ;(00000000) (0) (0) (00)   ;(00000000) (0) (0) (00)   ;
;552;(00000000) (0) (0) (00)    ;(00000000) (0) (0) (00)   ;(00000000) (0) (0) (00)   ;(00000000) (0) (0) (00)   ;(00000000) (0) (0) (00)   ;(00000000) (0) (0) (00)   ;(00000000) (0) (0) (00)   ;(00000000) (0) (0) (00)   ;
;560;(00000000) (0) (0) (00)    ;(00000000) (0) (0) (00)   ;(00000000) (0) (0) (00)   ;(00000000) (0) (0) (00)   ;(00000000) (0) (0) (00)   ;(00000000) (0) (0) (00)   ;(00000000) (0) (0) (00)   ;(00000000) (0) (0) (00)   ;
;568;(00000000) (0) (0) (00)    ;(00000000) (0) (0) (00)   ;(00000000) (0) (0) (00)   ;(00000000) (0) (0) (00)   ;(00000000) (0) (0) (00)   ;(00000000) (0) (0) (00)   ;(00000000) (0) (0) (00)   ;(00000000) (0) (0) (00)   ;
;576;(00000000) (0) (0) (00)    ;(00000000) (0) (0) (00)   ;(00000000) (0) (0) (00)   ;(00000000) (0) (0) (00)   ;(00000000) (0) (0) (00)   ;(00000000) (0) (0) (00)   ;(00000000) (0) (0) (00)   ;(00000000) (0) (0) (00)   ;
;584;(00000000) (0) (0) (00)    ;(00000000) (0) (0) (00)   ;(00000000) (0) (0) (00)   ;(00000000) (0) (0) (00)   ;(00000000) (0) (0) (00)   ;(00000000) (0) (0) (00)   ;(00000000) (0) (0) (00)   ;(00000000) (0) (0) (00)   ;
;592;(00000000) (0) (0) (00)    ;(00000000) (0) (0) (00)   ;(00000000) (0) (0) (00)   ;(00000000) (0) (0) (00)   ;(00000000) (0) (0) (00)   ;(00000000) (0) (0) (00)   ;(00000000) (0) (0) (00)   ;(00000000) (0) (0) (00)   ;
;600;(00000000) (0) (0) (00)    ;(00000000) (0) (0) (00)   ;(00000000) (0) (0) (00)   ;(00000000) (0) (0) (00)   ;(00000000) (0) (0) (00)   ;(00000000) (0) (0) (00)   ;(00000000) (0) (0) (00)   ;(00000000) (0) (0) (00)   ;
;608;(00000000) (0) (0) (00)    ;(00000000) (0) (0) (00)   ;(00000000) (0) (0) (00)   ;(00000000) (0) (0) (00)   ;(00000000) (0) (0) (00)   ;(00000000) (0) (0) (00)   ;(00000000) (0) (0) (00)   ;(00000000) (0) (0) (00)   ;
;616;(00000000) (0) (0) (00)    ;(00000000) (0) (0) (00)   ;(00000000) (0) (0) (00)   ;(00000000) (0) (0) (00)   ;(00000000) (0) (0) (00)   ;(00000000) (0) (0) (00)   ;(00000000) (0) (0) (00)   ;(00000000) (0) (0) (00)   ;
;624;(00000000) (0) (0) (00)    ;(00000000) (0) (0) (00)   ;(00000000) (0) (0) (00)   ;(00000000) (0) (0) (00)   ;(00000000) (0) (0) (00)   ;(00000000) (0) (0) (00)   ;(00000000) (0) (0) (00)   ;(00000000) (0) (0) (00)   ;
;632;(00000000) (0) (0) (00)    ;(00000000) (0) (0) (00)   ;(00000000) (0) (0) (00)   ;(00000000) (0) (0) (00)   ;(00000000) (0) (0) (00)   ;(00000000) (0) (0) (00)   ;(00000000) (0) (0) (00)   ;(00000000) (0) (0) (00)   ;
;640;(00000000) (0) (0) (00)    ;(00000000) (0) (0) (00)   ;(00000000) (0) (0) (00)   ;(00000000) (0) (0) (00)   ;(00000000) (0) (0) (00)   ;(00000000) (0) (0) (00)   ;(00000000) (0) (0) (00)   ;(00000000) (0) (0) (00)   ;
;648;(00000000) (0) (0) (00)    ;(00000000) (0) (0) (00)   ;(00000000) (0) (0) (00)   ;(00000000) (0) (0) (00)   ;(00000000) (0) (0) (00)   ;(00000000) (0) (0) (00)   ;(00000000) (0) (0) (00)   ;(00000000) (0) (0) (00)   ;
;656;(00000000) (0) (0) (00)    ;(00000000) (0) (0) (00)   ;(00000000) (0) (0) (00)   ;(00000000) (0) (0) (00)   ;(00000000) (0) (0) (00)   ;(00000000) (0) (0) (00)   ;(00000000) (0) (0) (00)   ;(00000000) (0) (0) (00)   ;
;664;(00000000) (0) (0) (00)    ;(00000000) (0) (0) (00)   ;(00000000) (0) (0) (00)   ;(00000000) (0) (0) (00)   ;(00000000) (0) (0) (00)   ;(00000000) (0) (0) (00)   ;(00000000) (0) (0) (00)   ;(00000000) (0) (0) (00)   ;
;672;(00000000) (0) (0) (00)    ;(00000000) (0) (0) (00)   ;(00000000) (0) (0) (00)   ;(00000000) (0) (0) (00)   ;(00000000) (0) (0) (00)   ;(00000000) (0) (0) (00)   ;(00000000) (0) (0) (00)   ;(00000000) (0) (0) (00)   ;
;680;(00000000) (0) (0) (00)    ;(00000000) (0) (0) (00)   ;(00000000) (0) (0) (00)   ;(00000000) (0) (0) (00)   ;(00000000) (0) (0) (00)   ;(00000000) (0) (0) (00)   ;(00000000) (0) (0) (00)   ;(00000000) (0) (0) (00)   ;
;688;(00000000) (0) (0) (00)    ;(00000000) (0) (0) (00)   ;(00000000) (0) (0) (00)   ;(00000000) (0) (0) (00)   ;(00000000) (0) (0) (00)   ;(00000000) (0) (0) (00)   ;(00000000) (0) (0) (00)   ;(00000000) (0) (0) (00)   ;
;696;(00000000) (0) (0) (00)    ;(00000000) (0) (0) (00)   ;(00000000) (0) (0) (00)   ;(00000000) (0) (0) (00)   ;(00000000) (0) (0) (00)   ;(00000000) (0) (0) (00)   ;(00000000) (0) (0) (00)   ;(00000000) (0) (0) (00)   ;
;704;(00000000) (0) (0) (00)    ;(00000000) (0) (0) (00)   ;(00000000) (0) (0) (00)   ;(00000000) (0) (0) (00)   ;(00000000) (0) (0) (00)   ;(00000000) (0) (0) (00)   ;(00000000) (0) (0) (00)   ;(00000000) (0) (0) (00)   ;
;712;(00000000) (0) (0) (00)    ;(00000000) (0) (0) (00)   ;(00000000) (0) (0) (00)   ;(00000000) (0) (0) (00)   ;(00000000) (0) (0) (00)   ;(00000000) (0) (0) (00)   ;(00000000) (0) (0) (00)   ;(00000000) (0) (0) (00)   ;
;720;(00000000) (0) (0) (00)    ;(00000000) (0) (0) (00)   ;(00000000) (0) (0) (00)   ;(00000000) (0) (0) (00)   ;(00000000) (0) (0) (00)   ;(00000000) (0) (0) (00)   ;(00000000) (0) (0) (00)   ;(00000000) (0) (0) (00)   ;
;728;(00000000) (0) (0) (00)    ;(00000000) (0) (0) (00)   ;(00000000) (0) (0) (00)   ;(00000000) (0) (0) (00)   ;(00000000) (0) (0) (00)   ;(00000000) (0) (0) (00)   ;(00000000) (0) (0) (00)   ;(00000000) (0) (0) (00)   ;
;736;(00000000) (0) (0) (00)    ;(00000000) (0) (0) (00)   ;(00000000) (0) (0) (00)   ;(00000000) (0) (0) (00)   ;(00000000) (0) (0) (00)   ;(00000000) (0) (0) (00)   ;(00000000) (0) (0) (00)   ;(00000000) (0) (0) (00)   ;
;744;(00000000) (0) (0) (00)    ;(00000000) (0) (0) (00)   ;(00000000) (0) (0) (00)   ;(00000000) (0) (0) (00)   ;(00000000) (0) (0) (00)   ;(00000000) (0) (0) (00)   ;(00000000) (0) (0) (00)   ;(00000000) (0) (0) (00)   ;
;752;(00000000) (0) (0) (00)    ;(00000000) (0) (0) (00)   ;(00000000) (0) (0) (00)   ;(00000000) (0) (0) (00)   ;(00000000) (0) (0) (00)   ;(00000000) (0) (0) (00)   ;(00000000) (0) (0) (00)   ;(00000000) (0) (0) (00)   ;
;760;(00000000) (0) (0) (00)    ;(00000000) (0) (0) (00)   ;(00000000) (0) (0) (00)   ;(00000000) (0) (0) (00)   ;(00000000) (0) (0) (00)   ;(00000000) (0) (0) (00)   ;(00000000) (0) (0) (00)   ;(00000000) (0) (0) (00)   ;
;768;(00000000) (0) (0) (00)    ;(00000000) (0) (0) (00)   ;(00000000) (0) (0) (00)   ;(00000000) (0) (0) (00)   ;(00000000) (0) (0) (00)   ;(00000000) (0) (0) (00)   ;(00000000) (0) (0) (00)   ;(00000000) (0) (0) (00)   ;
;776;(00000000) (0) (0) (00)    ;(00000000) (0) (0) (00)   ;(00000000) (0) (0) (00)   ;(00000000) (0) (0) (00)   ;(00000000) (0) (0) (00)   ;(00000000) (0) (0) (00)   ;(00000000) (0) (0) (00)   ;(00000000) (0) (0) (00)   ;
;784;(00000000) (0) (0) (00)    ;(00000000) (0) (0) (00)   ;(00000000) (0) (0) (00)   ;(00000000) (0) (0) (00)   ;(00000000) (0) (0) (00)   ;(00000000) (0) (0) (00)   ;(00000000) (0) (0) (00)   ;(00000000) (0) (0) (00)   ;
;792;(00000000) (0) (0) (00)    ;(00000000) (0) (0) (00)   ;(00000000) (0) (0) (00)   ;(00000000) (0) (0) (00)   ;(00000000) (0) (0) (00)   ;(00000000) (0) (0) (00)   ;(00000000) (0) (0) (00)   ;(00000000) (0) (0) (00)   ;
;800;(00000000) (0) (0) (00)    ;(00000000) (0) (0) (00)   ;(00000000) (0) (0) (00)   ;(00000000) (0) (0) (00)   ;(00000000) (0) (0) (00)   ;(00000000) (0) (0) (00)   ;(00000000) (0) (0) (00)   ;(00000000) (0) (0) (00)   ;
;808;(00000000) (0) (0) (00)    ;(00000000) (0) (0) (00)   ;(00000000) (0) (0) (00)   ;(00000000) (0) (0) (00)   ;(00000000) (0) (0) (00)   ;(00000000) (0) (0) (00)   ;(00000000) (0) (0) (00)   ;(00000000) (0) (0) (00)   ;
;816;(00000000) (0) (0) (00)    ;(00000000) (0) (0) (00)   ;(00000000) (0) (0) (00)   ;(00000000) (0) (0) (00)   ;(00000000) (0) (0) (00)   ;(00000000) (0) (0) (00)   ;(00000000) (0) (0) (00)   ;(00000000) (0) (0) (00)   ;
;824;(00000000) (0) (0) (00)    ;(00000000) (0) (0) (00)   ;(00000000) (0) (0) (00)   ;(00000000) (0) (0) (00)   ;(00000000) (0) (0) (00)   ;(00000000) (0) (0) (00)   ;(00000000) (0) (0) (00)   ;(00000000) (0) (0) (00)   ;
;832;(00000000) (0) (0) (00)    ;(00000000) (0) (0) (00)   ;(00000000) (0) (0) (00)   ;(00000000) (0) (0) (00)   ;(00000000) (0) (0) (00)   ;(00000000) (0) (0) (00)   ;(00000000) (0) (0) (00)   ;(00000000) (0) (0) (00)   ;
;840;(00000000) (0) (0) (00)    ;(00000000) (0) (0) (00)   ;(00000000) (0) (0) (00)   ;(00000000) (0) (0) (00)   ;(00000000) (0) (0) (00)   ;(00000000) (0) (0) (00)   ;(00000000) (0) (0) (00)   ;(00000000) (0) (0) (00)   ;
;848;(00000000) (0) (0) (00)    ;(00000000) (0) (0) (00)   ;(00000000) (0) (0) (00)   ;(00000000) (0) (0) (00)   ;(00000000) (0) (0) (00)   ;(00000000) (0) (0) (00)   ;(00000000) (0) (0) (00)   ;(00000000) (0) (0) (00)   ;
;856;(00000000) (0) (0) (00)    ;(00000000) (0) (0) (00)   ;(00000000) (0) (0) (00)   ;(00000000) (0) (0) (00)   ;(00000000) (0) (0) (00)   ;(00000000) (0) (0) (00)   ;(00000000) (0) (0) (00)   ;(00000000) (0) (0) (00)   ;
;864;(00000000) (0) (0) (00)    ;(00000000) (0) (0) (00)   ;(00000000) (0) (0) (00)   ;(00000000) (0) (0) (00)   ;(00000000) (0) (0) (00)   ;(00000000) (0) (0) (00)   ;(00000000) (0) (0) (00)   ;(00000000) (0) (0) (00)   ;
;872;(00000000) (0) (0) (00)    ;(00000000) (0) (0) (00)   ;(00000000) (0) (0) (00)   ;(00000000) (0) (0) (00)   ;(00000000) (0) (0) (00)   ;(00000000) (0) (0) (00)   ;(00000000) (0) (0) (00)   ;(00000000) (0) (0) (00)   ;
;880;(00000000) (0) (0) (00)    ;(00000000) (0) (0) (00)   ;(00000000) (0) (0) (00)   ;(00000000) (0) (0) (00)   ;(00000000) (0) (0) (00)   ;(00000000) (0) (0) (00)   ;(00000000) (0) (0) (00)   ;(00000000) (0) (0) (00)   ;
;888;(00000000) (0) (0) (00)    ;(00000000) (0) (0) (00)   ;(00000000) (0) (0) (00)   ;(00000000) (0) (0) (00)   ;(00000000) (0) (0) (00)   ;(00000000) (0) (0) (00)   ;(00000000) (0) (0) (00)   ;(00000000) (0) (0) (00)   ;
;896;(00000000) (0) (0) (00)    ;(00000000) (0) (0) (00)   ;(00000000) (0) (0) (00)   ;(00000000) (0) (0) (00)   ;(00000000) (0) (0) (00)   ;(00000000) (0) (0) (00)   ;(00000000) (0) (0) (00)   ;(00000000) (0) (0) (00)   ;
;904;(00000000) (0) (0) (00)    ;(00000000) (0) (0) (00)   ;(00000000) (0) (0) (00)   ;(00000000) (0) (0) (00)   ;(00000000) (0) (0) (00)   ;(00000000) (0) (0) (00)   ;(00000000) (0) (0) (00)   ;(00000000) (0) (0) (00)   ;
;912;(00000000) (0) (0) (00)    ;(00000000) (0) (0) (00)   ;(00000000) (0) (0) (00)   ;(00000000) (0) (0) (00)   ;(00000000) (0) (0) (00)   ;(00000000) (0) (0) (00)   ;(00000000) (0) (0) (00)   ;(00000000) (0) (0) (00)   ;
;920;(00000000) (0) (0) (00)    ;(00000000) (0) (0) (00)   ;(00000000) (0) (0) (00)   ;(00000000) (0) (0) (00)   ;(00000000) (0) (0) (00)   ;(00000000) (0) (0) (00)   ;(00000000) (0) (0) (00)   ;(00000000) (0) (0) (00)   ;
;928;(00000000) (0) (0) (00)    ;(00000000) (0) (0) (00)   ;(00000000) (0) (0) (00)   ;(00000000) (0) (0) (00)   ;(00000000) (0) (0) (00)   ;(00000000) (0) (0) (00)   ;(00000000) (0) (0) (00)   ;(00000000) (0) (0) (00)   ;
;936;(00000000) (0) (0) (00)    ;(00000000) (0) (0) (00)   ;(00000000) (0) (0) (00)   ;(00000000) (0) (0) (00)   ;(00000000) (0) (0) (00)   ;(00000000) (0) (0) (00)   ;(00000000) (0) (0) (00)   ;(00000000) (0) (0) (00)   ;
;944;(00000000) (0) (0) (00)    ;(00000000) (0) (0) (00)   ;(00000000) (0) (0) (00)   ;(00000000) (0) (0) (00)   ;(00000000) (0) (0) (00)   ;(00000000) (0) (0) (00)   ;(00000000) (0) (0) (00)   ;(00000000) (0) (0) (00)   ;
;952;(00000000) (0) (0) (00)    ;(00000000) (0) (0) (00)   ;(00000000) (0) (0) (00)   ;(00000000) (0) (0) (00)   ;(00000000) (0) (0) (00)   ;(00000000) (0) (0) (00)   ;(00000000) (0) (0) (00)   ;(00000000) (0) (0) (00)   ;
;960;(00000000) (0) (0) (00)    ;(00000000) (0) (0) (00)   ;(00000000) (0) (0) (00)   ;(00000000) (0) (0) (00)   ;(00000000) (0) (0) (00)   ;(00000000) (0) (0) (00)   ;(00000000) (0) (0) (00)   ;(00000000) (0) (0) (00)   ;
;968;(00000000) (0) (0) (00)    ;(00000000) (0) (0) (00)   ;(00000000) (0) (0) (00)   ;(00000000) (0) (0) (00)   ;(00000000) (0) (0) (00)   ;(00000000) (0) (0) (00)   ;(00000000) (0) (0) (00)   ;(00000000) (0) (0) (00)   ;
;976;(00000000) (0) (0) (00)    ;(00000000) (0) (0) (00)   ;(00000000) (0) (0) (00)   ;(00000000) (0) (0) (00)   ;(00000000) (0) (0) (00)   ;(00000000) (0) (0) (00)   ;(00000000) (0) (0) (00)   ;(00000000) (0) (0) (00)   ;
;984;(00000000) (0) (0) (00)    ;(00000000) (0) (0) (00)   ;(00000000) (0) (0) (00)   ;(00000000) (0) (0) (00)   ;(00000000) (0) (0) (00)   ;(00000000) (0) (0) (00)   ;(00000000) (0) (0) (00)   ;(00000000) (0) (0) (00)   ;
;992;(00000000) (0) (0) (00)    ;(00000000) (0) (0) (00)   ;(00000000) (0) (0) (00)   ;(00000000) (0) (0) (00)   ;(00000000) (0) (0) (00)   ;(00000000) (0) (0) (00)   ;(00000000) (0) (0) (00)   ;(00000000) (0) (0) (00)   ;
;1000;(00000000) (0) (0) (00)    ;(00000000) (0) (0) (00)   ;(00000000) (0) (0) (00)   ;(00000000) (0) (0) (00)   ;(00000000) (0) (0) (00)   ;(00000000) (0) (0) (00)   ;(00000000) (0) (0) (00)   ;(00000000) (0) (0) (00)   ;
;1008;(00000000) (0) (0) (00)    ;(00000000) (0) (0) (00)   ;(00000000) (0) (0) (00)   ;(00000000) (0) (0) (00)   ;(00000000) (0) (0) (00)   ;(00000000) (0) (0) (00)   ;(00000000) (0) (0) (00)   ;(00000000) (0) (0) (00)   ;
;1016;(00000000) (0) (0) (00)    ;(00000000) (0) (0) (00)   ;(00000000) (0) (0) (00)   ;(00000000) (0) (0) (00)   ;(00000000) (0) (0) (00)   ;(00000000) (0) (0) (00)   ;(00000000) (0) (0) (00)   ;(00000000) (0) (0) (00)   ;
;1024;(00000000) (0) (0) (00)    ;(00000000) (0) (0) (00)   ;(00000000) (0) (0) (00)   ;(00000000) (0) (0) (00)   ;(00000000) (0) (0) (00)   ;(00000000) (0) (0) (00)   ;(00000000) (0) (0) (00)   ;(00000000) (0) (0) (00)   ;
;1032;(00000000) (0) (0) (00)    ;(00000000) (0) (0) (00)   ;(00000000) (0) (0) (00)   ;(00000000) (0) (0) (00)   ;(00000000) (0) (0) (00)   ;(00000000) (0) (0) (00)   ;(00000000) (0) (0) (00)   ;(00000000) (0) (0) (00)   ;
;1040;(00000000) (0) (0) (00)    ;(00000000) (0) (0) (00)   ;(00000000) (0) (0) (00)   ;(00000000) (0) (0) (00)   ;(00000000) (0) (0) (00)   ;(00000000) (0) (0) (00)   ;(00000000) (0) (0) (00)   ;(00000000) (0) (0) (00)   ;
;1048;(00000000) (0) (0) (00)    ;(00000000) (0) (0) (00)   ;(00000000) (0) (0) (00)   ;(00000000) (0) (0) (00)   ;(00000000) (0) (0) (00)   ;(00000000) (0) (0) (00)   ;(00000000) (0) (0) (00)   ;(00000000) (0) (0) (00)   ;
;1056;(00000000) (0) (0) (00)    ;(00000000) (0) (0) (00)   ;(00000000) (0) (0) (00)   ;(00000000) (0) (0) (00)   ;(00000000) (0) (0) (00)   ;(00000000) (0) (0) (00)   ;(00000000) (0) (0) (00)   ;(00000000) (0) (0) (00)   ;
;1064;(00000000) (0) (0) (00)    ;(00000000) (0) (0) (00)   ;(00000000) (0) (0) (00)   ;(00000000) (0) (0) (00)   ;(00000000) (0) (0) (00)   ;(00000000) (0) (0) (00)   ;(00000000) (0) (0) (00)   ;(00000000) (0) (0) (00)   ;
;1072;(00000000) (0) (0) (00)    ;(00000000) (0) (0) (00)   ;(00000000) (0) (0) (00)   ;(00000000) (0) (0) (00)   ;(00000000) (0) (0) (00)   ;(00000000) (0) (0) (00)   ;(00000000) (0) (0) (00)   ;(00000000) (0) (0) (00)   ;
;1080;(00000000) (0) (0) (00)    ;(00000000) (0) (0) (00)   ;(00000000) (0) (0) (00)   ;(00000000) (0) (0) (00)   ;(00000000) (0) (0) (00)   ;(00000000) (0) (0) (00)   ;(00000000) (0) (0) (00)   ;(00000000) (0) (0) (00)   ;
;1088;(00000000) (0) (0) (00)    ;(00000000) (0) (0) (00)   ;(00000000) (0) (0) (00)   ;(00000000) (0) (0) (00)   ;(00000000) (0) (0) (00)   ;(00000000) (0) (0) (00)   ;(00000000) (0) (0) (00)   ;(00000000) (0) (0) (00)   ;
;1096;(00000000) (0) (0) (00)    ;(00000000) (0) (0) (00)   ;(00000000) (0) (0) (00)   ;(00000000) (0) (0) (00)   ;(00000000) (0) (0) (00)   ;(00000000) (0) (0) (00)   ;(00000000) (0) (0) (00)   ;(00000000) (0) (0) (00)   ;
;1104;(00000000) (0) (0) (00)    ;(00000000) (0) (0) (00)   ;(00000000) (0) (0) (00)   ;(00000000) (0) (0) (00)   ;(00000000) (0) (0) (00)   ;(00000000) (0) (0) (00)   ;(00000000) (0) (0) (00)   ;(00000000) (0) (0) (00)   ;
;1112;(00000000) (0) (0) (00)    ;(00000000) (0) (0) (00)   ;(00000000) (0) (0) (00)   ;(00000000) (0) (0) (00)   ;(00000000) (0) (0) (00)   ;(00000000) (0) (0) (00)   ;(00000000) (0) (0) (00)   ;(00000000) (0) (0) (00)   ;
;1120;(00000000) (0) (0) (00)    ;(00000000) (0) (0) (00)   ;(00000000) (0) (0) (00)   ;(00000000) (0) (0) (00)   ;(00000000) (0) (0) (00)   ;(00000000) (0) (0) (00)   ;(00000000) (0) (0) (00)   ;(00000000) (0) (0) (00)   ;
;1128;(00000000) (0) (0) (00)    ;(00000000) (0) (0) (00)   ;(00000000) (0) (0) (00)   ;(00000000) (0) (0) (00)   ;(00000000) (0) (0) (00)   ;(00000000) (0) (0) (00)   ;(00000000) (0) (0) (00)   ;(00000000) (0) (0) (00)   ;
;1136;(00000000) (0) (0) (00)    ;(00000000) (0) (0) (00)   ;(00000000) (0) (0) (00)   ;(00000000) (0) (0) (00)   ;(00000000) (0) (0) (00)   ;(00000000) (0) (0) (00)   ;(00000000) (0) (0) (00)   ;(00000000) (0) (0) (00)   ;
;1144;(00000000) (0) (0) (00)    ;(00000000) (0) (0) (00)   ;(00000000) (0) (0) (00)   ;(00000000) (0) (0) (00)   ;(00000000) (0) (0) (00)   ;(00000000) (0) (0) (00)   ;(00000000) (0) (0) (00)   ;(00000000) (0) (0) (00)   ;
;1152;(00000000) (0) (0) (00)    ;(00000000) (0) (0) (00)   ;(00000000) (0) (0) (00)   ;(00000000) (0) (0) (00)   ;(00000000) (0) (0) (00)   ;(00000000) (0) (0) (00)   ;(00000000) (0) (0) (00)   ;(00000000) (0) (0) (00)   ;
;1160;(00000000) (0) (0) (00)    ;(00000000) (0) (0) (00)   ;(00000000) (0) (0) (00)   ;(00000000) (0) (0) (00)   ;(00000000) (0) (0) (00)   ;(00000000) (0) (0) (00)   ;(00000000) (0) (0) (00)   ;(00000000) (0) (0) (00)   ;
;1168;(00000000) (0) (0) (00)    ;(00000000) (0) (0) (00)   ;(00000000) (0) (0) (00)   ;(00000000) (0) (0) (00)   ;(00000000) (0) (0) (00)   ;(00000000) (0) (0) (00)   ;(00000000) (0) (0) (00)   ;(00000000) (0) (0) (00)   ;
;1176;(00000000) (0) (0) (00)    ;(00000000) (0) (0) (00)   ;(00000000) (0) (0) (00)   ;(00000000) (0) (0) (00)   ;(00000000) (0) (0) (00)   ;(00000000) (0) (0) (00)   ;(00000000) (0) (0) (00)   ;(00000000) (0) (0) (00)   ;
;1184;(00000000) (0) (0) (00)    ;(00000000) (0) (0) (00)   ;(00000000) (0) (0) (00)   ;(00000000) (0) (0) (00)   ;(00000000) (0) (0) (00)   ;(00000000) (0) (0) (00)   ;(00000000) (0) (0) (00)   ;(00000000) (0) (0) (00)   ;
;1192;(00000000) (0) (0) (00)    ;(00000000) (0) (0) (00)   ;(00000000) (0) (0) (00)   ;(00000000) (0) (0) (00)   ;(00000000) (0) (0) (00)   ;(00000000) (0) (0) (00)   ;(00000000) (0) (0) (00)   ;(00000000) (0) (0) (00)   ;
;1200;(00000000) (0) (0) (00)    ;(00000000) (0) (0) (00)   ;(00000000) (0) (0) (00)   ;(00000000) (0) (0) (00)   ;(00000000) (0) (0) (00)   ;(00000000) (0) (0) (00)   ;(00000000) (0) (0) (00)   ;(00000000) (0) (0) (00)   ;
;1208;(00000000) (0) (0) (00)    ;(00000000) (0) (0) (00)   ;(00000000) (0) (0) (00)   ;(00000000) (0) (0) (00)   ;(00000000) (0) (0) (00)   ;(00000000) (0) (0) (00)   ;(00000000) (0) (0) (00)   ;(00000000) (0) (0) (00)   ;
;1216;(00000000) (0) (0) (00)    ;(00000000) (0) (0) (00)   ;(00000000) (0) (0) (00)   ;(00000000) (0) (0) (00)   ;(00000000) (0) (0) (00)   ;(00000000) (0) (0) (00)   ;(00000000) (0) (0) (00)   ;(00000000) (0) (0) (00)   ;
;1224;(00000000) (0) (0) (00)    ;(00000000) (0) (0) (00)   ;(00000000) (0) (0) (00)   ;(00000000) (0) (0) (00)   ;(00000000) (0) (0) (00)   ;(00000000) (0) (0) (00)   ;(00000000) (0) (0) (00)   ;(00000000) (0) (0) (00)   ;
;1232;(00000000) (0) (0) (00)    ;(00000000) (0) (0) (00)   ;(00000000) (0) (0) (00)   ;(00000000) (0) (0) (00)   ;(00000000) (0) (0) (00)   ;(00000000) (0) (0) (00)   ;(00000000) (0) (0) (00)   ;(00000000) (0) (0) (00)   ;
;1240;(00000000) (0) (0) (00)    ;(00000000) (0) (0) (00)   ;(00000000) (0) (0) (00)   ;(00000000) (0) (0) (00)   ;(00000000) (0) (0) (00)   ;(00000000) (0) (0) (00)   ;(00000000) (0) (0) (00)   ;(00000000) (0) (0) (00)   ;
;1248;(00000000) (0) (0) (00)    ;(00000000) (0) (0) (00)   ;(00000000) (0) (0) (00)   ;(00000000) (0) (0) (00)   ;(00000000) (0) (0) (00)   ;(00000000) (0) (0) (00)   ;(00000000) (0) (0) (00)   ;(00000000) (0) (0) (00)   ;
;1256;(00000000) (0) (0) (00)    ;(00000000) (0) (0) (00)   ;(00000000) (0) (0) (00)   ;(00000000) (0) (0) (00)   ;(00000000) (0) (0) (00)   ;(00000000) (0) (0) (00)   ;(00000000) (0) (0) (00)   ;(00000000) (0) (0) (00)   ;
;1264;(00000000) (0) (0) (00)    ;(00000000) (0) (0) (00)   ;(00000000) (0) (0) (00)   ;(00000000) (0) (0) (00)   ;(00000000) (0) (0) (00)   ;(00000000) (0) (0) (00)   ;(00000000) (0) (0) (00)   ;(00000000) (0) (0) (00)   ;
;1272;(00000000) (0) (0) (00)    ;(00000000) (0) (0) (00)   ;(00000000) (0) (0) (00)   ;(00000000) (0) (0) (00)   ;(00000000) (0) (0) (00)   ;(00000000) (0) (0) (00)   ;(00000000) (0) (0) (00)   ;(00000000) (0) (0) (00)   ;
;1280;(00000000) (0) (0) (00)    ;(00000000) (0) (0) (00)   ;(00000000) (0) (0) (00)   ;(00000000) (0) (0) (00)   ;(00000000) (0) (0) (00)   ;(00000000) (0) (0) (00)   ;(00000000) (0) (0) (00)   ;(00000000) (0) (0) (00)   ;
;1288;(00000000) (0) (0) (00)    ;(00000000) (0) (0) (00)   ;(00000000) (0) (0) (00)   ;(00000000) (0) (0) (00)   ;(00000000) (0) (0) (00)   ;(00000000) (0) (0) (00)   ;(00000000) (0) (0) (00)   ;(00000000) (0) (0) (00)   ;
;1296;(00000000) (0) (0) (00)    ;(00000000) (0) (0) (00)   ;(00000000) (0) (0) (00)   ;(00000000) (0) (0) (00)   ;(00000000) (0) (0) (00)   ;(00000000) (0) (0) (00)   ;(00000000) (0) (0) (00)   ;(00000000) (0) (0) (00)   ;
;1304;(00000000) (0) (0) (00)    ;(00000000) (0) (0) (00)   ;(00000000) (0) (0) (00)   ;(00000000) (0) (0) (00)   ;(00000000) (0) (0) (00)   ;(00000000) (0) (0) (00)   ;(00000000) (0) (0) (00)   ;(00000000) (0) (0) (00)   ;
;1312;(00000000) (0) (0) (00)    ;(00000000) (0) (0) (00)   ;(00000000) (0) (0) (00)   ;(00000000) (0) (0) (00)   ;(00000000) (0) (0) (00)   ;(00000000) (0) (0) (00)   ;(00000000) (0) (0) (00)   ;(00000000) (0) (0) (00)   ;
;1320;(00000000) (0) (0) (00)    ;(00000000) (0) (0) (00)   ;(00000000) (0) (0) (00)   ;(00000000) (0) (0) (00)   ;(00000000) (0) (0) (00)   ;(00000000) (0) (0) (00)   ;(00000000) (0) (0) (00)   ;(00000000) (0) (0) (00)   ;
;1328;(00000000) (0) (0) (00)    ;(00000000) (0) (0) (00)   ;(00000000) (0) (0) (00)   ;(00000000) (0) (0) (00)   ;(00000000) (0) (0) (00)   ;(00000000) (0) (0) (00)   ;(00000000) (0) (0) (00)   ;(00000000) (0) (0) (00)   ;
;1336;(00000000) (0) (0) (00)    ;(00000000) (0) (0) (00)   ;(00000000) (0) (0) (00)   ;(00000000) (0) (0) (00)   ;(00000000) (0) (0) (00)   ;(00000000) (0) (0) (00)   ;(00000000) (0) (0) (00)   ;(00000000) (0) (0) (00)   ;
;1344;(00000000) (0) (0) (00)    ;(00000000) (0) (0) (00)   ;(00000000) (0) (0) (00)   ;(00000000) (0) (0) (00)   ;(00000000) (0) (0) (00)   ;(00000000) (0) (0) (00)   ;(00000000) (0) (0) (00)   ;(00000000) (0) (0) (00)   ;
;1352;(00000000) (0) (0) (00)    ;(00000000) (0) (0) (00)   ;(00000000) (0) (0) (00)   ;(00000000) (0) (0) (00)   ;(00000000) (0) (0) (00)   ;(00000000) (0) (0) (00)   ;(00000000) (0) (0) (00)   ;(00000000) (0) (0) (00)   ;
;1360;(00000000) (0) (0) (00)    ;(00000000) (0) (0) (00)   ;(00000000) (0) (0) (00)   ;(00000000) (0) (0) (00)   ;(00000000) (0) (0) (00)   ;(00000000) (0) (0) (00)   ;(00000000) (0) (0) (00)   ;(00000000) (0) (0) (00)   ;
;1368;(00000000) (0) (0) (00)    ;(00000000) (0) (0) (00)   ;(00000000) (0) (0) (00)   ;(00000000) (0) (0) (00)   ;(00000000) (0) (0) (00)   ;(00000000) (0) (0) (00)   ;(00000000) (0) (0) (00)   ;(00000000) (0) (0) (00)   ;
;1376;(00000000) (0) (0) (00)    ;(00000000) (0) (0) (00)   ;(00000000) (0) (0) (00)   ;(00000000) (0) (0) (00)   ;(00000000) (0) (0) (00)   ;(00000000) (0) (0) (00)   ;(00000000) (0) (0) (00)   ;(00000000) (0) (0) (00)   ;
;1384;(00000000) (0) (0) (00)    ;(00000000) (0) (0) (00)   ;(00000000) (0) (0) (00)   ;(00000000) (0) (0) (00)   ;(00000000) (0) (0) (00)   ;(00000000) (0) (0) (00)   ;(00000000) (0) (0) (00)   ;(00000000) (0) (0) (00)   ;
;1392;(00000000) (0) (0) (00)    ;(00000000) (0) (0) (00)   ;(00000000) (0) (0) (00)   ;(00000000) (0) (0) (00)   ;(00000000) (0) (0) (00)   ;(00000000) (0) (0) (00)   ;(00000000) (0) (0) (00)   ;(00000000) (0) (0) (00)   ;
;1400;(00000000) (0) (0) (00)    ;(00000000) (0) (0) (00)   ;(00000000) (0) (0) (00)   ;(00000000) (0) (0) (00)   ;(00000000) (0) (0) (00)   ;(00000000) (0) (0) (00)   ;(00000000) (0) (0) (00)   ;(00000000) (0) (0) (00)   ;
;1408;(00000000) (0) (0) (00)    ;(00000000) (0) (0) (00)   ;(00000000) (0) (0) (00)   ;(00000000) (0) (0) (00)   ;(00000000) (0) (0) (00)   ;(00000000) (0) (0) (00)   ;(00000000) (0) (0) (00)   ;(00000000) (0) (0) (00)   ;
;1416;(00000000) (0) (0) (00)    ;(00000000) (0) (0) (00)   ;(00000000) (0) (0) (00)   ;(00000000) (0) (0) (00)   ;(00000000) (0) (0) (00)   ;(00000000) (0) (0) (00)   ;(00000000) (0) (0) (00)   ;(00000000) (0) (0) (00)   ;
;1424;(00000000) (0) (0) (00)    ;(00000000) (0) (0) (00)   ;(00000000) (0) (0) (00)   ;(00000000) (0) (0) (00)   ;(00000000) (0) (0) (00)   ;(00000000) (0) (0) (00)   ;(00000000) (0) (0) (00)   ;(00000000) (0) (0) (00)   ;
;1432;(00000000) (0) (0) (00)    ;(00000000) (0) (0) (00)   ;(00000000) (0) (0) (00)   ;(00000000) (0) (0) (00)   ;(00000000) (0) (0) (00)   ;(00000000) (0) (0) (00)   ;(00000000) (0) (0) (00)   ;(00000000) (0) (0) (00)   ;
;1440;(00000000) (0) (0) (00)    ;(00000000) (0) (0) (00)   ;(00000000) (0) (0) (00)   ;(00000000) (0) (0) (00)   ;(00000000) (0) (0) (00)   ;(00000000) (0) (0) (00)   ;(00000000) (0) (0) (00)   ;(00000000) (0) (0) (00)   ;
;1448;(00000000) (0) (0) (00)    ;(00000000) (0) (0) (00)   ;(00000000) (0) (0) (00)   ;(00000000) (0) (0) (00)   ;(00000000) (0) (0) (00)   ;(00000000) (0) (0) (00)   ;(00000000) (0) (0) (00)   ;(00000000) (0) (0) (00)   ;
;1456;(00000000) (0) (0) (00)    ;(00000000) (0) (0) (00)   ;(00000000) (0) (0) (00)   ;(00000000) (0) (0) (00)   ;(00000000) (0) (0) (00)   ;(00000000) (0) (0) (00)   ;(00000000) (0) (0) (00)   ;(00000000) (0) (0) (00)   ;
;1464;(00000000) (0) (0) (00)    ;(00000000) (0) (0) (00)   ;(00000000) (0) (0) (00)   ;(00000000) (0) (0) (00)   ;(00000000) (0) (0) (00)   ;(00000000) (0) (0) (00)   ;(00000000) (0) (0) (00)   ;(00000000) (0) (0) (00)   ;
;1472;(00000000) (0) (0) (00)    ;(00000000) (0) (0) (00)   ;(00000000) (0) (0) (00)   ;(00000000) (0) (0) (00)   ;(00000000) (0) (0) (00)   ;(00000000) (0) (0) (00)   ;(00000000) (0) (0) (00)   ;(00000000) (0) (0) (00)   ;
;1480;(00000000) (0) (0) (00)    ;(00000000) (0) (0) (00)   ;(00000000) (0) (0) (00)   ;(00000000) (0) (0) (00)   ;(00000000) (0) (0) (00)   ;(00000000) (0) (0) (00)   ;(00000000) (0) (0) (00)   ;(00000000) (0) (0) (00)   ;
;1488;(00000000) (0) (0) (00)    ;(00000000) (0) (0) (00)   ;(00000000) (0) (0) (00)   ;(00000000) (0) (0) (00)   ;(00000000) (0) (0) (00)   ;(00000000) (0) (0) (00)   ;(00000000) (0) (0) (00)   ;(00000000) (0) (0) (00)   ;
;1496;(00000000) (0) (0) (00)    ;(00000000) (0) (0) (00)   ;(00000000) (0) (0) (00)   ;(00000000) (0) (0) (00)   ;(00000000) (0) (0) (00)   ;(00000000) (0) (0) (00)   ;(00000000) (0) (0) (00)   ;(00000000) (0) (0) (00)   ;
;1504;(00000000) (0) (0) (00)    ;(00000000) (0) (0) (00)   ;(00000000) (0) (0) (00)   ;(00000000) (0) (0) (00)   ;(00000000) (0) (0) (00)   ;(00000000) (0) (0) (00)   ;(00000000) (0) (0) (00)   ;(00000000) (0) (0) (00)   ;
;1512;(00000000) (0) (0) (00)    ;(00000000) (0) (0) (00)   ;(00000000) (0) (0) (00)   ;(00000000) (0) (0) (00)   ;(00000000) (0) (0) (00)   ;(00000000) (0) (0) (00)   ;(00000000) (0) (0) (00)   ;(00000000) (0) (0) (00)   ;
;1520;(00000000) (0) (0) (00)    ;(00000000) (0) (0) (00)   ;(00000000) (0) (0) (00)   ;(00000000) (0) (0) (00)   ;(00000000) (0) (0) (00)   ;(00000000) (0) (0) (00)   ;(00000000) (0) (0) (00)   ;(00000000) (0) (0) (00)   ;
;1528;(00000000) (0) (0) (00)    ;(00000000) (0) (0) (00)   ;(00000000) (0) (0) (00)   ;(00000000) (0) (0) (00)   ;(00000000) (0) (0) (00)   ;(00000000) (0) (0) (00)   ;(00000000) (0) (0) (00)   ;(00000000) (0) (0) (00)   ;
;1536;(00000000) (0) (0) (00)    ;(00000000) (0) (0) (00)   ;(00000000) (0) (0) (00)   ;(00000000) (0) (0) (00)   ;(00000000) (0) (0) (00)   ;(00000000) (0) (0) (00)   ;(00000000) (0) (0) (00)   ;(00000000) (0) (0) (00)   ;
;1544;(00000000) (0) (0) (00)    ;(00000000) (0) (0) (00)   ;(00000000) (0) (0) (00)   ;(00000000) (0) (0) (00)   ;(00000000) (0) (0) (00)   ;(00000000) (0) (0) (00)   ;(00000000) (0) (0) (00)   ;(00000000) (0) (0) (00)   ;
;1552;(00000000) (0) (0) (00)    ;(00000000) (0) (0) (00)   ;(00000000) (0) (0) (00)   ;(00000000) (0) (0) (00)   ;(00000000) (0) (0) (00)   ;(00000000) (0) (0) (00)   ;(00000000) (0) (0) (00)   ;(00000000) (0) (0) (00)   ;
;1560;(00000000) (0) (0) (00)    ;(00000000) (0) (0) (00)   ;(00000000) (0) (0) (00)   ;(00000000) (0) (0) (00)   ;(00000000) (0) (0) (00)   ;(00000000) (0) (0) (00)   ;(00000000) (0) (0) (00)   ;(00000000) (0) (0) (00)   ;
;1568;(00000000) (0) (0) (00)    ;(00000000) (0) (0) (00)   ;(00000000) (0) (0) (00)   ;(00000000) (0) (0) (00)   ;(00000000) (0) (0) (00)   ;(00000000) (0) (0) (00)   ;(00000000) (0) (0) (00)   ;(00000000) (0) (0) (00)   ;
;1576;(00000000) (0) (0) (00)    ;(00000000) (0) (0) (00)   ;(00000000) (0) (0) (00)   ;(00000000) (0) (0) (00)   ;(00000000) (0) (0) (00)   ;(00000000) (0) (0) (00)   ;(00000000) (0) (0) (00)   ;(00000000) (0) (0) (00)   ;
;1584;(00000000) (0) (0) (00)    ;(00000000) (0) (0) (00)   ;(00000000) (0) (0) (00)   ;(00000000) (0) (0) (00)   ;(00000000) (0) (0) (00)   ;(00000000) (0) (0) (00)   ;(00000000) (0) (0) (00)   ;(00000000) (0) (0) (00)   ;
;1592;(00000000) (0) (0) (00)    ;(00000000) (0) (0) (00)   ;(00000000) (0) (0) (00)   ;(00000000) (0) (0) (00)   ;(00000000) (0) (0) (00)   ;(00000000) (0) (0) (00)   ;(00000000) (0) (0) (00)   ;(00000000) (0) (0) (00)   ;
;1600;(00000000) (0) (0) (00)    ;(00000000) (0) (0) (00)   ;(00000000) (0) (0) (00)   ;(00000000) (0) (0) (00)   ;(00000000) (0) (0) (00)   ;(00000000) (0) (0) (00)   ;(00000000) (0) (0) (00)   ;(00000000) (0) (0) (00)   ;
;1608;(00000000) (0) (0) (00)    ;(00000000) (0) (0) (00)   ;(00000000) (0) (0) (00)   ;(00000000) (0) (0) (00)   ;(00000000) (0) (0) (00)   ;(00000000) (0) (0) (00)   ;(00000000) (0) (0) (00)   ;(00000000) (0) (0) (00)   ;
;1616;(00000000) (0) (0) (00)    ;(00000000) (0) (0) (00)   ;(00000000) (0) (0) (00)   ;(00000000) (0) (0) (00)   ;(00000000) (0) (0) (00)   ;(00000000) (0) (0) (00)   ;(00000000) (0) (0) (00)   ;(00000000) (0) (0) (00)   ;
;1624;(00000000) (0) (0) (00)    ;(00000000) (0) (0) (00)   ;(00000000) (0) (0) (00)   ;(00000000) (0) (0) (00)   ;(00000000) (0) (0) (00)   ;(00000000) (0) (0) (00)   ;(00000000) (0) (0) (00)   ;(00000000) (0) (0) (00)   ;
;1632;(00000000) (0) (0) (00)    ;(00000000) (0) (0) (00)   ;(00000000) (0) (0) (00)   ;(00000000) (0) (0) (00)   ;(00000000) (0) (0) (00)   ;(00000000) (0) (0) (00)   ;(00000000) (0) (0) (00)   ;(00000000) (0) (0) (00)   ;
;1640;(00000000) (0) (0) (00)    ;(00000000) (0) (0) (00)   ;(00000000) (0) (0) (00)   ;(00000000) (0) (0) (00)   ;(00000000) (0) (0) (00)   ;(00000000) (0) (0) (00)   ;(00000000) (0) (0) (00)   ;(00000000) (0) (0) (00)   ;
;1648;(00000000) (0) (0) (00)    ;(00000000) (0) (0) (00)   ;(00000000) (0) (0) (00)   ;(00000000) (0) (0) (00)   ;(00000000) (0) (0) (00)   ;(00000000) (0) (0) (00)   ;(00000000) (0) (0) (00)   ;(00000000) (0) (0) (00)   ;
;1656;(00000000) (0) (0) (00)    ;(00000000) (0) (0) (00)   ;(00000000) (0) (0) (00)   ;(00000000) (0) (0) (00)   ;(00000000) (0) (0) (00)   ;(00000000) (0) (0) (00)   ;(00000000) (0) (0) (00)   ;(00000000) (0) (0) (00)   ;
;1664;(00000000) (0) (0) (00)    ;(00000000) (0) (0) (00)   ;(00000000) (0) (0) (00)   ;(00000000) (0) (0) (00)   ;(00000000) (0) (0) (00)   ;(00000000) (0) (0) (00)   ;(00000000) (0) (0) (00)   ;(00000000) (0) (0) (00)   ;
;1672;(00000000) (0) (0) (00)    ;(00000000) (0) (0) (00)   ;(00000000) (0) (0) (00)   ;(00000000) (0) (0) (00)   ;(00000000) (0) (0) (00)   ;(00000000) (0) (0) (00)   ;(00000000) (0) (0) (00)   ;(00000000) (0) (0) (00)   ;
;1680;(00000000) (0) (0) (00)    ;(00000000) (0) (0) (00)   ;(00000000) (0) (0) (00)   ;(00000000) (0) (0) (00)   ;(00000000) (0) (0) (00)   ;(00000000) (0) (0) (00)   ;(00000000) (0) (0) (00)   ;(00000000) (0) (0) (00)   ;
;1688;(00000000) (0) (0) (00)    ;(00000000) (0) (0) (00)   ;(00000000) (0) (0) (00)   ;(00000000) (0) (0) (00)   ;(00000000) (0) (0) (00)   ;(00000000) (0) (0) (00)   ;(00000000) (0) (0) (00)   ;(00000000) (0) (0) (00)   ;
;1696;(00000000) (0) (0) (00)    ;(00000000) (0) (0) (00)   ;(00000000) (0) (0) (00)   ;(00000000) (0) (0) (00)   ;(00000000) (0) (0) (00)   ;(00000000) (0) (0) (00)   ;(00000000) (0) (0) (00)   ;(00000000) (0) (0) (00)   ;
;1704;(00000000) (0) (0) (00)    ;(00000000) (0) (0) (00)   ;(00000000) (0) (0) (00)   ;(00000000) (0) (0) (00)   ;(00000000) (0) (0) (00)   ;(00000000) (0) (0) (00)   ;(00000000) (0) (0) (00)   ;(00000000) (0) (0) (00)   ;
;1712;(00000000) (0) (0) (00)    ;(00000000) (0) (0) (00)   ;(00000000) (0) (0) (00)   ;(00000000) (0) (0) (00)   ;(00000000) (0) (0) (00)   ;(00000000) (0) (0) (00)   ;(00000000) (0) (0) (00)   ;(00000000) (0) (0) (00)   ;
;1720;(00000000) (0) (0) (00)    ;(00000000) (0) (0) (00)   ;(00000000) (0) (0) (00)   ;(00000000) (0) (0) (00)   ;(00000000) (0) (0) (00)   ;(00000000) (0) (0) (00)   ;(00000000) (0) (0) (00)   ;(00000000) (0) (0) (00)   ;
;1728;(00000000) (0) (0) (00)    ;(00000000) (0) (0) (00)   ;(00000000) (0) (0) (00)   ;(00000000) (0) (0) (00)   ;(00000000) (0) (0) (00)   ;(00000000) (0) (0) (00)   ;(00000000) (0) (0) (00)   ;(00000000) (0) (0) (00)   ;
;1736;(00000000) (0) (0) (00)    ;(00000000) (0) (0) (00)   ;(00000000) (0) (0) (00)   ;(00000000) (0) (0) (00)   ;(00000000) (0) (0) (00)   ;(00000000) (0) (0) (00)   ;(00000000) (0) (0) (00)   ;(00000000) (0) (0) (00)   ;
;1744;(00000000) (0) (0) (00)    ;(00000000) (0) (0) (00)   ;(00000000) (0) (0) (00)   ;(00000000) (0) (0) (00)   ;(00000000) (0) (0) (00)   ;(00000000) (0) (0) (00)   ;(00000000) (0) (0) (00)   ;(00000000) (0) (0) (00)   ;
;1752;(00000000) (0) (0) (00)    ;(00000000) (0) (0) (00)   ;(00000000) (0) (0) (00)   ;(00000000) (0) (0) (00)   ;(00000000) (0) (0) (00)   ;(00000000) (0) (0) (00)   ;(00000000) (0) (0) (00)   ;(00000000) (0) (0) (00)   ;
;1760;(00000000) (0) (0) (00)    ;(00000000) (0) (0) (00)   ;(00000000) (0) (0) (00)   ;(00000000) (0) (0) (00)   ;(00000000) (0) (0) (00)   ;(00000000) (0) (0) (00)   ;(00000000) (0) (0) (00)   ;(00000000) (0) (0) (00)   ;
;1768;(00000000) (0) (0) (00)    ;(00000000) (0) (0) (00)   ;(00000000) (0) (0) (00)   ;(00000000) (0) (0) (00)   ;(00000000) (0) (0) (00)   ;(00000000) (0) (0) (00)   ;(00000000) (0) (0) (00)   ;(00000000) (0) (0) (00)   ;
;1776;(00000000) (0) (0) (00)    ;(00000000) (0) (0) (00)   ;(00000000) (0) (0) (00)   ;(00000000) (0) (0) (00)   ;(00000000) (0) (0) (00)   ;(00000000) (0) (0) (00)   ;(00000000) (0) (0) (00)   ;(00000000) (0) (0) (00)   ;
;1784;(00000000) (0) (0) (00)    ;(00000000) (0) (0) (00)   ;(00000000) (0) (0) (00)   ;(00000000) (0) (0) (00)   ;(00000000) (0) (0) (00)   ;(00000000) (0) (0) (00)   ;(00000000) (0) (0) (00)   ;(00000000) (0) (0) (00)   ;
;1792;(00000000) (0) (0) (00)    ;(00000000) (0) (0) (00)   ;(00000000) (0) (0) (00)   ;(00000000) (0) (0) (00)   ;(00000000) (0) (0) (00)   ;(00000000) (0) (0) (00)   ;(00000000) (0) (0) (00)   ;(00000000) (0) (0) (00)   ;
;1800;(00000000) (0) (0) (00)    ;(00000000) (0) (0) (00)   ;(00000000) (0) (0) (00)   ;(00000000) (0) (0) (00)   ;(00000000) (0) (0) (00)   ;(00000000) (0) (0) (00)   ;(00000000) (0) (0) (00)   ;(00000000) (0) (0) (00)   ;
;1808;(00000000) (0) (0) (00)    ;(00000000) (0) (0) (00)   ;(00000000) (0) (0) (00)   ;(00000000) (0) (0) (00)   ;(00000000) (0) (0) (00)   ;(00000000) (0) (0) (00)   ;(00000000) (0) (0) (00)   ;(00000000) (0) (0) (00)   ;
;1816;(00000000) (0) (0) (00)    ;(00000000) (0) (0) (00)   ;(00000000) (0) (0) (00)   ;(00000000) (0) (0) (00)   ;(00000000) (0) (0) (00)   ;(00000000) (0) (0) (00)   ;(00000000) (0) (0) (00)   ;(00000000) (0) (0) (00)   ;
;1824;(00000000) (0) (0) (00)    ;(00000000) (0) (0) (00)   ;(00000000) (0) (0) (00)   ;(00000000) (0) (0) (00)   ;(00000000) (0) (0) (00)   ;(00000000) (0) (0) (00)   ;(00000000) (0) (0) (00)   ;(00000000) (0) (0) (00)   ;
;1832;(00000000) (0) (0) (00)    ;(00000000) (0) (0) (00)   ;(00000000) (0) (0) (00)   ;(00000000) (0) (0) (00)   ;(00000000) (0) (0) (00)   ;(00000000) (0) (0) (00)   ;(00000000) (0) (0) (00)   ;(00000000) (0) (0) (00)   ;
;1840;(00000000) (0) (0) (00)    ;(00000000) (0) (0) (00)   ;(00000000) (0) (0) (00)   ;(00000000) (0) (0) (00)   ;(00000000) (0) (0) (00)   ;(00000000) (0) (0) (00)   ;(00000000) (0) (0) (00)   ;(00000000) (0) (0) (00)   ;
;1848;(00000000) (0) (0) (00)    ;(00000000) (0) (0) (00)   ;(00000000) (0) (0) (00)   ;(00000000) (0) (0) (00)   ;(00000000) (0) (0) (00)   ;(00000000) (0) (0) (00)   ;(00000000) (0) (0) (00)   ;(00000000) (0) (0) (00)   ;
;1856;(00000000) (0) (0) (00)    ;(00000000) (0) (0) (00)   ;(00000000) (0) (0) (00)   ;(00000000) (0) (0) (00)   ;(00000000) (0) (0) (00)   ;(00000000) (0) (0) (00)   ;(00000000) (0) (0) (00)   ;(00000000) (0) (0) (00)   ;
;1864;(00000000) (0) (0) (00)    ;(00000000) (0) (0) (00)   ;(00000000) (0) (0) (00)   ;(00000000) (0) (0) (00)   ;(00000000) (0) (0) (00)   ;(00000000) (0) (0) (00)   ;(00000000) (0) (0) (00)   ;(00000000) (0) (0) (00)   ;
;1872;(00000000) (0) (0) (00)    ;(00000000) (0) (0) (00)   ;(00000000) (0) (0) (00)   ;(00000000) (0) (0) (00)   ;(00000000) (0) (0) (00)   ;(00000000) (0) (0) (00)   ;(00000000) (0) (0) (00)   ;(00000000) (0) (0) (00)   ;
;1880;(00000000) (0) (0) (00)    ;(00000000) (0) (0) (00)   ;(00000000) (0) (0) (00)   ;(00000000) (0) (0) (00)   ;(00000000) (0) (0) (00)   ;(00000000) (0) (0) (00)   ;(00000000) (0) (0) (00)   ;(00000000) (0) (0) (00)   ;
;1888;(00000000) (0) (0) (00)    ;(00000000) (0) (0) (00)   ;(00000000) (0) (0) (00)   ;(00000000) (0) (0) (00)   ;(00000000) (0) (0) (00)   ;(00000000) (0) (0) (00)   ;(00000000) (0) (0) (00)   ;(00000000) (0) (0) (00)   ;
;1896;(00000000) (0) (0) (00)    ;(00000000) (0) (0) (00)   ;(00000000) (0) (0) (00)   ;(00000000) (0) (0) (00)   ;(00000000) (0) (0) (00)   ;(00000000) (0) (0) (00)   ;(00000000) (0) (0) (00)   ;(00000000) (0) (0) (00)   ;
;1904;(00000000) (0) (0) (00)    ;(00000000) (0) (0) (00)   ;(00000000) (0) (0) (00)   ;(00000000) (0) (0) (00)   ;(00000000) (0) (0) (00)   ;(00000000) (0) (0) (00)   ;(00000000) (0) (0) (00)   ;(00000000) (0) (0) (00)   ;
;1912;(00000000) (0) (0) (00)    ;(00000000) (0) (0) (00)   ;(00000000) (0) (0) (00)   ;(00000000) (0) (0) (00)   ;(00000000) (0) (0) (00)   ;(00000000) (0) (0) (00)   ;(00000000) (0) (0) (00)   ;(00000000) (0) (0) (00)   ;
;1920;(00000000) (0) (0) (00)    ;(00000000) (0) (0) (00)   ;(00000000) (0) (0) (00)   ;(00000000) (0) (0) (00)   ;(00000000) (0) (0) (00)   ;(00000000) (0) (0) (00)   ;(00000000) (0) (0) (00)   ;(00000000) (0) (0) (00)   ;
;1928;(00000000) (0) (0) (00)    ;(00000000) (0) (0) (00)   ;(00000000) (0) (0) (00)   ;(00000000) (0) (0) (00)   ;(00000000) (0) (0) (00)   ;(00000000) (0) (0) (00)   ;(00000000) (0) (0) (00)   ;(00000000) (0) (0) (00)   ;
;1936;(00000000) (0) (0) (00)    ;(00000000) (0) (0) (00)   ;(00000000) (0) (0) (00)   ;(00000000) (0) (0) (00)   ;(00000000) (0) (0) (00)   ;(00000000) (0) (0) (00)   ;(00000000) (0) (0) (00)   ;(00000000) (0) (0) (00)   ;
;1944;(00000000) (0) (0) (00)    ;(00000000) (0) (0) (00)   ;(00000000) (0) (0) (00)   ;(00000000) (0) (0) (00)   ;(00000000) (0) (0) (00)   ;(00000000) (0) (0) (00)   ;(00000000) (0) (0) (00)   ;(00000000) (0) (0) (00)   ;
;1952;(00000000) (0) (0) (00)    ;(00000000) (0) (0) (00)   ;(00000000) (0) (0) (00)   ;(00000000) (0) (0) (00)   ;(00000000) (0) (0) (00)   ;(00000000) (0) (0) (00)   ;(00000000) (0) (0) (00)   ;(00000000) (0) (0) (00)   ;
;1960;(00000000) (0) (0) (00)    ;(00000000) (0) (0) (00)   ;(00000000) (0) (0) (00)   ;(00000000) (0) (0) (00)   ;(00000000) (0) (0) (00)   ;(00000000) (0) (0) (00)   ;(00000000) (0) (0) (00)   ;(00000000) (0) (0) (00)   ;
;1968;(00000000) (0) (0) (00)    ;(00000000) (0) (0) (00)   ;(00000000) (0) (0) (00)   ;(00000000) (0) (0) (00)   ;(00000000) (0) (0) (00)   ;(00000000) (0) (0) (00)   ;(00000000) (0) (0) (00)   ;(00000000) (0) (0) (00)   ;
;1976;(00000000) (0) (0) (00)    ;(00000000) (0) (0) (00)   ;(00000000) (0) (0) (00)   ;(00000000) (0) (0) (00)   ;(00000000) (0) (0) (00)   ;(00000000) (0) (0) (00)   ;(00000000) (0) (0) (00)   ;(00000000) (0) (0) (00)   ;
;1984;(00000000) (0) (0) (00)    ;(00000000) (0) (0) (00)   ;(00000000) (0) (0) (00)   ;(00000000) (0) (0) (00)   ;(00000000) (0) (0) (00)   ;(00000000) (0) (0) (00)   ;(00000000) (0) (0) (00)   ;(00000000) (0) (0) (00)   ;
;1992;(00000000) (0) (0) (00)    ;(00000000) (0) (0) (00)   ;(00000000) (0) (0) (00)   ;(00000000) (0) (0) (00)   ;(00000000) (0) (0) (00)   ;(00000000) (0) (0) (00)   ;(00000000) (0) (0) (00)   ;(00000000) (0) (0) (00)   ;
;2000;(00000000) (0) (0) (00)    ;(00000000) (0) (0) (00)   ;(00000000) (0) (0) (00)   ;(00000000) (0) (0) (00)   ;(00000000) (0) (0) (00)   ;(00000000) (0) (0) (00)   ;(00000000) (0) (0) (00)   ;(00000000) (0) (0) (00)   ;
;2008;(00000000) (0) (0) (00)    ;(00000000) (0) (0) (00)   ;(00000000) (0) (0) (00)   ;(00000000) (0) (0) (00)   ;(00000000) (0) (0) (00)   ;(00000000) (0) (0) (00)   ;(00000000) (0) (0) (00)   ;(00000000) (0) (0) (00)   ;
;2016;(00000000) (0) (0) (00)    ;(00000000) (0) (0) (00)   ;(00000000) (0) (0) (00)   ;(00000000) (0) (0) (00)   ;(00000000) (0) (0) (00)   ;(00000000) (0) (0) (00)   ;(00000000) (0) (0) (00)   ;(00000000) (0) (0) (00)   ;
;2024;(00000000) (0) (0) (00)    ;(00000000) (0) (0) (00)   ;(00000000) (0) (0) (00)   ;(00000000) (0) (0) (00)   ;(00000000) (0) (0) (00)   ;(00000000) (0) (0) (00)   ;(00000000) (0) (0) (00)   ;(00000000) (0) (0) (00)   ;
;2032;(00000000) (0) (0) (00)    ;(00000000) (0) (0) (00)   ;(00000000) (0) (0) (00)   ;(00000000) (0) (0) (00)   ;(00000000) (0) (0) (00)   ;(00000000) (0) (0) (00)   ;(00000000) (0) (0) (00)   ;(00000000) (0) (0) (00)   ;
;2040;(00000000) (0) (0) (00)    ;(00000000) (0) (0) (00)   ;(00000000) (0) (0) (00)   ;(00000000) (0) (0) (00)   ;(00000000) (0) (0) (00)   ;(00000000) (0) (0) (00)   ;(00000000) (0) (0) (00)   ;(00000000) (0) (0) (00)   ;


RAM content values are presented in the following format: (Binary) (Octal) (Decimal) (Hexadecimal) 
+------------------------------------------------------------------------------------------------------------------------------------------------------------------------------------------------------------------------------------------------------------------+
; |top|picosoc:soc_core|picosoc_mem:memory|altsyncram:mem3_rtl_0|altsyncram_cle1:auto_generated|ALTSYNCRAM                                                                                                                                                         ;
+------------------------------------------------------------------------------------------------------------------------------------------------------------------------------------------------------------------------------------------------------------------+
;   Addr   ;              +0              ;              +1              ;              +2              ;              +3              ;              +4              ;              +5              ;              +6              ;              +7              ;
+----------+------------------------------+------------------------------+------------------------------+------------------------------+------------------------------+------------------------------+------------------------------+------------------------------+
;0;(00000000) (0) (0) (00)    ;(00000101) (5) (5) (05)   ;(00000000) (0) (0) (00)   ;(11111110) (376) (254) (FE)   ;(00000000) (0) (0) (00)   ;(00000010) (2) (2) (02)   ;(00000001) (1) (1) (01)   ;(00000000) (0) (0) (00)   ;
;8;(00000000) (0) (0) (00)    ;(00000001) (1) (1) (01)   ;(00000000) (0) (0) (00)   ;(10111011) (273) (187) (BB)   ;(11111110) (376) (254) (FE)   ;(00000000) (0) (0) (00)   ;(11111111) (377) (255) (FF)   ;(00000000) (0) (0) (00)   ;
;16;(00000000) (0) (0) (00)    ;(00000000) (0) (0) (00)   ;(11111101) (375) (253) (FD)   ;(00000010) (2) (2) (02)   ;(00000000) (0) (0) (00)   ;(11111111) (377) (255) (FF)   ;(00000000) (0) (0) (00)   ;(00000000) (0) (0) (00)   ;
;24;(00000011) (3) (3) (03)    ;(00001111) (17) (15) (0F)   ;(00000000) (0) (0) (00)   ;(00111110) (76) (62) (3E)   ;(11111001) (371) (249) (F9)   ;(00000000) (0) (0) (00)   ;(00111110) (76) (62) (3E)   ;(11111001) (371) (249) (F9)   ;
;32;(11111110) (376) (254) (FE)    ;(00000000) (0) (0) (00)   ;(00000000) (0) (0) (00)   ;(00000000) (0) (0) (00)   ;(00000000) (0) (0) (00)   ;(00000000) (0) (0) (00)   ;(00000000) (0) (0) (00)   ;(00000000) (0) (0) (00)   ;
;40;(00000000) (0) (0) (00)    ;(00000000) (0) (0) (00)   ;(00000000) (0) (0) (00)   ;(00000000) (0) (0) (00)   ;(00000000) (0) (0) (00)   ;(00000000) (0) (0) (00)   ;(00000000) (0) (0) (00)   ;(00000000) (0) (0) (00)   ;
;48;(00000000) (0) (0) (00)    ;(00000000) (0) (0) (00)   ;(00000000) (0) (0) (00)   ;(00000000) (0) (0) (00)   ;(00000000) (0) (0) (00)   ;(00000000) (0) (0) (00)   ;(00000000) (0) (0) (00)   ;(00000000) (0) (0) (00)   ;
;56;(00000000) (0) (0) (00)    ;(00000000) (0) (0) (00)   ;(00000000) (0) (0) (00)   ;(00000000) (0) (0) (00)   ;(00000000) (0) (0) (00)   ;(00000000) (0) (0) (00)   ;(00000000) (0) (0) (00)   ;(00000000) (0) (0) (00)   ;
;64;(00000000) (0) (0) (00)    ;(00000000) (0) (0) (00)   ;(00000000) (0) (0) (00)   ;(00000000) (0) (0) (00)   ;(00000000) (0) (0) (00)   ;(00000000) (0) (0) (00)   ;(00000000) (0) (0) (00)   ;(00000000) (0) (0) (00)   ;
;72;(00000000) (0) (0) (00)    ;(00000000) (0) (0) (00)   ;(00000000) (0) (0) (00)   ;(00000000) (0) (0) (00)   ;(00000000) (0) (0) (00)   ;(00000000) (0) (0) (00)   ;(00000000) (0) (0) (00)   ;(00000000) (0) (0) (00)   ;
;80;(00000000) (0) (0) (00)    ;(00000000) (0) (0) (00)   ;(00000000) (0) (0) (00)   ;(00000000) (0) (0) (00)   ;(00000000) (0) (0) (00)   ;(00000000) (0) (0) (00)   ;(00000000) (0) (0) (00)   ;(00000000) (0) (0) (00)   ;
;88;(00000000) (0) (0) (00)    ;(00000000) (0) (0) (00)   ;(00000000) (0) (0) (00)   ;(00000000) (0) (0) (00)   ;(00000000) (0) (0) (00)   ;(00000000) (0) (0) (00)   ;(00000000) (0) (0) (00)   ;(00000000) (0) (0) (00)   ;
;96;(00000000) (0) (0) (00)    ;(00000000) (0) (0) (00)   ;(00000000) (0) (0) (00)   ;(00000000) (0) (0) (00)   ;(00000000) (0) (0) (00)   ;(00000000) (0) (0) (00)   ;(00000000) (0) (0) (00)   ;(00000000) (0) (0) (00)   ;
;104;(00000000) (0) (0) (00)    ;(00000000) (0) (0) (00)   ;(00000000) (0) (0) (00)   ;(00000000) (0) (0) (00)   ;(00000000) (0) (0) (00)   ;(00000000) (0) (0) (00)   ;(00000000) (0) (0) (00)   ;(00000000) (0) (0) (00)   ;
;112;(00000000) (0) (0) (00)    ;(00000000) (0) (0) (00)   ;(00000000) (0) (0) (00)   ;(00000000) (0) (0) (00)   ;(00000000) (0) (0) (00)   ;(00000000) (0) (0) (00)   ;(00000000) (0) (0) (00)   ;(00000000) (0) (0) (00)   ;
;120;(00000000) (0) (0) (00)    ;(00000000) (0) (0) (00)   ;(00000000) (0) (0) (00)   ;(00000000) (0) (0) (00)   ;(00000000) (0) (0) (00)   ;(00000000) (0) (0) (00)   ;(00000000) (0) (0) (00)   ;(00000000) (0) (0) (00)   ;
;128;(00000000) (0) (0) (00)    ;(00000000) (0) (0) (00)   ;(00000000) (0) (0) (00)   ;(00000000) (0) (0) (00)   ;(00000000) (0) (0) (00)   ;(00000000) (0) (0) (00)   ;(00000000) (0) (0) (00)   ;(00000000) (0) (0) (00)   ;
;136;(00000000) (0) (0) (00)    ;(00000000) (0) (0) (00)   ;(00000000) (0) (0) (00)   ;(00000000) (0) (0) (00)   ;(00000000) (0) (0) (00)   ;(00000000) (0) (0) (00)   ;(00000000) (0) (0) (00)   ;(00000000) (0) (0) (00)   ;
;144;(00000000) (0) (0) (00)    ;(00000000) (0) (0) (00)   ;(00000000) (0) (0) (00)   ;(00000000) (0) (0) (00)   ;(00000000) (0) (0) (00)   ;(00000000) (0) (0) (00)   ;(00000000) (0) (0) (00)   ;(00000000) (0) (0) (00)   ;
;152;(00000000) (0) (0) (00)    ;(00000000) (0) (0) (00)   ;(00000000) (0) (0) (00)   ;(00000000) (0) (0) (00)   ;(00000000) (0) (0) (00)   ;(00000000) (0) (0) (00)   ;(00000000) (0) (0) (00)   ;(00000000) (0) (0) (00)   ;
;160;(00000000) (0) (0) (00)    ;(00000000) (0) (0) (00)   ;(00000000) (0) (0) (00)   ;(00000000) (0) (0) (00)   ;(00000000) (0) (0) (00)   ;(00000000) (0) (0) (00)   ;(00000000) (0) (0) (00)   ;(00000000) (0) (0) (00)   ;
;168;(00000000) (0) (0) (00)    ;(00000000) (0) (0) (00)   ;(00000000) (0) (0) (00)   ;(00000000) (0) (0) (00)   ;(00000000) (0) (0) (00)   ;(00000000) (0) (0) (00)   ;(00000000) (0) (0) (00)   ;(00000000) (0) (0) (00)   ;
;176;(00000000) (0) (0) (00)    ;(00000000) (0) (0) (00)   ;(00000000) (0) (0) (00)   ;(00000000) (0) (0) (00)   ;(00000000) (0) (0) (00)   ;(00000000) (0) (0) (00)   ;(00000000) (0) (0) (00)   ;(00000000) (0) (0) (00)   ;
;184;(00000000) (0) (0) (00)    ;(00000000) (0) (0) (00)   ;(00000000) (0) (0) (00)   ;(00000000) (0) (0) (00)   ;(00000000) (0) (0) (00)   ;(00000000) (0) (0) (00)   ;(00000000) (0) (0) (00)   ;(00000000) (0) (0) (00)   ;
;192;(00000000) (0) (0) (00)    ;(00000000) (0) (0) (00)   ;(00000000) (0) (0) (00)   ;(00000000) (0) (0) (00)   ;(00000000) (0) (0) (00)   ;(00000000) (0) (0) (00)   ;(00000000) (0) (0) (00)   ;(00000000) (0) (0) (00)   ;
;200;(00000000) (0) (0) (00)    ;(00000000) (0) (0) (00)   ;(00000000) (0) (0) (00)   ;(00000000) (0) (0) (00)   ;(00000000) (0) (0) (00)   ;(00000000) (0) (0) (00)   ;(00000000) (0) (0) (00)   ;(00000000) (0) (0) (00)   ;
;208;(00000000) (0) (0) (00)    ;(00000000) (0) (0) (00)   ;(00000000) (0) (0) (00)   ;(00000000) (0) (0) (00)   ;(00000000) (0) (0) (00)   ;(00000000) (0) (0) (00)   ;(00000000) (0) (0) (00)   ;(00000000) (0) (0) (00)   ;
;216;(00000000) (0) (0) (00)    ;(00000000) (0) (0) (00)   ;(00000000) (0) (0) (00)   ;(00000000) (0) (0) (00)   ;(00000000) (0) (0) (00)   ;(00000000) (0) (0) (00)   ;(00000000) (0) (0) (00)   ;(00000000) (0) (0) (00)   ;
;224;(00000000) (0) (0) (00)    ;(00000000) (0) (0) (00)   ;(00000000) (0) (0) (00)   ;(00000000) (0) (0) (00)   ;(00000000) (0) (0) (00)   ;(00000000) (0) (0) (00)   ;(00000000) (0) (0) (00)   ;(00000000) (0) (0) (00)   ;
;232;(00000000) (0) (0) (00)    ;(00000000) (0) (0) (00)   ;(00000000) (0) (0) (00)   ;(00000000) (0) (0) (00)   ;(00000000) (0) (0) (00)   ;(00000000) (0) (0) (00)   ;(00000000) (0) (0) (00)   ;(00000000) (0) (0) (00)   ;
;240;(00000000) (0) (0) (00)    ;(00000000) (0) (0) (00)   ;(00000000) (0) (0) (00)   ;(00000000) (0) (0) (00)   ;(00000000) (0) (0) (00)   ;(00000000) (0) (0) (00)   ;(00000000) (0) (0) (00)   ;(00000000) (0) (0) (00)   ;
;248;(00000000) (0) (0) (00)    ;(00000000) (0) (0) (00)   ;(00000000) (0) (0) (00)   ;(00000000) (0) (0) (00)   ;(00000000) (0) (0) (00)   ;(00000000) (0) (0) (00)   ;(00000000) (0) (0) (00)   ;(00000000) (0) (0) (00)   ;
;256;(00000000) (0) (0) (00)    ;(00000000) (0) (0) (00)   ;(00000000) (0) (0) (00)   ;(00000000) (0) (0) (00)   ;(00000000) (0) (0) (00)   ;(00000000) (0) (0) (00)   ;(00000000) (0) (0) (00)   ;(00000000) (0) (0) (00)   ;
;264;(00000000) (0) (0) (00)    ;(00000000) (0) (0) (00)   ;(00000000) (0) (0) (00)   ;(00000000) (0) (0) (00)   ;(00000000) (0) (0) (00)   ;(00000000) (0) (0) (00)   ;(00000000) (0) (0) (00)   ;(00000000) (0) (0) (00)   ;
;272;(00000000) (0) (0) (00)    ;(00000000) (0) (0) (00)   ;(00000000) (0) (0) (00)   ;(00000000) (0) (0) (00)   ;(00000000) (0) (0) (00)   ;(00000000) (0) (0) (00)   ;(00000000) (0) (0) (00)   ;(00000000) (0) (0) (00)   ;
;280;(00000000) (0) (0) (00)    ;(00000000) (0) (0) (00)   ;(00000000) (0) (0) (00)   ;(00000000) (0) (0) (00)   ;(00000000) (0) (0) (00)   ;(00000000) (0) (0) (00)   ;(00000000) (0) (0) (00)   ;(00000000) (0) (0) (00)   ;
;288;(00000000) (0) (0) (00)    ;(00000000) (0) (0) (00)   ;(00000000) (0) (0) (00)   ;(00000000) (0) (0) (00)   ;(00000000) (0) (0) (00)   ;(00000000) (0) (0) (00)   ;(00000000) (0) (0) (00)   ;(00000000) (0) (0) (00)   ;
;296;(00000000) (0) (0) (00)    ;(00000000) (0) (0) (00)   ;(00000000) (0) (0) (00)   ;(00000000) (0) (0) (00)   ;(00000000) (0) (0) (00)   ;(00000000) (0) (0) (00)   ;(00000000) (0) (0) (00)   ;(00000000) (0) (0) (00)   ;
;304;(00000000) (0) (0) (00)    ;(00000000) (0) (0) (00)   ;(00000000) (0) (0) (00)   ;(00000000) (0) (0) (00)   ;(00000000) (0) (0) (00)   ;(00000000) (0) (0) (00)   ;(00000000) (0) (0) (00)   ;(00000000) (0) (0) (00)   ;
;312;(00000000) (0) (0) (00)    ;(00000000) (0) (0) (00)   ;(00000000) (0) (0) (00)   ;(00000000) (0) (0) (00)   ;(00000000) (0) (0) (00)   ;(00000000) (0) (0) (00)   ;(00000000) (0) (0) (00)   ;(00000000) (0) (0) (00)   ;
;320;(00000000) (0) (0) (00)    ;(00000000) (0) (0) (00)   ;(00000000) (0) (0) (00)   ;(00000000) (0) (0) (00)   ;(00000000) (0) (0) (00)   ;(00000000) (0) (0) (00)   ;(00000000) (0) (0) (00)   ;(00000000) (0) (0) (00)   ;
;328;(00000000) (0) (0) (00)    ;(00000000) (0) (0) (00)   ;(00000000) (0) (0) (00)   ;(00000000) (0) (0) (00)   ;(00000000) (0) (0) (00)   ;(00000000) (0) (0) (00)   ;(00000000) (0) (0) (00)   ;(00000000) (0) (0) (00)   ;
;336;(00000000) (0) (0) (00)    ;(00000000) (0) (0) (00)   ;(00000000) (0) (0) (00)   ;(00000000) (0) (0) (00)   ;(00000000) (0) (0) (00)   ;(00000000) (0) (0) (00)   ;(00000000) (0) (0) (00)   ;(00000000) (0) (0) (00)   ;
;344;(00000000) (0) (0) (00)    ;(00000000) (0) (0) (00)   ;(00000000) (0) (0) (00)   ;(00000000) (0) (0) (00)   ;(00000000) (0) (0) (00)   ;(00000000) (0) (0) (00)   ;(00000000) (0) (0) (00)   ;(00000000) (0) (0) (00)   ;
;352;(00000000) (0) (0) (00)    ;(00000000) (0) (0) (00)   ;(00000000) (0) (0) (00)   ;(00000000) (0) (0) (00)   ;(00000000) (0) (0) (00)   ;(00000000) (0) (0) (00)   ;(00000000) (0) (0) (00)   ;(00000000) (0) (0) (00)   ;
;360;(00000000) (0) (0) (00)    ;(00000000) (0) (0) (00)   ;(00000000) (0) (0) (00)   ;(00000000) (0) (0) (00)   ;(00000000) (0) (0) (00)   ;(00000000) (0) (0) (00)   ;(00000000) (0) (0) (00)   ;(00000000) (0) (0) (00)   ;
;368;(00000000) (0) (0) (00)    ;(00000000) (0) (0) (00)   ;(00000000) (0) (0) (00)   ;(00000000) (0) (0) (00)   ;(00000000) (0) (0) (00)   ;(00000000) (0) (0) (00)   ;(00000000) (0) (0) (00)   ;(00000000) (0) (0) (00)   ;
;376;(00000000) (0) (0) (00)    ;(00000000) (0) (0) (00)   ;(00000000) (0) (0) (00)   ;(00000000) (0) (0) (00)   ;(00000000) (0) (0) (00)   ;(00000000) (0) (0) (00)   ;(00000000) (0) (0) (00)   ;(00000000) (0) (0) (00)   ;
;384;(00000000) (0) (0) (00)    ;(00000000) (0) (0) (00)   ;(00000000) (0) (0) (00)   ;(00000000) (0) (0) (00)   ;(00000000) (0) (0) (00)   ;(00000000) (0) (0) (00)   ;(00000000) (0) (0) (00)   ;(00000000) (0) (0) (00)   ;
;392;(00000000) (0) (0) (00)    ;(00000000) (0) (0) (00)   ;(00000000) (0) (0) (00)   ;(00000000) (0) (0) (00)   ;(00000000) (0) (0) (00)   ;(00000000) (0) (0) (00)   ;(00000000) (0) (0) (00)   ;(00000000) (0) (0) (00)   ;
;400;(00000000) (0) (0) (00)    ;(00000000) (0) (0) (00)   ;(00000000) (0) (0) (00)   ;(00000000) (0) (0) (00)   ;(00000000) (0) (0) (00)   ;(00000000) (0) (0) (00)   ;(00000000) (0) (0) (00)   ;(00000000) (0) (0) (00)   ;
;408;(00000000) (0) (0) (00)    ;(00000000) (0) (0) (00)   ;(00000000) (0) (0) (00)   ;(00000000) (0) (0) (00)   ;(00000000) (0) (0) (00)   ;(00000000) (0) (0) (00)   ;(00000000) (0) (0) (00)   ;(00000000) (0) (0) (00)   ;
;416;(00000000) (0) (0) (00)    ;(00000000) (0) (0) (00)   ;(00000000) (0) (0) (00)   ;(00000000) (0) (0) (00)   ;(00000000) (0) (0) (00)   ;(00000000) (0) (0) (00)   ;(00000000) (0) (0) (00)   ;(00000000) (0) (0) (00)   ;
;424;(00000000) (0) (0) (00)    ;(00000000) (0) (0) (00)   ;(00000000) (0) (0) (00)   ;(00000000) (0) (0) (00)   ;(00000000) (0) (0) (00)   ;(00000000) (0) (0) (00)   ;(00000000) (0) (0) (00)   ;(00000000) (0) (0) (00)   ;
;432;(00000000) (0) (0) (00)    ;(00000000) (0) (0) (00)   ;(00000000) (0) (0) (00)   ;(00000000) (0) (0) (00)   ;(00000000) (0) (0) (00)   ;(00000000) (0) (0) (00)   ;(00000000) (0) (0) (00)   ;(00000000) (0) (0) (00)   ;
;440;(00000000) (0) (0) (00)    ;(00000000) (0) (0) (00)   ;(00000000) (0) (0) (00)   ;(00000000) (0) (0) (00)   ;(00000000) (0) (0) (00)   ;(00000000) (0) (0) (00)   ;(00000000) (0) (0) (00)   ;(00000000) (0) (0) (00)   ;
;448;(00000000) (0) (0) (00)    ;(00000000) (0) (0) (00)   ;(00000000) (0) (0) (00)   ;(00000000) (0) (0) (00)   ;(00000000) (0) (0) (00)   ;(00000000) (0) (0) (00)   ;(00000000) (0) (0) (00)   ;(00000000) (0) (0) (00)   ;
;456;(00000000) (0) (0) (00)    ;(00000000) (0) (0) (00)   ;(00000000) (0) (0) (00)   ;(00000000) (0) (0) (00)   ;(00000000) (0) (0) (00)   ;(00000000) (0) (0) (00)   ;(00000000) (0) (0) (00)   ;(00000000) (0) (0) (00)   ;
;464;(00000000) (0) (0) (00)    ;(00000000) (0) (0) (00)   ;(00000000) (0) (0) (00)   ;(00000000) (0) (0) (00)   ;(00000000) (0) (0) (00)   ;(00000000) (0) (0) (00)   ;(00000000) (0) (0) (00)   ;(00000000) (0) (0) (00)   ;
;472;(00000000) (0) (0) (00)    ;(00000000) (0) (0) (00)   ;(00000000) (0) (0) (00)   ;(00000000) (0) (0) (00)   ;(00000000) (0) (0) (00)   ;(00000000) (0) (0) (00)   ;(00000000) (0) (0) (00)   ;(00000000) (0) (0) (00)   ;
;480;(00000000) (0) (0) (00)    ;(00000000) (0) (0) (00)   ;(00000000) (0) (0) (00)   ;(00000000) (0) (0) (00)   ;(00000000) (0) (0) (00)   ;(00000000) (0) (0) (00)   ;(00000000) (0) (0) (00)   ;(00000000) (0) (0) (00)   ;
;488;(00000000) (0) (0) (00)    ;(00000000) (0) (0) (00)   ;(00000000) (0) (0) (00)   ;(00000000) (0) (0) (00)   ;(00000000) (0) (0) (00)   ;(00000000) (0) (0) (00)   ;(00000000) (0) (0) (00)   ;(00000000) (0) (0) (00)   ;
;496;(00000000) (0) (0) (00)    ;(00000000) (0) (0) (00)   ;(00000000) (0) (0) (00)   ;(00000000) (0) (0) (00)   ;(00000000) (0) (0) (00)   ;(00000000) (0) (0) (00)   ;(00000000) (0) (0) (00)   ;(00000000) (0) (0) (00)   ;
;504;(00000000) (0) (0) (00)    ;(00000000) (0) (0) (00)   ;(00000000) (0) (0) (00)   ;(00000000) (0) (0) (00)   ;(00000000) (0) (0) (00)   ;(00000000) (0) (0) (00)   ;(00000000) (0) (0) (00)   ;(00000000) (0) (0) (00)   ;
;512;(00000000) (0) (0) (00)    ;(00000000) (0) (0) (00)   ;(00000000) (0) (0) (00)   ;(00000000) (0) (0) (00)   ;(00000000) (0) (0) (00)   ;(00000000) (0) (0) (00)   ;(00000000) (0) (0) (00)   ;(00000000) (0) (0) (00)   ;
;520;(00000000) (0) (0) (00)    ;(00000000) (0) (0) (00)   ;(00000000) (0) (0) (00)   ;(00000000) (0) (0) (00)   ;(00000000) (0) (0) (00)   ;(00000000) (0) (0) (00)   ;(00000000) (0) (0) (00)   ;(00000000) (0) (0) (00)   ;
;528;(00000000) (0) (0) (00)    ;(00000000) (0) (0) (00)   ;(00000000) (0) (0) (00)   ;(00000000) (0) (0) (00)   ;(00000000) (0) (0) (00)   ;(00000000) (0) (0) (00)   ;(00000000) (0) (0) (00)   ;(00000000) (0) (0) (00)   ;
;536;(00000000) (0) (0) (00)    ;(00000000) (0) (0) (00)   ;(00000000) (0) (0) (00)   ;(00000000) (0) (0) (00)   ;(00000000) (0) (0) (00)   ;(00000000) (0) (0) (00)   ;(00000000) (0) (0) (00)   ;(00000000) (0) (0) (00)   ;
;544;(00000000) (0) (0) (00)    ;(00000000) (0) (0) (00)   ;(00000000) (0) (0) (00)   ;(00000000) (0) (0) (00)   ;(00000000) (0) (0) (00)   ;(00000000) (0) (0) (00)   ;(00000000) (0) (0) (00)   ;(00000000) (0) (0) (00)   ;
;552;(00000000) (0) (0) (00)    ;(00000000) (0) (0) (00)   ;(00000000) (0) (0) (00)   ;(00000000) (0) (0) (00)   ;(00000000) (0) (0) (00)   ;(00000000) (0) (0) (00)   ;(00000000) (0) (0) (00)   ;(00000000) (0) (0) (00)   ;
;560;(00000000) (0) (0) (00)    ;(00000000) (0) (0) (00)   ;(00000000) (0) (0) (00)   ;(00000000) (0) (0) (00)   ;(00000000) (0) (0) (00)   ;(00000000) (0) (0) (00)   ;(00000000) (0) (0) (00)   ;(00000000) (0) (0) (00)   ;
;568;(00000000) (0) (0) (00)    ;(00000000) (0) (0) (00)   ;(00000000) (0) (0) (00)   ;(00000000) (0) (0) (00)   ;(00000000) (0) (0) (00)   ;(00000000) (0) (0) (00)   ;(00000000) (0) (0) (00)   ;(00000000) (0) (0) (00)   ;
;576;(00000000) (0) (0) (00)    ;(00000000) (0) (0) (00)   ;(00000000) (0) (0) (00)   ;(00000000) (0) (0) (00)   ;(00000000) (0) (0) (00)   ;(00000000) (0) (0) (00)   ;(00000000) (0) (0) (00)   ;(00000000) (0) (0) (00)   ;
;584;(00000000) (0) (0) (00)    ;(00000000) (0) (0) (00)   ;(00000000) (0) (0) (00)   ;(00000000) (0) (0) (00)   ;(00000000) (0) (0) (00)   ;(00000000) (0) (0) (00)   ;(00000000) (0) (0) (00)   ;(00000000) (0) (0) (00)   ;
;592;(00000000) (0) (0) (00)    ;(00000000) (0) (0) (00)   ;(00000000) (0) (0) (00)   ;(00000000) (0) (0) (00)   ;(00000000) (0) (0) (00)   ;(00000000) (0) (0) (00)   ;(00000000) (0) (0) (00)   ;(00000000) (0) (0) (00)   ;
;600;(00000000) (0) (0) (00)    ;(00000000) (0) (0) (00)   ;(00000000) (0) (0) (00)   ;(00000000) (0) (0) (00)   ;(00000000) (0) (0) (00)   ;(00000000) (0) (0) (00)   ;(00000000) (0) (0) (00)   ;(00000000) (0) (0) (00)   ;
;608;(00000000) (0) (0) (00)    ;(00000000) (0) (0) (00)   ;(00000000) (0) (0) (00)   ;(00000000) (0) (0) (00)   ;(00000000) (0) (0) (00)   ;(00000000) (0) (0) (00)   ;(00000000) (0) (0) (00)   ;(00000000) (0) (0) (00)   ;
;616;(00000000) (0) (0) (00)    ;(00000000) (0) (0) (00)   ;(00000000) (0) (0) (00)   ;(00000000) (0) (0) (00)   ;(00000000) (0) (0) (00)   ;(00000000) (0) (0) (00)   ;(00000000) (0) (0) (00)   ;(00000000) (0) (0) (00)   ;
;624;(00000000) (0) (0) (00)    ;(00000000) (0) (0) (00)   ;(00000000) (0) (0) (00)   ;(00000000) (0) (0) (00)   ;(00000000) (0) (0) (00)   ;(00000000) (0) (0) (00)   ;(00000000) (0) (0) (00)   ;(00000000) (0) (0) (00)   ;
;632;(00000000) (0) (0) (00)    ;(00000000) (0) (0) (00)   ;(00000000) (0) (0) (00)   ;(00000000) (0) (0) (00)   ;(00000000) (0) (0) (00)   ;(00000000) (0) (0) (00)   ;(00000000) (0) (0) (00)   ;(00000000) (0) (0) (00)   ;
;640;(00000000) (0) (0) (00)    ;(00000000) (0) (0) (00)   ;(00000000) (0) (0) (00)   ;(00000000) (0) (0) (00)   ;(00000000) (0) (0) (00)   ;(00000000) (0) (0) (00)   ;(00000000) (0) (0) (00)   ;(00000000) (0) (0) (00)   ;
;648;(00000000) (0) (0) (00)    ;(00000000) (0) (0) (00)   ;(00000000) (0) (0) (00)   ;(00000000) (0) (0) (00)   ;(00000000) (0) (0) (00)   ;(00000000) (0) (0) (00)   ;(00000000) (0) (0) (00)   ;(00000000) (0) (0) (00)   ;
;656;(00000000) (0) (0) (00)    ;(00000000) (0) (0) (00)   ;(00000000) (0) (0) (00)   ;(00000000) (0) (0) (00)   ;(00000000) (0) (0) (00)   ;(00000000) (0) (0) (00)   ;(00000000) (0) (0) (00)   ;(00000000) (0) (0) (00)   ;
;664;(00000000) (0) (0) (00)    ;(00000000) (0) (0) (00)   ;(00000000) (0) (0) (00)   ;(00000000) (0) (0) (00)   ;(00000000) (0) (0) (00)   ;(00000000) (0) (0) (00)   ;(00000000) (0) (0) (00)   ;(00000000) (0) (0) (00)   ;
;672;(00000000) (0) (0) (00)    ;(00000000) (0) (0) (00)   ;(00000000) (0) (0) (00)   ;(00000000) (0) (0) (00)   ;(00000000) (0) (0) (00)   ;(00000000) (0) (0) (00)   ;(00000000) (0) (0) (00)   ;(00000000) (0) (0) (00)   ;
;680;(00000000) (0) (0) (00)    ;(00000000) (0) (0) (00)   ;(00000000) (0) (0) (00)   ;(00000000) (0) (0) (00)   ;(00000000) (0) (0) (00)   ;(00000000) (0) (0) (00)   ;(00000000) (0) (0) (00)   ;(00000000) (0) (0) (00)   ;
;688;(00000000) (0) (0) (00)    ;(00000000) (0) (0) (00)   ;(00000000) (0) (0) (00)   ;(00000000) (0) (0) (00)   ;(00000000) (0) (0) (00)   ;(00000000) (0) (0) (00)   ;(00000000) (0) (0) (00)   ;(00000000) (0) (0) (00)   ;
;696;(00000000) (0) (0) (00)    ;(00000000) (0) (0) (00)   ;(00000000) (0) (0) (00)   ;(00000000) (0) (0) (00)   ;(00000000) (0) (0) (00)   ;(00000000) (0) (0) (00)   ;(00000000) (0) (0) (00)   ;(00000000) (0) (0) (00)   ;
;704;(00000000) (0) (0) (00)    ;(00000000) (0) (0) (00)   ;(00000000) (0) (0) (00)   ;(00000000) (0) (0) (00)   ;(00000000) (0) (0) (00)   ;(00000000) (0) (0) (00)   ;(00000000) (0) (0) (00)   ;(00000000) (0) (0) (00)   ;
;712;(00000000) (0) (0) (00)    ;(00000000) (0) (0) (00)   ;(00000000) (0) (0) (00)   ;(00000000) (0) (0) (00)   ;(00000000) (0) (0) (00)   ;(00000000) (0) (0) (00)   ;(00000000) (0) (0) (00)   ;(00000000) (0) (0) (00)   ;
;720;(00000000) (0) (0) (00)    ;(00000000) (0) (0) (00)   ;(00000000) (0) (0) (00)   ;(00000000) (0) (0) (00)   ;(00000000) (0) (0) (00)   ;(00000000) (0) (0) (00)   ;(00000000) (0) (0) (00)   ;(00000000) (0) (0) (00)   ;
;728;(00000000) (0) (0) (00)    ;(00000000) (0) (0) (00)   ;(00000000) (0) (0) (00)   ;(00000000) (0) (0) (00)   ;(00000000) (0) (0) (00)   ;(00000000) (0) (0) (00)   ;(00000000) (0) (0) (00)   ;(00000000) (0) (0) (00)   ;
;736;(00000000) (0) (0) (00)    ;(00000000) (0) (0) (00)   ;(00000000) (0) (0) (00)   ;(00000000) (0) (0) (00)   ;(00000000) (0) (0) (00)   ;(00000000) (0) (0) (00)   ;(00000000) (0) (0) (00)   ;(00000000) (0) (0) (00)   ;
;744;(00000000) (0) (0) (00)    ;(00000000) (0) (0) (00)   ;(00000000) (0) (0) (00)   ;(00000000) (0) (0) (00)   ;(00000000) (0) (0) (00)   ;(00000000) (0) (0) (00)   ;(00000000) (0) (0) (00)   ;(00000000) (0) (0) (00)   ;
;752;(00000000) (0) (0) (00)    ;(00000000) (0) (0) (00)   ;(00000000) (0) (0) (00)   ;(00000000) (0) (0) (00)   ;(00000000) (0) (0) (00)   ;(00000000) (0) (0) (00)   ;(00000000) (0) (0) (00)   ;(00000000) (0) (0) (00)   ;
;760;(00000000) (0) (0) (00)    ;(00000000) (0) (0) (00)   ;(00000000) (0) (0) (00)   ;(00000000) (0) (0) (00)   ;(00000000) (0) (0) (00)   ;(00000000) (0) (0) (00)   ;(00000000) (0) (0) (00)   ;(00000000) (0) (0) (00)   ;
;768;(00000000) (0) (0) (00)    ;(00000000) (0) (0) (00)   ;(00000000) (0) (0) (00)   ;(00000000) (0) (0) (00)   ;(00000000) (0) (0) (00)   ;(00000000) (0) (0) (00)   ;(00000000) (0) (0) (00)   ;(00000000) (0) (0) (00)   ;
;776;(00000000) (0) (0) (00)    ;(00000000) (0) (0) (00)   ;(00000000) (0) (0) (00)   ;(00000000) (0) (0) (00)   ;(00000000) (0) (0) (00)   ;(00000000) (0) (0) (00)   ;(00000000) (0) (0) (00)   ;(00000000) (0) (0) (00)   ;
;784;(00000000) (0) (0) (00)    ;(00000000) (0) (0) (00)   ;(00000000) (0) (0) (00)   ;(00000000) (0) (0) (00)   ;(00000000) (0) (0) (00)   ;(00000000) (0) (0) (00)   ;(00000000) (0) (0) (00)   ;(00000000) (0) (0) (00)   ;
;792;(00000000) (0) (0) (00)    ;(00000000) (0) (0) (00)   ;(00000000) (0) (0) (00)   ;(00000000) (0) (0) (00)   ;(00000000) (0) (0) (00)   ;(00000000) (0) (0) (00)   ;(00000000) (0) (0) (00)   ;(00000000) (0) (0) (00)   ;
;800;(00000000) (0) (0) (00)    ;(00000000) (0) (0) (00)   ;(00000000) (0) (0) (00)   ;(00000000) (0) (0) (00)   ;(00000000) (0) (0) (00)   ;(00000000) (0) (0) (00)   ;(00000000) (0) (0) (00)   ;(00000000) (0) (0) (00)   ;
;808;(00000000) (0) (0) (00)    ;(00000000) (0) (0) (00)   ;(00000000) (0) (0) (00)   ;(00000000) (0) (0) (00)   ;(00000000) (0) (0) (00)   ;(00000000) (0) (0) (00)   ;(00000000) (0) (0) (00)   ;(00000000) (0) (0) (00)   ;
;816;(00000000) (0) (0) (00)    ;(00000000) (0) (0) (00)   ;(00000000) (0) (0) (00)   ;(00000000) (0) (0) (00)   ;(00000000) (0) (0) (00)   ;(00000000) (0) (0) (00)   ;(00000000) (0) (0) (00)   ;(00000000) (0) (0) (00)   ;
;824;(00000000) (0) (0) (00)    ;(00000000) (0) (0) (00)   ;(00000000) (0) (0) (00)   ;(00000000) (0) (0) (00)   ;(00000000) (0) (0) (00)   ;(00000000) (0) (0) (00)   ;(00000000) (0) (0) (00)   ;(00000000) (0) (0) (00)   ;
;832;(00000000) (0) (0) (00)    ;(00000000) (0) (0) (00)   ;(00000000) (0) (0) (00)   ;(00000000) (0) (0) (00)   ;(00000000) (0) (0) (00)   ;(00000000) (0) (0) (00)   ;(00000000) (0) (0) (00)   ;(00000000) (0) (0) (00)   ;
;840;(00000000) (0) (0) (00)    ;(00000000) (0) (0) (00)   ;(00000000) (0) (0) (00)   ;(00000000) (0) (0) (00)   ;(00000000) (0) (0) (00)   ;(00000000) (0) (0) (00)   ;(00000000) (0) (0) (00)   ;(00000000) (0) (0) (00)   ;
;848;(00000000) (0) (0) (00)    ;(00000000) (0) (0) (00)   ;(00000000) (0) (0) (00)   ;(00000000) (0) (0) (00)   ;(00000000) (0) (0) (00)   ;(00000000) (0) (0) (00)   ;(00000000) (0) (0) (00)   ;(00000000) (0) (0) (00)   ;
;856;(00000000) (0) (0) (00)    ;(00000000) (0) (0) (00)   ;(00000000) (0) (0) (00)   ;(00000000) (0) (0) (00)   ;(00000000) (0) (0) (00)   ;(00000000) (0) (0) (00)   ;(00000000) (0) (0) (00)   ;(00000000) (0) (0) (00)   ;
;864;(00000000) (0) (0) (00)    ;(00000000) (0) (0) (00)   ;(00000000) (0) (0) (00)   ;(00000000) (0) (0) (00)   ;(00000000) (0) (0) (00)   ;(00000000) (0) (0) (00)   ;(00000000) (0) (0) (00)   ;(00000000) (0) (0) (00)   ;
;872;(00000000) (0) (0) (00)    ;(00000000) (0) (0) (00)   ;(00000000) (0) (0) (00)   ;(00000000) (0) (0) (00)   ;(00000000) (0) (0) (00)   ;(00000000) (0) (0) (00)   ;(00000000) (0) (0) (00)   ;(00000000) (0) (0) (00)   ;
;880;(00000000) (0) (0) (00)    ;(00000000) (0) (0) (00)   ;(00000000) (0) (0) (00)   ;(00000000) (0) (0) (00)   ;(00000000) (0) (0) (00)   ;(00000000) (0) (0) (00)   ;(00000000) (0) (0) (00)   ;(00000000) (0) (0) (00)   ;
;888;(00000000) (0) (0) (00)    ;(00000000) (0) (0) (00)   ;(00000000) (0) (0) (00)   ;(00000000) (0) (0) (00)   ;(00000000) (0) (0) (00)   ;(00000000) (0) (0) (00)   ;(00000000) (0) (0) (00)   ;(00000000) (0) (0) (00)   ;
;896;(00000000) (0) (0) (00)    ;(00000000) (0) (0) (00)   ;(00000000) (0) (0) (00)   ;(00000000) (0) (0) (00)   ;(00000000) (0) (0) (00)   ;(00000000) (0) (0) (00)   ;(00000000) (0) (0) (00)   ;(00000000) (0) (0) (00)   ;
;904;(00000000) (0) (0) (00)    ;(00000000) (0) (0) (00)   ;(00000000) (0) (0) (00)   ;(00000000) (0) (0) (00)   ;(00000000) (0) (0) (00)   ;(00000000) (0) (0) (00)   ;(00000000) (0) (0) (00)   ;(00000000) (0) (0) (00)   ;
;912;(00000000) (0) (0) (00)    ;(00000000) (0) (0) (00)   ;(00000000) (0) (0) (00)   ;(00000000) (0) (0) (00)   ;(00000000) (0) (0) (00)   ;(00000000) (0) (0) (00)   ;(00000000) (0) (0) (00)   ;(00000000) (0) (0) (00)   ;
;920;(00000000) (0) (0) (00)    ;(00000000) (0) (0) (00)   ;(00000000) (0) (0) (00)   ;(00000000) (0) (0) (00)   ;(00000000) (0) (0) (00)   ;(00000000) (0) (0) (00)   ;(00000000) (0) (0) (00)   ;(00000000) (0) (0) (00)   ;
;928;(00000000) (0) (0) (00)    ;(00000000) (0) (0) (00)   ;(00000000) (0) (0) (00)   ;(00000000) (0) (0) (00)   ;(00000000) (0) (0) (00)   ;(00000000) (0) (0) (00)   ;(00000000) (0) (0) (00)   ;(00000000) (0) (0) (00)   ;
;936;(00000000) (0) (0) (00)    ;(00000000) (0) (0) (00)   ;(00000000) (0) (0) (00)   ;(00000000) (0) (0) (00)   ;(00000000) (0) (0) (00)   ;(00000000) (0) (0) (00)   ;(00000000) (0) (0) (00)   ;(00000000) (0) (0) (00)   ;
;944;(00000000) (0) (0) (00)    ;(00000000) (0) (0) (00)   ;(00000000) (0) (0) (00)   ;(00000000) (0) (0) (00)   ;(00000000) (0) (0) (00)   ;(00000000) (0) (0) (00)   ;(00000000) (0) (0) (00)   ;(00000000) (0) (0) (00)   ;
;952;(00000000) (0) (0) (00)    ;(00000000) (0) (0) (00)   ;(00000000) (0) (0) (00)   ;(00000000) (0) (0) (00)   ;(00000000) (0) (0) (00)   ;(00000000) (0) (0) (00)   ;(00000000) (0) (0) (00)   ;(00000000) (0) (0) (00)   ;
;960;(00000000) (0) (0) (00)    ;(00000000) (0) (0) (00)   ;(00000000) (0) (0) (00)   ;(00000000) (0) (0) (00)   ;(00000000) (0) (0) (00)   ;(00000000) (0) (0) (00)   ;(00000000) (0) (0) (00)   ;(00000000) (0) (0) (00)   ;
;968;(00000000) (0) (0) (00)    ;(00000000) (0) (0) (00)   ;(00000000) (0) (0) (00)   ;(00000000) (0) (0) (00)   ;(00000000) (0) (0) (00)   ;(00000000) (0) (0) (00)   ;(00000000) (0) (0) (00)   ;(00000000) (0) (0) (00)   ;
;976;(00000000) (0) (0) (00)    ;(00000000) (0) (0) (00)   ;(00000000) (0) (0) (00)   ;(00000000) (0) (0) (00)   ;(00000000) (0) (0) (00)   ;(00000000) (0) (0) (00)   ;(00000000) (0) (0) (00)   ;(00000000) (0) (0) (00)   ;
;984;(00000000) (0) (0) (00)    ;(00000000) (0) (0) (00)   ;(00000000) (0) (0) (00)   ;(00000000) (0) (0) (00)   ;(00000000) (0) (0) (00)   ;(00000000) (0) (0) (00)   ;(00000000) (0) (0) (00)   ;(00000000) (0) (0) (00)   ;
;992;(00000000) (0) (0) (00)    ;(00000000) (0) (0) (00)   ;(00000000) (0) (0) (00)   ;(00000000) (0) (0) (00)   ;(00000000) (0) (0) (00)   ;(00000000) (0) (0) (00)   ;(00000000) (0) (0) (00)   ;(00000000) (0) (0) (00)   ;
;1000;(00000000) (0) (0) (00)    ;(00000000) (0) (0) (00)   ;(00000000) (0) (0) (00)   ;(00000000) (0) (0) (00)   ;(00000000) (0) (0) (00)   ;(00000000) (0) (0) (00)   ;(00000000) (0) (0) (00)   ;(00000000) (0) (0) (00)   ;
;1008;(00000000) (0) (0) (00)    ;(00000000) (0) (0) (00)   ;(00000000) (0) (0) (00)   ;(00000000) (0) (0) (00)   ;(00000000) (0) (0) (00)   ;(00000000) (0) (0) (00)   ;(00000000) (0) (0) (00)   ;(00000000) (0) (0) (00)   ;
;1016;(00000000) (0) (0) (00)    ;(00000000) (0) (0) (00)   ;(00000000) (0) (0) (00)   ;(00000000) (0) (0) (00)   ;(00000000) (0) (0) (00)   ;(00000000) (0) (0) (00)   ;(00000000) (0) (0) (00)   ;(00000000) (0) (0) (00)   ;
;1024;(00000000) (0) (0) (00)    ;(00000000) (0) (0) (00)   ;(00000000) (0) (0) (00)   ;(00000000) (0) (0) (00)   ;(00000000) (0) (0) (00)   ;(00000000) (0) (0) (00)   ;(00000000) (0) (0) (00)   ;(00000000) (0) (0) (00)   ;
;1032;(00000000) (0) (0) (00)    ;(00000000) (0) (0) (00)   ;(00000000) (0) (0) (00)   ;(00000000) (0) (0) (00)   ;(00000000) (0) (0) (00)   ;(00000000) (0) (0) (00)   ;(00000000) (0) (0) (00)   ;(00000000) (0) (0) (00)   ;
;1040;(00000000) (0) (0) (00)    ;(00000000) (0) (0) (00)   ;(00000000) (0) (0) (00)   ;(00000000) (0) (0) (00)   ;(00000000) (0) (0) (00)   ;(00000000) (0) (0) (00)   ;(00000000) (0) (0) (00)   ;(00000000) (0) (0) (00)   ;
;1048;(00000000) (0) (0) (00)    ;(00000000) (0) (0) (00)   ;(00000000) (0) (0) (00)   ;(00000000) (0) (0) (00)   ;(00000000) (0) (0) (00)   ;(00000000) (0) (0) (00)   ;(00000000) (0) (0) (00)   ;(00000000) (0) (0) (00)   ;
;1056;(00000000) (0) (0) (00)    ;(00000000) (0) (0) (00)   ;(00000000) (0) (0) (00)   ;(00000000) (0) (0) (00)   ;(00000000) (0) (0) (00)   ;(00000000) (0) (0) (00)   ;(00000000) (0) (0) (00)   ;(00000000) (0) (0) (00)   ;
;1064;(00000000) (0) (0) (00)    ;(00000000) (0) (0) (00)   ;(00000000) (0) (0) (00)   ;(00000000) (0) (0) (00)   ;(00000000) (0) (0) (00)   ;(00000000) (0) (0) (00)   ;(00000000) (0) (0) (00)   ;(00000000) (0) (0) (00)   ;
;1072;(00000000) (0) (0) (00)    ;(00000000) (0) (0) (00)   ;(00000000) (0) (0) (00)   ;(00000000) (0) (0) (00)   ;(00000000) (0) (0) (00)   ;(00000000) (0) (0) (00)   ;(00000000) (0) (0) (00)   ;(00000000) (0) (0) (00)   ;
;1080;(00000000) (0) (0) (00)    ;(00000000) (0) (0) (00)   ;(00000000) (0) (0) (00)   ;(00000000) (0) (0) (00)   ;(00000000) (0) (0) (00)   ;(00000000) (0) (0) (00)   ;(00000000) (0) (0) (00)   ;(00000000) (0) (0) (00)   ;
;1088;(00000000) (0) (0) (00)    ;(00000000) (0) (0) (00)   ;(00000000) (0) (0) (00)   ;(00000000) (0) (0) (00)   ;(00000000) (0) (0) (00)   ;(00000000) (0) (0) (00)   ;(00000000) (0) (0) (00)   ;(00000000) (0) (0) (00)   ;
;1096;(00000000) (0) (0) (00)    ;(00000000) (0) (0) (00)   ;(00000000) (0) (0) (00)   ;(00000000) (0) (0) (00)   ;(00000000) (0) (0) (00)   ;(00000000) (0) (0) (00)   ;(00000000) (0) (0) (00)   ;(00000000) (0) (0) (00)   ;
;1104;(00000000) (0) (0) (00)    ;(00000000) (0) (0) (00)   ;(00000000) (0) (0) (00)   ;(00000000) (0) (0) (00)   ;(00000000) (0) (0) (00)   ;(00000000) (0) (0) (00)   ;(00000000) (0) (0) (00)   ;(00000000) (0) (0) (00)   ;
;1112;(00000000) (0) (0) (00)    ;(00000000) (0) (0) (00)   ;(00000000) (0) (0) (00)   ;(00000000) (0) (0) (00)   ;(00000000) (0) (0) (00)   ;(00000000) (0) (0) (00)   ;(00000000) (0) (0) (00)   ;(00000000) (0) (0) (00)   ;
;1120;(00000000) (0) (0) (00)    ;(00000000) (0) (0) (00)   ;(00000000) (0) (0) (00)   ;(00000000) (0) (0) (00)   ;(00000000) (0) (0) (00)   ;(00000000) (0) (0) (00)   ;(00000000) (0) (0) (00)   ;(00000000) (0) (0) (00)   ;
;1128;(00000000) (0) (0) (00)    ;(00000000) (0) (0) (00)   ;(00000000) (0) (0) (00)   ;(00000000) (0) (0) (00)   ;(00000000) (0) (0) (00)   ;(00000000) (0) (0) (00)   ;(00000000) (0) (0) (00)   ;(00000000) (0) (0) (00)   ;
;1136;(00000000) (0) (0) (00)    ;(00000000) (0) (0) (00)   ;(00000000) (0) (0) (00)   ;(00000000) (0) (0) (00)   ;(00000000) (0) (0) (00)   ;(00000000) (0) (0) (00)   ;(00000000) (0) (0) (00)   ;(00000000) (0) (0) (00)   ;
;1144;(00000000) (0) (0) (00)    ;(00000000) (0) (0) (00)   ;(00000000) (0) (0) (00)   ;(00000000) (0) (0) (00)   ;(00000000) (0) (0) (00)   ;(00000000) (0) (0) (00)   ;(00000000) (0) (0) (00)   ;(00000000) (0) (0) (00)   ;
;1152;(00000000) (0) (0) (00)    ;(00000000) (0) (0) (00)   ;(00000000) (0) (0) (00)   ;(00000000) (0) (0) (00)   ;(00000000) (0) (0) (00)   ;(00000000) (0) (0) (00)   ;(00000000) (0) (0) (00)   ;(00000000) (0) (0) (00)   ;
;1160;(00000000) (0) (0) (00)    ;(00000000) (0) (0) (00)   ;(00000000) (0) (0) (00)   ;(00000000) (0) (0) (00)   ;(00000000) (0) (0) (00)   ;(00000000) (0) (0) (00)   ;(00000000) (0) (0) (00)   ;(00000000) (0) (0) (00)   ;
;1168;(00000000) (0) (0) (00)    ;(00000000) (0) (0) (00)   ;(00000000) (0) (0) (00)   ;(00000000) (0) (0) (00)   ;(00000000) (0) (0) (00)   ;(00000000) (0) (0) (00)   ;(00000000) (0) (0) (00)   ;(00000000) (0) (0) (00)   ;
;1176;(00000000) (0) (0) (00)    ;(00000000) (0) (0) (00)   ;(00000000) (0) (0) (00)   ;(00000000) (0) (0) (00)   ;(00000000) (0) (0) (00)   ;(00000000) (0) (0) (00)   ;(00000000) (0) (0) (00)   ;(00000000) (0) (0) (00)   ;
;1184;(00000000) (0) (0) (00)    ;(00000000) (0) (0) (00)   ;(00000000) (0) (0) (00)   ;(00000000) (0) (0) (00)   ;(00000000) (0) (0) (00)   ;(00000000) (0) (0) (00)   ;(00000000) (0) (0) (00)   ;(00000000) (0) (0) (00)   ;
;1192;(00000000) (0) (0) (00)    ;(00000000) (0) (0) (00)   ;(00000000) (0) (0) (00)   ;(00000000) (0) (0) (00)   ;(00000000) (0) (0) (00)   ;(00000000) (0) (0) (00)   ;(00000000) (0) (0) (00)   ;(00000000) (0) (0) (00)   ;
;1200;(00000000) (0) (0) (00)    ;(00000000) (0) (0) (00)   ;(00000000) (0) (0) (00)   ;(00000000) (0) (0) (00)   ;(00000000) (0) (0) (00)   ;(00000000) (0) (0) (00)   ;(00000000) (0) (0) (00)   ;(00000000) (0) (0) (00)   ;
;1208;(00000000) (0) (0) (00)    ;(00000000) (0) (0) (00)   ;(00000000) (0) (0) (00)   ;(00000000) (0) (0) (00)   ;(00000000) (0) (0) (00)   ;(00000000) (0) (0) (00)   ;(00000000) (0) (0) (00)   ;(00000000) (0) (0) (00)   ;
;1216;(00000000) (0) (0) (00)    ;(00000000) (0) (0) (00)   ;(00000000) (0) (0) (00)   ;(00000000) (0) (0) (00)   ;(00000000) (0) (0) (00)   ;(00000000) (0) (0) (00)   ;(00000000) (0) (0) (00)   ;(00000000) (0) (0) (00)   ;
;1224;(00000000) (0) (0) (00)    ;(00000000) (0) (0) (00)   ;(00000000) (0) (0) (00)   ;(00000000) (0) (0) (00)   ;(00000000) (0) (0) (00)   ;(00000000) (0) (0) (00)   ;(00000000) (0) (0) (00)   ;(00000000) (0) (0) (00)   ;
;1232;(00000000) (0) (0) (00)    ;(00000000) (0) (0) (00)   ;(00000000) (0) (0) (00)   ;(00000000) (0) (0) (00)   ;(00000000) (0) (0) (00)   ;(00000000) (0) (0) (00)   ;(00000000) (0) (0) (00)   ;(00000000) (0) (0) (00)   ;
;1240;(00000000) (0) (0) (00)    ;(00000000) (0) (0) (00)   ;(00000000) (0) (0) (00)   ;(00000000) (0) (0) (00)   ;(00000000) (0) (0) (00)   ;(00000000) (0) (0) (00)   ;(00000000) (0) (0) (00)   ;(00000000) (0) (0) (00)   ;
;1248;(00000000) (0) (0) (00)    ;(00000000) (0) (0) (00)   ;(00000000) (0) (0) (00)   ;(00000000) (0) (0) (00)   ;(00000000) (0) (0) (00)   ;(00000000) (0) (0) (00)   ;(00000000) (0) (0) (00)   ;(00000000) (0) (0) (00)   ;
;1256;(00000000) (0) (0) (00)    ;(00000000) (0) (0) (00)   ;(00000000) (0) (0) (00)   ;(00000000) (0) (0) (00)   ;(00000000) (0) (0) (00)   ;(00000000) (0) (0) (00)   ;(00000000) (0) (0) (00)   ;(00000000) (0) (0) (00)   ;
;1264;(00000000) (0) (0) (00)    ;(00000000) (0) (0) (00)   ;(00000000) (0) (0) (00)   ;(00000000) (0) (0) (00)   ;(00000000) (0) (0) (00)   ;(00000000) (0) (0) (00)   ;(00000000) (0) (0) (00)   ;(00000000) (0) (0) (00)   ;
;1272;(00000000) (0) (0) (00)    ;(00000000) (0) (0) (00)   ;(00000000) (0) (0) (00)   ;(00000000) (0) (0) (00)   ;(00000000) (0) (0) (00)   ;(00000000) (0) (0) (00)   ;(00000000) (0) (0) (00)   ;(00000000) (0) (0) (00)   ;
;1280;(00000000) (0) (0) (00)    ;(00000000) (0) (0) (00)   ;(00000000) (0) (0) (00)   ;(00000000) (0) (0) (00)   ;(00000000) (0) (0) (00)   ;(00000000) (0) (0) (00)   ;(00000000) (0) (0) (00)   ;(00000000) (0) (0) (00)   ;
;1288;(00000000) (0) (0) (00)    ;(00000000) (0) (0) (00)   ;(00000000) (0) (0) (00)   ;(00000000) (0) (0) (00)   ;(00000000) (0) (0) (00)   ;(00000000) (0) (0) (00)   ;(00000000) (0) (0) (00)   ;(00000000) (0) (0) (00)   ;
;1296;(00000000) (0) (0) (00)    ;(00000000) (0) (0) (00)   ;(00000000) (0) (0) (00)   ;(00000000) (0) (0) (00)   ;(00000000) (0) (0) (00)   ;(00000000) (0) (0) (00)   ;(00000000) (0) (0) (00)   ;(00000000) (0) (0) (00)   ;
;1304;(00000000) (0) (0) (00)    ;(00000000) (0) (0) (00)   ;(00000000) (0) (0) (00)   ;(00000000) (0) (0) (00)   ;(00000000) (0) (0) (00)   ;(00000000) (0) (0) (00)   ;(00000000) (0) (0) (00)   ;(00000000) (0) (0) (00)   ;
;1312;(00000000) (0) (0) (00)    ;(00000000) (0) (0) (00)   ;(00000000) (0) (0) (00)   ;(00000000) (0) (0) (00)   ;(00000000) (0) (0) (00)   ;(00000000) (0) (0) (00)   ;(00000000) (0) (0) (00)   ;(00000000) (0) (0) (00)   ;
;1320;(00000000) (0) (0) (00)    ;(00000000) (0) (0) (00)   ;(00000000) (0) (0) (00)   ;(00000000) (0) (0) (00)   ;(00000000) (0) (0) (00)   ;(00000000) (0) (0) (00)   ;(00000000) (0) (0) (00)   ;(00000000) (0) (0) (00)   ;
;1328;(00000000) (0) (0) (00)    ;(00000000) (0) (0) (00)   ;(00000000) (0) (0) (00)   ;(00000000) (0) (0) (00)   ;(00000000) (0) (0) (00)   ;(00000000) (0) (0) (00)   ;(00000000) (0) (0) (00)   ;(00000000) (0) (0) (00)   ;
;1336;(00000000) (0) (0) (00)    ;(00000000) (0) (0) (00)   ;(00000000) (0) (0) (00)   ;(00000000) (0) (0) (00)   ;(00000000) (0) (0) (00)   ;(00000000) (0) (0) (00)   ;(00000000) (0) (0) (00)   ;(00000000) (0) (0) (00)   ;
;1344;(00000000) (0) (0) (00)    ;(00000000) (0) (0) (00)   ;(00000000) (0) (0) (00)   ;(00000000) (0) (0) (00)   ;(00000000) (0) (0) (00)   ;(00000000) (0) (0) (00)   ;(00000000) (0) (0) (00)   ;(00000000) (0) (0) (00)   ;
;1352;(00000000) (0) (0) (00)    ;(00000000) (0) (0) (00)   ;(00000000) (0) (0) (00)   ;(00000000) (0) (0) (00)   ;(00000000) (0) (0) (00)   ;(00000000) (0) (0) (00)   ;(00000000) (0) (0) (00)   ;(00000000) (0) (0) (00)   ;
;1360;(00000000) (0) (0) (00)    ;(00000000) (0) (0) (00)   ;(00000000) (0) (0) (00)   ;(00000000) (0) (0) (00)   ;(00000000) (0) (0) (00)   ;(00000000) (0) (0) (00)   ;(00000000) (0) (0) (00)   ;(00000000) (0) (0) (00)   ;
;1368;(00000000) (0) (0) (00)    ;(00000000) (0) (0) (00)   ;(00000000) (0) (0) (00)   ;(00000000) (0) (0) (00)   ;(00000000) (0) (0) (00)   ;(00000000) (0) (0) (00)   ;(00000000) (0) (0) (00)   ;(00000000) (0) (0) (00)   ;
;1376;(00000000) (0) (0) (00)    ;(00000000) (0) (0) (00)   ;(00000000) (0) (0) (00)   ;(00000000) (0) (0) (00)   ;(00000000) (0) (0) (00)   ;(00000000) (0) (0) (00)   ;(00000000) (0) (0) (00)   ;(00000000) (0) (0) (00)   ;
;1384;(00000000) (0) (0) (00)    ;(00000000) (0) (0) (00)   ;(00000000) (0) (0) (00)   ;(00000000) (0) (0) (00)   ;(00000000) (0) (0) (00)   ;(00000000) (0) (0) (00)   ;(00000000) (0) (0) (00)   ;(00000000) (0) (0) (00)   ;
;1392;(00000000) (0) (0) (00)    ;(00000000) (0) (0) (00)   ;(00000000) (0) (0) (00)   ;(00000000) (0) (0) (00)   ;(00000000) (0) (0) (00)   ;(00000000) (0) (0) (00)   ;(00000000) (0) (0) (00)   ;(00000000) (0) (0) (00)   ;
;1400;(00000000) (0) (0) (00)    ;(00000000) (0) (0) (00)   ;(00000000) (0) (0) (00)   ;(00000000) (0) (0) (00)   ;(00000000) (0) (0) (00)   ;(00000000) (0) (0) (00)   ;(00000000) (0) (0) (00)   ;(00000000) (0) (0) (00)   ;
;1408;(00000000) (0) (0) (00)    ;(00000000) (0) (0) (00)   ;(00000000) (0) (0) (00)   ;(00000000) (0) (0) (00)   ;(00000000) (0) (0) (00)   ;(00000000) (0) (0) (00)   ;(00000000) (0) (0) (00)   ;(00000000) (0) (0) (00)   ;
;1416;(00000000) (0) (0) (00)    ;(00000000) (0) (0) (00)   ;(00000000) (0) (0) (00)   ;(00000000) (0) (0) (00)   ;(00000000) (0) (0) (00)   ;(00000000) (0) (0) (00)   ;(00000000) (0) (0) (00)   ;(00000000) (0) (0) (00)   ;
;1424;(00000000) (0) (0) (00)    ;(00000000) (0) (0) (00)   ;(00000000) (0) (0) (00)   ;(00000000) (0) (0) (00)   ;(00000000) (0) (0) (00)   ;(00000000) (0) (0) (00)   ;(00000000) (0) (0) (00)   ;(00000000) (0) (0) (00)   ;
;1432;(00000000) (0) (0) (00)    ;(00000000) (0) (0) (00)   ;(00000000) (0) (0) (00)   ;(00000000) (0) (0) (00)   ;(00000000) (0) (0) (00)   ;(00000000) (0) (0) (00)   ;(00000000) (0) (0) (00)   ;(00000000) (0) (0) (00)   ;
;1440;(00000000) (0) (0) (00)    ;(00000000) (0) (0) (00)   ;(00000000) (0) (0) (00)   ;(00000000) (0) (0) (00)   ;(00000000) (0) (0) (00)   ;(00000000) (0) (0) (00)   ;(00000000) (0) (0) (00)   ;(00000000) (0) (0) (00)   ;
;1448;(00000000) (0) (0) (00)    ;(00000000) (0) (0) (00)   ;(00000000) (0) (0) (00)   ;(00000000) (0) (0) (00)   ;(00000000) (0) (0) (00)   ;(00000000) (0) (0) (00)   ;(00000000) (0) (0) (00)   ;(00000000) (0) (0) (00)   ;
;1456;(00000000) (0) (0) (00)    ;(00000000) (0) (0) (00)   ;(00000000) (0) (0) (00)   ;(00000000) (0) (0) (00)   ;(00000000) (0) (0) (00)   ;(00000000) (0) (0) (00)   ;(00000000) (0) (0) (00)   ;(00000000) (0) (0) (00)   ;
;1464;(00000000) (0) (0) (00)    ;(00000000) (0) (0) (00)   ;(00000000) (0) (0) (00)   ;(00000000) (0) (0) (00)   ;(00000000) (0) (0) (00)   ;(00000000) (0) (0) (00)   ;(00000000) (0) (0) (00)   ;(00000000) (0) (0) (00)   ;
;1472;(00000000) (0) (0) (00)    ;(00000000) (0) (0) (00)   ;(00000000) (0) (0) (00)   ;(00000000) (0) (0) (00)   ;(00000000) (0) (0) (00)   ;(00000000) (0) (0) (00)   ;(00000000) (0) (0) (00)   ;(00000000) (0) (0) (00)   ;
;1480;(00000000) (0) (0) (00)    ;(00000000) (0) (0) (00)   ;(00000000) (0) (0) (00)   ;(00000000) (0) (0) (00)   ;(00000000) (0) (0) (00)   ;(00000000) (0) (0) (00)   ;(00000000) (0) (0) (00)   ;(00000000) (0) (0) (00)   ;
;1488;(00000000) (0) (0) (00)    ;(00000000) (0) (0) (00)   ;(00000000) (0) (0) (00)   ;(00000000) (0) (0) (00)   ;(00000000) (0) (0) (00)   ;(00000000) (0) (0) (00)   ;(00000000) (0) (0) (00)   ;(00000000) (0) (0) (00)   ;
;1496;(00000000) (0) (0) (00)    ;(00000000) (0) (0) (00)   ;(00000000) (0) (0) (00)   ;(00000000) (0) (0) (00)   ;(00000000) (0) (0) (00)   ;(00000000) (0) (0) (00)   ;(00000000) (0) (0) (00)   ;(00000000) (0) (0) (00)   ;
;1504;(00000000) (0) (0) (00)    ;(00000000) (0) (0) (00)   ;(00000000) (0) (0) (00)   ;(00000000) (0) (0) (00)   ;(00000000) (0) (0) (00)   ;(00000000) (0) (0) (00)   ;(00000000) (0) (0) (00)   ;(00000000) (0) (0) (00)   ;
;1512;(00000000) (0) (0) (00)    ;(00000000) (0) (0) (00)   ;(00000000) (0) (0) (00)   ;(00000000) (0) (0) (00)   ;(00000000) (0) (0) (00)   ;(00000000) (0) (0) (00)   ;(00000000) (0) (0) (00)   ;(00000000) (0) (0) (00)   ;
;1520;(00000000) (0) (0) (00)    ;(00000000) (0) (0) (00)   ;(00000000) (0) (0) (00)   ;(00000000) (0) (0) (00)   ;(00000000) (0) (0) (00)   ;(00000000) (0) (0) (00)   ;(00000000) (0) (0) (00)   ;(00000000) (0) (0) (00)   ;
;1528;(00000000) (0) (0) (00)    ;(00000000) (0) (0) (00)   ;(00000000) (0) (0) (00)   ;(00000000) (0) (0) (00)   ;(00000000) (0) (0) (00)   ;(00000000) (0) (0) (00)   ;(00000000) (0) (0) (00)   ;(00000000) (0) (0) (00)   ;
;1536;(00000000) (0) (0) (00)    ;(00000000) (0) (0) (00)   ;(00000000) (0) (0) (00)   ;(00000000) (0) (0) (00)   ;(00000000) (0) (0) (00)   ;(00000000) (0) (0) (00)   ;(00000000) (0) (0) (00)   ;(00000000) (0) (0) (00)   ;
;1544;(00000000) (0) (0) (00)    ;(00000000) (0) (0) (00)   ;(00000000) (0) (0) (00)   ;(00000000) (0) (0) (00)   ;(00000000) (0) (0) (00)   ;(00000000) (0) (0) (00)   ;(00000000) (0) (0) (00)   ;(00000000) (0) (0) (00)   ;
;1552;(00000000) (0) (0) (00)    ;(00000000) (0) (0) (00)   ;(00000000) (0) (0) (00)   ;(00000000) (0) (0) (00)   ;(00000000) (0) (0) (00)   ;(00000000) (0) (0) (00)   ;(00000000) (0) (0) (00)   ;(00000000) (0) (0) (00)   ;
;1560;(00000000) (0) (0) (00)    ;(00000000) (0) (0) (00)   ;(00000000) (0) (0) (00)   ;(00000000) (0) (0) (00)   ;(00000000) (0) (0) (00)   ;(00000000) (0) (0) (00)   ;(00000000) (0) (0) (00)   ;(00000000) (0) (0) (00)   ;
;1568;(00000000) (0) (0) (00)    ;(00000000) (0) (0) (00)   ;(00000000) (0) (0) (00)   ;(00000000) (0) (0) (00)   ;(00000000) (0) (0) (00)   ;(00000000) (0) (0) (00)   ;(00000000) (0) (0) (00)   ;(00000000) (0) (0) (00)   ;
;1576;(00000000) (0) (0) (00)    ;(00000000) (0) (0) (00)   ;(00000000) (0) (0) (00)   ;(00000000) (0) (0) (00)   ;(00000000) (0) (0) (00)   ;(00000000) (0) (0) (00)   ;(00000000) (0) (0) (00)   ;(00000000) (0) (0) (00)   ;
;1584;(00000000) (0) (0) (00)    ;(00000000) (0) (0) (00)   ;(00000000) (0) (0) (00)   ;(00000000) (0) (0) (00)   ;(00000000) (0) (0) (00)   ;(00000000) (0) (0) (00)   ;(00000000) (0) (0) (00)   ;(00000000) (0) (0) (00)   ;
;1592;(00000000) (0) (0) (00)    ;(00000000) (0) (0) (00)   ;(00000000) (0) (0) (00)   ;(00000000) (0) (0) (00)   ;(00000000) (0) (0) (00)   ;(00000000) (0) (0) (00)   ;(00000000) (0) (0) (00)   ;(00000000) (0) (0) (00)   ;
;1600;(00000000) (0) (0) (00)    ;(00000000) (0) (0) (00)   ;(00000000) (0) (0) (00)   ;(00000000) (0) (0) (00)   ;(00000000) (0) (0) (00)   ;(00000000) (0) (0) (00)   ;(00000000) (0) (0) (00)   ;(00000000) (0) (0) (00)   ;
;1608;(00000000) (0) (0) (00)    ;(00000000) (0) (0) (00)   ;(00000000) (0) (0) (00)   ;(00000000) (0) (0) (00)   ;(00000000) (0) (0) (00)   ;(00000000) (0) (0) (00)   ;(00000000) (0) (0) (00)   ;(00000000) (0) (0) (00)   ;
;1616;(00000000) (0) (0) (00)    ;(00000000) (0) (0) (00)   ;(00000000) (0) (0) (00)   ;(00000000) (0) (0) (00)   ;(00000000) (0) (0) (00)   ;(00000000) (0) (0) (00)   ;(00000000) (0) (0) (00)   ;(00000000) (0) (0) (00)   ;
;1624;(00000000) (0) (0) (00)    ;(00000000) (0) (0) (00)   ;(00000000) (0) (0) (00)   ;(00000000) (0) (0) (00)   ;(00000000) (0) (0) (00)   ;(00000000) (0) (0) (00)   ;(00000000) (0) (0) (00)   ;(00000000) (0) (0) (00)   ;
;1632;(00000000) (0) (0) (00)    ;(00000000) (0) (0) (00)   ;(00000000) (0) (0) (00)   ;(00000000) (0) (0) (00)   ;(00000000) (0) (0) (00)   ;(00000000) (0) (0) (00)   ;(00000000) (0) (0) (00)   ;(00000000) (0) (0) (00)   ;
;1640;(00000000) (0) (0) (00)    ;(00000000) (0) (0) (00)   ;(00000000) (0) (0) (00)   ;(00000000) (0) (0) (00)   ;(00000000) (0) (0) (00)   ;(00000000) (0) (0) (00)   ;(00000000) (0) (0) (00)   ;(00000000) (0) (0) (00)   ;
;1648;(00000000) (0) (0) (00)    ;(00000000) (0) (0) (00)   ;(00000000) (0) (0) (00)   ;(00000000) (0) (0) (00)   ;(00000000) (0) (0) (00)   ;(00000000) (0) (0) (00)   ;(00000000) (0) (0) (00)   ;(00000000) (0) (0) (00)   ;
;1656;(00000000) (0) (0) (00)    ;(00000000) (0) (0) (00)   ;(00000000) (0) (0) (00)   ;(00000000) (0) (0) (00)   ;(00000000) (0) (0) (00)   ;(00000000) (0) (0) (00)   ;(00000000) (0) (0) (00)   ;(00000000) (0) (0) (00)   ;
;1664;(00000000) (0) (0) (00)    ;(00000000) (0) (0) (00)   ;(00000000) (0) (0) (00)   ;(00000000) (0) (0) (00)   ;(00000000) (0) (0) (00)   ;(00000000) (0) (0) (00)   ;(00000000) (0) (0) (00)   ;(00000000) (0) (0) (00)   ;
;1672;(00000000) (0) (0) (00)    ;(00000000) (0) (0) (00)   ;(00000000) (0) (0) (00)   ;(00000000) (0) (0) (00)   ;(00000000) (0) (0) (00)   ;(00000000) (0) (0) (00)   ;(00000000) (0) (0) (00)   ;(00000000) (0) (0) (00)   ;
;1680;(00000000) (0) (0) (00)    ;(00000000) (0) (0) (00)   ;(00000000) (0) (0) (00)   ;(00000000) (0) (0) (00)   ;(00000000) (0) (0) (00)   ;(00000000) (0) (0) (00)   ;(00000000) (0) (0) (00)   ;(00000000) (0) (0) (00)   ;
;1688;(00000000) (0) (0) (00)    ;(00000000) (0) (0) (00)   ;(00000000) (0) (0) (00)   ;(00000000) (0) (0) (00)   ;(00000000) (0) (0) (00)   ;(00000000) (0) (0) (00)   ;(00000000) (0) (0) (00)   ;(00000000) (0) (0) (00)   ;
;1696;(00000000) (0) (0) (00)    ;(00000000) (0) (0) (00)   ;(00000000) (0) (0) (00)   ;(00000000) (0) (0) (00)   ;(00000000) (0) (0) (00)   ;(00000000) (0) (0) (00)   ;(00000000) (0) (0) (00)   ;(00000000) (0) (0) (00)   ;
;1704;(00000000) (0) (0) (00)    ;(00000000) (0) (0) (00)   ;(00000000) (0) (0) (00)   ;(00000000) (0) (0) (00)   ;(00000000) (0) (0) (00)   ;(00000000) (0) (0) (00)   ;(00000000) (0) (0) (00)   ;(00000000) (0) (0) (00)   ;
;1712;(00000000) (0) (0) (00)    ;(00000000) (0) (0) (00)   ;(00000000) (0) (0) (00)   ;(00000000) (0) (0) (00)   ;(00000000) (0) (0) (00)   ;(00000000) (0) (0) (00)   ;(00000000) (0) (0) (00)   ;(00000000) (0) (0) (00)   ;
;1720;(00000000) (0) (0) (00)    ;(00000000) (0) (0) (00)   ;(00000000) (0) (0) (00)   ;(00000000) (0) (0) (00)   ;(00000000) (0) (0) (00)   ;(00000000) (0) (0) (00)   ;(00000000) (0) (0) (00)   ;(00000000) (0) (0) (00)   ;
;1728;(00000000) (0) (0) (00)    ;(00000000) (0) (0) (00)   ;(00000000) (0) (0) (00)   ;(00000000) (0) (0) (00)   ;(00000000) (0) (0) (00)   ;(00000000) (0) (0) (00)   ;(00000000) (0) (0) (00)   ;(00000000) (0) (0) (00)   ;
;1736;(00000000) (0) (0) (00)    ;(00000000) (0) (0) (00)   ;(00000000) (0) (0) (00)   ;(00000000) (0) (0) (00)   ;(00000000) (0) (0) (00)   ;(00000000) (0) (0) (00)   ;(00000000) (0) (0) (00)   ;(00000000) (0) (0) (00)   ;
;1744;(00000000) (0) (0) (00)    ;(00000000) (0) (0) (00)   ;(00000000) (0) (0) (00)   ;(00000000) (0) (0) (00)   ;(00000000) (0) (0) (00)   ;(00000000) (0) (0) (00)   ;(00000000) (0) (0) (00)   ;(00000000) (0) (0) (00)   ;
;1752;(00000000) (0) (0) (00)    ;(00000000) (0) (0) (00)   ;(00000000) (0) (0) (00)   ;(00000000) (0) (0) (00)   ;(00000000) (0) (0) (00)   ;(00000000) (0) (0) (00)   ;(00000000) (0) (0) (00)   ;(00000000) (0) (0) (00)   ;
;1760;(00000000) (0) (0) (00)    ;(00000000) (0) (0) (00)   ;(00000000) (0) (0) (00)   ;(00000000) (0) (0) (00)   ;(00000000) (0) (0) (00)   ;(00000000) (0) (0) (00)   ;(00000000) (0) (0) (00)   ;(00000000) (0) (0) (00)   ;
;1768;(00000000) (0) (0) (00)    ;(00000000) (0) (0) (00)   ;(00000000) (0) (0) (00)   ;(00000000) (0) (0) (00)   ;(00000000) (0) (0) (00)   ;(00000000) (0) (0) (00)   ;(00000000) (0) (0) (00)   ;(00000000) (0) (0) (00)   ;
;1776;(00000000) (0) (0) (00)    ;(00000000) (0) (0) (00)   ;(00000000) (0) (0) (00)   ;(00000000) (0) (0) (00)   ;(00000000) (0) (0) (00)   ;(00000000) (0) (0) (00)   ;(00000000) (0) (0) (00)   ;(00000000) (0) (0) (00)   ;
;1784;(00000000) (0) (0) (00)    ;(00000000) (0) (0) (00)   ;(00000000) (0) (0) (00)   ;(00000000) (0) (0) (00)   ;(00000000) (0) (0) (00)   ;(00000000) (0) (0) (00)   ;(00000000) (0) (0) (00)   ;(00000000) (0) (0) (00)   ;
;1792;(00000000) (0) (0) (00)    ;(00000000) (0) (0) (00)   ;(00000000) (0) (0) (00)   ;(00000000) (0) (0) (00)   ;(00000000) (0) (0) (00)   ;(00000000) (0) (0) (00)   ;(00000000) (0) (0) (00)   ;(00000000) (0) (0) (00)   ;
;1800;(00000000) (0) (0) (00)    ;(00000000) (0) (0) (00)   ;(00000000) (0) (0) (00)   ;(00000000) (0) (0) (00)   ;(00000000) (0) (0) (00)   ;(00000000) (0) (0) (00)   ;(00000000) (0) (0) (00)   ;(00000000) (0) (0) (00)   ;
;1808;(00000000) (0) (0) (00)    ;(00000000) (0) (0) (00)   ;(00000000) (0) (0) (00)   ;(00000000) (0) (0) (00)   ;(00000000) (0) (0) (00)   ;(00000000) (0) (0) (00)   ;(00000000) (0) (0) (00)   ;(00000000) (0) (0) (00)   ;
;1816;(00000000) (0) (0) (00)    ;(00000000) (0) (0) (00)   ;(00000000) (0) (0) (00)   ;(00000000) (0) (0) (00)   ;(00000000) (0) (0) (00)   ;(00000000) (0) (0) (00)   ;(00000000) (0) (0) (00)   ;(00000000) (0) (0) (00)   ;
;1824;(00000000) (0) (0) (00)    ;(00000000) (0) (0) (00)   ;(00000000) (0) (0) (00)   ;(00000000) (0) (0) (00)   ;(00000000) (0) (0) (00)   ;(00000000) (0) (0) (00)   ;(00000000) (0) (0) (00)   ;(00000000) (0) (0) (00)   ;
;1832;(00000000) (0) (0) (00)    ;(00000000) (0) (0) (00)   ;(00000000) (0) (0) (00)   ;(00000000) (0) (0) (00)   ;(00000000) (0) (0) (00)   ;(00000000) (0) (0) (00)   ;(00000000) (0) (0) (00)   ;(00000000) (0) (0) (00)   ;
;1840;(00000000) (0) (0) (00)    ;(00000000) (0) (0) (00)   ;(00000000) (0) (0) (00)   ;(00000000) (0) (0) (00)   ;(00000000) (0) (0) (00)   ;(00000000) (0) (0) (00)   ;(00000000) (0) (0) (00)   ;(00000000) (0) (0) (00)   ;
;1848;(00000000) (0) (0) (00)    ;(00000000) (0) (0) (00)   ;(00000000) (0) (0) (00)   ;(00000000) (0) (0) (00)   ;(00000000) (0) (0) (00)   ;(00000000) (0) (0) (00)   ;(00000000) (0) (0) (00)   ;(00000000) (0) (0) (00)   ;
;1856;(00000000) (0) (0) (00)    ;(00000000) (0) (0) (00)   ;(00000000) (0) (0) (00)   ;(00000000) (0) (0) (00)   ;(00000000) (0) (0) (00)   ;(00000000) (0) (0) (00)   ;(00000000) (0) (0) (00)   ;(00000000) (0) (0) (00)   ;
;1864;(00000000) (0) (0) (00)    ;(00000000) (0) (0) (00)   ;(00000000) (0) (0) (00)   ;(00000000) (0) (0) (00)   ;(00000000) (0) (0) (00)   ;(00000000) (0) (0) (00)   ;(00000000) (0) (0) (00)   ;(00000000) (0) (0) (00)   ;
;1872;(00000000) (0) (0) (00)    ;(00000000) (0) (0) (00)   ;(00000000) (0) (0) (00)   ;(00000000) (0) (0) (00)   ;(00000000) (0) (0) (00)   ;(00000000) (0) (0) (00)   ;(00000000) (0) (0) (00)   ;(00000000) (0) (0) (00)   ;
;1880;(00000000) (0) (0) (00)    ;(00000000) (0) (0) (00)   ;(00000000) (0) (0) (00)   ;(00000000) (0) (0) (00)   ;(00000000) (0) (0) (00)   ;(00000000) (0) (0) (00)   ;(00000000) (0) (0) (00)   ;(00000000) (0) (0) (00)   ;
;1888;(00000000) (0) (0) (00)    ;(00000000) (0) (0) (00)   ;(00000000) (0) (0) (00)   ;(00000000) (0) (0) (00)   ;(00000000) (0) (0) (00)   ;(00000000) (0) (0) (00)   ;(00000000) (0) (0) (00)   ;(00000000) (0) (0) (00)   ;
;1896;(00000000) (0) (0) (00)    ;(00000000) (0) (0) (00)   ;(00000000) (0) (0) (00)   ;(00000000) (0) (0) (00)   ;(00000000) (0) (0) (00)   ;(00000000) (0) (0) (00)   ;(00000000) (0) (0) (00)   ;(00000000) (0) (0) (00)   ;
;1904;(00000000) (0) (0) (00)    ;(00000000) (0) (0) (00)   ;(00000000) (0) (0) (00)   ;(00000000) (0) (0) (00)   ;(00000000) (0) (0) (00)   ;(00000000) (0) (0) (00)   ;(00000000) (0) (0) (00)   ;(00000000) (0) (0) (00)   ;
;1912;(00000000) (0) (0) (00)    ;(00000000) (0) (0) (00)   ;(00000000) (0) (0) (00)   ;(00000000) (0) (0) (00)   ;(00000000) (0) (0) (00)   ;(00000000) (0) (0) (00)   ;(00000000) (0) (0) (00)   ;(00000000) (0) (0) (00)   ;
;1920;(00000000) (0) (0) (00)    ;(00000000) (0) (0) (00)   ;(00000000) (0) (0) (00)   ;(00000000) (0) (0) (00)   ;(00000000) (0) (0) (00)   ;(00000000) (0) (0) (00)   ;(00000000) (0) (0) (00)   ;(00000000) (0) (0) (00)   ;
;1928;(00000000) (0) (0) (00)    ;(00000000) (0) (0) (00)   ;(00000000) (0) (0) (00)   ;(00000000) (0) (0) (00)   ;(00000000) (0) (0) (00)   ;(00000000) (0) (0) (00)   ;(00000000) (0) (0) (00)   ;(00000000) (0) (0) (00)   ;
;1936;(00000000) (0) (0) (00)    ;(00000000) (0) (0) (00)   ;(00000000) (0) (0) (00)   ;(00000000) (0) (0) (00)   ;(00000000) (0) (0) (00)   ;(00000000) (0) (0) (00)   ;(00000000) (0) (0) (00)   ;(00000000) (0) (0) (00)   ;
;1944;(00000000) (0) (0) (00)    ;(00000000) (0) (0) (00)   ;(00000000) (0) (0) (00)   ;(00000000) (0) (0) (00)   ;(00000000) (0) (0) (00)   ;(00000000) (0) (0) (00)   ;(00000000) (0) (0) (00)   ;(00000000) (0) (0) (00)   ;
;1952;(00000000) (0) (0) (00)    ;(00000000) (0) (0) (00)   ;(00000000) (0) (0) (00)   ;(00000000) (0) (0) (00)   ;(00000000) (0) (0) (00)   ;(00000000) (0) (0) (00)   ;(00000000) (0) (0) (00)   ;(00000000) (0) (0) (00)   ;
;1960;(00000000) (0) (0) (00)    ;(00000000) (0) (0) (00)   ;(00000000) (0) (0) (00)   ;(00000000) (0) (0) (00)   ;(00000000) (0) (0) (00)   ;(00000000) (0) (0) (00)   ;(00000000) (0) (0) (00)   ;(00000000) (0) (0) (00)   ;
;1968;(00000000) (0) (0) (00)    ;(00000000) (0) (0) (00)   ;(00000000) (0) (0) (00)   ;(00000000) (0) (0) (00)   ;(00000000) (0) (0) (00)   ;(00000000) (0) (0) (00)   ;(00000000) (0) (0) (00)   ;(00000000) (0) (0) (00)   ;
;1976;(00000000) (0) (0) (00)    ;(00000000) (0) (0) (00)   ;(00000000) (0) (0) (00)   ;(00000000) (0) (0) (00)   ;(00000000) (0) (0) (00)   ;(00000000) (0) (0) (00)   ;(00000000) (0) (0) (00)   ;(00000000) (0) (0) (00)   ;
;1984;(00000000) (0) (0) (00)    ;(00000000) (0) (0) (00)   ;(00000000) (0) (0) (00)   ;(00000000) (0) (0) (00)   ;(00000000) (0) (0) (00)   ;(00000000) (0) (0) (00)   ;(00000000) (0) (0) (00)   ;(00000000) (0) (0) (00)   ;
;1992;(00000000) (0) (0) (00)    ;(00000000) (0) (0) (00)   ;(00000000) (0) (0) (00)   ;(00000000) (0) (0) (00)   ;(00000000) (0) (0) (00)   ;(00000000) (0) (0) (00)   ;(00000000) (0) (0) (00)   ;(00000000) (0) (0) (00)   ;
;2000;(00000000) (0) (0) (00)    ;(00000000) (0) (0) (00)   ;(00000000) (0) (0) (00)   ;(00000000) (0) (0) (00)   ;(00000000) (0) (0) (00)   ;(00000000) (0) (0) (00)   ;(00000000) (0) (0) (00)   ;(00000000) (0) (0) (00)   ;
;2008;(00000000) (0) (0) (00)    ;(00000000) (0) (0) (00)   ;(00000000) (0) (0) (00)   ;(00000000) (0) (0) (00)   ;(00000000) (0) (0) (00)   ;(00000000) (0) (0) (00)   ;(00000000) (0) (0) (00)   ;(00000000) (0) (0) (00)   ;
;2016;(00000000) (0) (0) (00)    ;(00000000) (0) (0) (00)   ;(00000000) (0) (0) (00)   ;(00000000) (0) (0) (00)   ;(00000000) (0) (0) (00)   ;(00000000) (0) (0) (00)   ;(00000000) (0) (0) (00)   ;(00000000) (0) (0) (00)   ;
;2024;(00000000) (0) (0) (00)    ;(00000000) (0) (0) (00)   ;(00000000) (0) (0) (00)   ;(00000000) (0) (0) (00)   ;(00000000) (0) (0) (00)   ;(00000000) (0) (0) (00)   ;(00000000) (0) (0) (00)   ;(00000000) (0) (0) (00)   ;
;2032;(00000000) (0) (0) (00)    ;(00000000) (0) (0) (00)   ;(00000000) (0) (0) (00)   ;(00000000) (0) (0) (00)   ;(00000000) (0) (0) (00)   ;(00000000) (0) (0) (00)   ;(00000000) (0) (0) (00)   ;(00000000) (0) (0) (00)   ;
;2040;(00000000) (0) (0) (00)    ;(00000000) (0) (0) (00)   ;(00000000) (0) (0) (00)   ;(00000000) (0) (0) (00)   ;(00000000) (0) (0) (00)   ;(00000000) (0) (0) (00)   ;(00000000) (0) (0) (00)   ;(00000000) (0) (0) (00)   ;


RAM content values are presented in the following format: (Binary) (Octal) (Decimal) (Hexadecimal) 
+------------------------------------------------------------------------------------------------------------------------------------------------------------------------------------------------------------------------------------------------------------------+
; |top|picosoc:soc_core|picosoc_mem:memory|altsyncram:mem1_rtl_0|altsyncram_ale1:auto_generated|ALTSYNCRAM                                                                                                                                                         ;
+------------------------------------------------------------------------------------------------------------------------------------------------------------------------------------------------------------------------------------------------------------------+
;   Addr   ;              +0              ;              +1              ;              +2              ;              +3              ;              +4              ;              +5              ;              +6              ;              +7              ;
+----------+------------------------------+------------------------------+------------------------------+------------------------------+------------------------------+------------------------------+------------------------------+------------------------------+
;0;(00100001) (41) (33) (21)    ;(00000000) (0) (0) (00)   ;(00000000) (0) (0) (00)   ;(00000001) (1) (1) (01)   ;(00100110) (46) (38) (26)   ;(00000000) (0) (0) (00)   ;(00100111) (47) (39) (27)   ;(10000111) (207) (135) (87)   ;
;8;(00101110) (56) (46) (2E)    ;(00100111) (47) (39) (27)   ;(00010111) (27) (23) (17)   ;(10000111) (207) (135) (87)   ;(11010100) (324) (212) (D4)   ;(00100111) (47) (39) (27)   ;(10000111) (207) (135) (87)   ;(00100110) (46) (38) (26)   ;
;16;(10000110) (206) (134) (86)    ;(00101110) (56) (46) (2E)   ;(11110000) (360) (240) (F0)   ;(00000001) (1) (1) (01)   ;(10000000) (200) (128) (80)   ;(00000001) (1) (1) (01)   ;(00100110) (46) (38) (26)   ;(00100100) (44) (36) (24)   ;
;24;(00000100) (4) (4) (04)    ;(00000111) (7) (7) (07)   ;(00100000) (40) (32) (20)   ;(00000101) (5) (5) (05)   ;(11110000) (360) (240) (F0)   ;(00100000) (40) (32) (20)   ;(00000101) (5) (5) (05)   ;(11110000) (360) (240) (F0)   ;
;32;(11110000) (360) (240) (F0)    ;(00000000) (0) (0) (00)   ;(00000000) (0) (0) (00)   ;(00000000) (0) (0) (00)   ;(00000000) (0) (0) (00)   ;(00000000) (0) (0) (00)   ;(00000000) (0) (0) (00)   ;(00000000) (0) (0) (00)   ;
;40;(00000000) (0) (0) (00)    ;(00000000) (0) (0) (00)   ;(00000000) (0) (0) (00)   ;(00000000) (0) (0) (00)   ;(00000000) (0) (0) (00)   ;(00000000) (0) (0) (00)   ;(00000000) (0) (0) (00)   ;(00000000) (0) (0) (00)   ;
;48;(00000000) (0) (0) (00)    ;(00000000) (0) (0) (00)   ;(00000000) (0) (0) (00)   ;(00000000) (0) (0) (00)   ;(00000000) (0) (0) (00)   ;(00000000) (0) (0) (00)   ;(00000000) (0) (0) (00)   ;(00000000) (0) (0) (00)   ;
;56;(00000000) (0) (0) (00)    ;(00000000) (0) (0) (00)   ;(00000000) (0) (0) (00)   ;(00000000) (0) (0) (00)   ;(00000000) (0) (0) (00)   ;(00000000) (0) (0) (00)   ;(00000000) (0) (0) (00)   ;(00000000) (0) (0) (00)   ;
;64;(00000000) (0) (0) (00)    ;(00000000) (0) (0) (00)   ;(00000000) (0) (0) (00)   ;(00000000) (0) (0) (00)   ;(00000000) (0) (0) (00)   ;(00000000) (0) (0) (00)   ;(00000000) (0) (0) (00)   ;(00000000) (0) (0) (00)   ;
;72;(00000000) (0) (0) (00)    ;(00000000) (0) (0) (00)   ;(00000000) (0) (0) (00)   ;(00000000) (0) (0) (00)   ;(00000000) (0) (0) (00)   ;(00000000) (0) (0) (00)   ;(00000000) (0) (0) (00)   ;(00000000) (0) (0) (00)   ;
;80;(00000000) (0) (0) (00)    ;(00000000) (0) (0) (00)   ;(00000000) (0) (0) (00)   ;(00000000) (0) (0) (00)   ;(00000000) (0) (0) (00)   ;(00000000) (0) (0) (00)   ;(00000000) (0) (0) (00)   ;(00000000) (0) (0) (00)   ;
;88;(00000000) (0) (0) (00)    ;(00000000) (0) (0) (00)   ;(00000000) (0) (0) (00)   ;(00000000) (0) (0) (00)   ;(00000000) (0) (0) (00)   ;(00000000) (0) (0) (00)   ;(00000000) (0) (0) (00)   ;(00000000) (0) (0) (00)   ;
;96;(00000000) (0) (0) (00)    ;(00000000) (0) (0) (00)   ;(00000000) (0) (0) (00)   ;(00000000) (0) (0) (00)   ;(00000000) (0) (0) (00)   ;(00000000) (0) (0) (00)   ;(00000000) (0) (0) (00)   ;(00000000) (0) (0) (00)   ;
;104;(00000000) (0) (0) (00)    ;(00000000) (0) (0) (00)   ;(00000000) (0) (0) (00)   ;(00000000) (0) (0) (00)   ;(00000000) (0) (0) (00)   ;(00000000) (0) (0) (00)   ;(00000000) (0) (0) (00)   ;(00000000) (0) (0) (00)   ;
;112;(00000000) (0) (0) (00)    ;(00000000) (0) (0) (00)   ;(00000000) (0) (0) (00)   ;(00000000) (0) (0) (00)   ;(00000000) (0) (0) (00)   ;(00000000) (0) (0) (00)   ;(00000000) (0) (0) (00)   ;(00000000) (0) (0) (00)   ;
;120;(00000000) (0) (0) (00)    ;(00000000) (0) (0) (00)   ;(00000000) (0) (0) (00)   ;(00000000) (0) (0) (00)   ;(00000000) (0) (0) (00)   ;(00000000) (0) (0) (00)   ;(00000000) (0) (0) (00)   ;(00000000) (0) (0) (00)   ;
;128;(00000000) (0) (0) (00)    ;(00000000) (0) (0) (00)   ;(00000000) (0) (0) (00)   ;(00000000) (0) (0) (00)   ;(00000000) (0) (0) (00)   ;(00000000) (0) (0) (00)   ;(00000000) (0) (0) (00)   ;(00000000) (0) (0) (00)   ;
;136;(00000000) (0) (0) (00)    ;(00000000) (0) (0) (00)   ;(00000000) (0) (0) (00)   ;(00000000) (0) (0) (00)   ;(00000000) (0) (0) (00)   ;(00000000) (0) (0) (00)   ;(00000000) (0) (0) (00)   ;(00000000) (0) (0) (00)   ;
;144;(00000000) (0) (0) (00)    ;(00000000) (0) (0) (00)   ;(00000000) (0) (0) (00)   ;(00000000) (0) (0) (00)   ;(00000000) (0) (0) (00)   ;(00000000) (0) (0) (00)   ;(00000000) (0) (0) (00)   ;(00000000) (0) (0) (00)   ;
;152;(00000000) (0) (0) (00)    ;(00000000) (0) (0) (00)   ;(00000000) (0) (0) (00)   ;(00000000) (0) (0) (00)   ;(00000000) (0) (0) (00)   ;(00000000) (0) (0) (00)   ;(00000000) (0) (0) (00)   ;(00000000) (0) (0) (00)   ;
;160;(00000000) (0) (0) (00)    ;(00000000) (0) (0) (00)   ;(00000000) (0) (0) (00)   ;(00000000) (0) (0) (00)   ;(00000000) (0) (0) (00)   ;(00000000) (0) (0) (00)   ;(00000000) (0) (0) (00)   ;(00000000) (0) (0) (00)   ;
;168;(00000000) (0) (0) (00)    ;(00000000) (0) (0) (00)   ;(00000000) (0) (0) (00)   ;(00000000) (0) (0) (00)   ;(00000000) (0) (0) (00)   ;(00000000) (0) (0) (00)   ;(00000000) (0) (0) (00)   ;(00000000) (0) (0) (00)   ;
;176;(00000000) (0) (0) (00)    ;(00000000) (0) (0) (00)   ;(00000000) (0) (0) (00)   ;(00000000) (0) (0) (00)   ;(00000000) (0) (0) (00)   ;(00000000) (0) (0) (00)   ;(00000000) (0) (0) (00)   ;(00000000) (0) (0) (00)   ;
;184;(00000000) (0) (0) (00)    ;(00000000) (0) (0) (00)   ;(00000000) (0) (0) (00)   ;(00000000) (0) (0) (00)   ;(00000000) (0) (0) (00)   ;(00000000) (0) (0) (00)   ;(00000000) (0) (0) (00)   ;(00000000) (0) (0) (00)   ;
;192;(00000000) (0) (0) (00)    ;(00000000) (0) (0) (00)   ;(00000000) (0) (0) (00)   ;(00000000) (0) (0) (00)   ;(00000000) (0) (0) (00)   ;(00000000) (0) (0) (00)   ;(00000000) (0) (0) (00)   ;(00000000) (0) (0) (00)   ;
;200;(00000000) (0) (0) (00)    ;(00000000) (0) (0) (00)   ;(00000000) (0) (0) (00)   ;(00000000) (0) (0) (00)   ;(00000000) (0) (0) (00)   ;(00000000) (0) (0) (00)   ;(00000000) (0) (0) (00)   ;(00000000) (0) (0) (00)   ;
;208;(00000000) (0) (0) (00)    ;(00000000) (0) (0) (00)   ;(00000000) (0) (0) (00)   ;(00000000) (0) (0) (00)   ;(00000000) (0) (0) (00)   ;(00000000) (0) (0) (00)   ;(00000000) (0) (0) (00)   ;(00000000) (0) (0) (00)   ;
;216;(00000000) (0) (0) (00)    ;(00000000) (0) (0) (00)   ;(00000000) (0) (0) (00)   ;(00000000) (0) (0) (00)   ;(00000000) (0) (0) (00)   ;(00000000) (0) (0) (00)   ;(00000000) (0) (0) (00)   ;(00000000) (0) (0) (00)   ;
;224;(00000000) (0) (0) (00)    ;(00000000) (0) (0) (00)   ;(00000000) (0) (0) (00)   ;(00000000) (0) (0) (00)   ;(00000000) (0) (0) (00)   ;(00000000) (0) (0) (00)   ;(00000000) (0) (0) (00)   ;(00000000) (0) (0) (00)   ;
;232;(00000000) (0) (0) (00)    ;(00000000) (0) (0) (00)   ;(00000000) (0) (0) (00)   ;(00000000) (0) (0) (00)   ;(00000000) (0) (0) (00)   ;(00000000) (0) (0) (00)   ;(00000000) (0) (0) (00)   ;(00000000) (0) (0) (00)   ;
;240;(00000000) (0) (0) (00)    ;(00000000) (0) (0) (00)   ;(00000000) (0) (0) (00)   ;(00000000) (0) (0) (00)   ;(00000000) (0) (0) (00)   ;(00000000) (0) (0) (00)   ;(00000000) (0) (0) (00)   ;(00000000) (0) (0) (00)   ;
;248;(00000000) (0) (0) (00)    ;(00000000) (0) (0) (00)   ;(00000000) (0) (0) (00)   ;(00000000) (0) (0) (00)   ;(00000000) (0) (0) (00)   ;(00000000) (0) (0) (00)   ;(00000000) (0) (0) (00)   ;(00000000) (0) (0) (00)   ;
;256;(00000000) (0) (0) (00)    ;(00000000) (0) (0) (00)   ;(00000000) (0) (0) (00)   ;(00000000) (0) (0) (00)   ;(00000000) (0) (0) (00)   ;(00000000) (0) (0) (00)   ;(00000000) (0) (0) (00)   ;(00000000) (0) (0) (00)   ;
;264;(00000000) (0) (0) (00)    ;(00000000) (0) (0) (00)   ;(00000000) (0) (0) (00)   ;(00000000) (0) (0) (00)   ;(00000000) (0) (0) (00)   ;(00000000) (0) (0) (00)   ;(00000000) (0) (0) (00)   ;(00000000) (0) (0) (00)   ;
;272;(00000000) (0) (0) (00)    ;(00000000) (0) (0) (00)   ;(00000000) (0) (0) (00)   ;(00000000) (0) (0) (00)   ;(00000000) (0) (0) (00)   ;(00000000) (0) (0) (00)   ;(00000000) (0) (0) (00)   ;(00000000) (0) (0) (00)   ;
;280;(00000000) (0) (0) (00)    ;(00000000) (0) (0) (00)   ;(00000000) (0) (0) (00)   ;(00000000) (0) (0) (00)   ;(00000000) (0) (0) (00)   ;(00000000) (0) (0) (00)   ;(00000000) (0) (0) (00)   ;(00000000) (0) (0) (00)   ;
;288;(00000000) (0) (0) (00)    ;(00000000) (0) (0) (00)   ;(00000000) (0) (0) (00)   ;(00000000) (0) (0) (00)   ;(00000000) (0) (0) (00)   ;(00000000) (0) (0) (00)   ;(00000000) (0) (0) (00)   ;(00000000) (0) (0) (00)   ;
;296;(00000000) (0) (0) (00)    ;(00000000) (0) (0) (00)   ;(00000000) (0) (0) (00)   ;(00000000) (0) (0) (00)   ;(00000000) (0) (0) (00)   ;(00000000) (0) (0) (00)   ;(00000000) (0) (0) (00)   ;(00000000) (0) (0) (00)   ;
;304;(00000000) (0) (0) (00)    ;(00000000) (0) (0) (00)   ;(00000000) (0) (0) (00)   ;(00000000) (0) (0) (00)   ;(00000000) (0) (0) (00)   ;(00000000) (0) (0) (00)   ;(00000000) (0) (0) (00)   ;(00000000) (0) (0) (00)   ;
;312;(00000000) (0) (0) (00)    ;(00000000) (0) (0) (00)   ;(00000000) (0) (0) (00)   ;(00000000) (0) (0) (00)   ;(00000000) (0) (0) (00)   ;(00000000) (0) (0) (00)   ;(00000000) (0) (0) (00)   ;(00000000) (0) (0) (00)   ;
;320;(00000000) (0) (0) (00)    ;(00000000) (0) (0) (00)   ;(00000000) (0) (0) (00)   ;(00000000) (0) (0) (00)   ;(00000000) (0) (0) (00)   ;(00000000) (0) (0) (00)   ;(00000000) (0) (0) (00)   ;(00000000) (0) (0) (00)   ;
;328;(00000000) (0) (0) (00)    ;(00000000) (0) (0) (00)   ;(00000000) (0) (0) (00)   ;(00000000) (0) (0) (00)   ;(00000000) (0) (0) (00)   ;(00000000) (0) (0) (00)   ;(00000000) (0) (0) (00)   ;(00000000) (0) (0) (00)   ;
;336;(00000000) (0) (0) (00)    ;(00000000) (0) (0) (00)   ;(00000000) (0) (0) (00)   ;(00000000) (0) (0) (00)   ;(00000000) (0) (0) (00)   ;(00000000) (0) (0) (00)   ;(00000000) (0) (0) (00)   ;(00000000) (0) (0) (00)   ;
;344;(00000000) (0) (0) (00)    ;(00000000) (0) (0) (00)   ;(00000000) (0) (0) (00)   ;(00000000) (0) (0) (00)   ;(00000000) (0) (0) (00)   ;(00000000) (0) (0) (00)   ;(00000000) (0) (0) (00)   ;(00000000) (0) (0) (00)   ;
;352;(00000000) (0) (0) (00)    ;(00000000) (0) (0) (00)   ;(00000000) (0) (0) (00)   ;(00000000) (0) (0) (00)   ;(00000000) (0) (0) (00)   ;(00000000) (0) (0) (00)   ;(00000000) (0) (0) (00)   ;(00000000) (0) (0) (00)   ;
;360;(00000000) (0) (0) (00)    ;(00000000) (0) (0) (00)   ;(00000000) (0) (0) (00)   ;(00000000) (0) (0) (00)   ;(00000000) (0) (0) (00)   ;(00000000) (0) (0) (00)   ;(00000000) (0) (0) (00)   ;(00000000) (0) (0) (00)   ;
;368;(00000000) (0) (0) (00)    ;(00000000) (0) (0) (00)   ;(00000000) (0) (0) (00)   ;(00000000) (0) (0) (00)   ;(00000000) (0) (0) (00)   ;(00000000) (0) (0) (00)   ;(00000000) (0) (0) (00)   ;(00000000) (0) (0) (00)   ;
;376;(00000000) (0) (0) (00)    ;(00000000) (0) (0) (00)   ;(00000000) (0) (0) (00)   ;(00000000) (0) (0) (00)   ;(00000000) (0) (0) (00)   ;(00000000) (0) (0) (00)   ;(00000000) (0) (0) (00)   ;(00000000) (0) (0) (00)   ;
;384;(00000000) (0) (0) (00)    ;(00000000) (0) (0) (00)   ;(00000000) (0) (0) (00)   ;(00000000) (0) (0) (00)   ;(00000000) (0) (0) (00)   ;(00000000) (0) (0) (00)   ;(00000000) (0) (0) (00)   ;(00000000) (0) (0) (00)   ;
;392;(00000000) (0) (0) (00)    ;(00000000) (0) (0) (00)   ;(00000000) (0) (0) (00)   ;(00000000) (0) (0) (00)   ;(00000000) (0) (0) (00)   ;(00000000) (0) (0) (00)   ;(00000000) (0) (0) (00)   ;(00000000) (0) (0) (00)   ;
;400;(00000000) (0) (0) (00)    ;(00000000) (0) (0) (00)   ;(00000000) (0) (0) (00)   ;(00000000) (0) (0) (00)   ;(00000000) (0) (0) (00)   ;(00000000) (0) (0) (00)   ;(00000000) (0) (0) (00)   ;(00000000) (0) (0) (00)   ;
;408;(00000000) (0) (0) (00)    ;(00000000) (0) (0) (00)   ;(00000000) (0) (0) (00)   ;(00000000) (0) (0) (00)   ;(00000000) (0) (0) (00)   ;(00000000) (0) (0) (00)   ;(00000000) (0) (0) (00)   ;(00000000) (0) (0) (00)   ;
;416;(00000000) (0) (0) (00)    ;(00000000) (0) (0) (00)   ;(00000000) (0) (0) (00)   ;(00000000) (0) (0) (00)   ;(00000000) (0) (0) (00)   ;(00000000) (0) (0) (00)   ;(00000000) (0) (0) (00)   ;(00000000) (0) (0) (00)   ;
;424;(00000000) (0) (0) (00)    ;(00000000) (0) (0) (00)   ;(00000000) (0) (0) (00)   ;(00000000) (0) (0) (00)   ;(00000000) (0) (0) (00)   ;(00000000) (0) (0) (00)   ;(00000000) (0) (0) (00)   ;(00000000) (0) (0) (00)   ;
;432;(00000000) (0) (0) (00)    ;(00000000) (0) (0) (00)   ;(00000000) (0) (0) (00)   ;(00000000) (0) (0) (00)   ;(00000000) (0) (0) (00)   ;(00000000) (0) (0) (00)   ;(00000000) (0) (0) (00)   ;(00000000) (0) (0) (00)   ;
;440;(00000000) (0) (0) (00)    ;(00000000) (0) (0) (00)   ;(00000000) (0) (0) (00)   ;(00000000) (0) (0) (00)   ;(00000000) (0) (0) (00)   ;(00000000) (0) (0) (00)   ;(00000000) (0) (0) (00)   ;(00000000) (0) (0) (00)   ;
;448;(00000000) (0) (0) (00)    ;(00000000) (0) (0) (00)   ;(00000000) (0) (0) (00)   ;(00000000) (0) (0) (00)   ;(00000000) (0) (0) (00)   ;(00000000) (0) (0) (00)   ;(00000000) (0) (0) (00)   ;(00000000) (0) (0) (00)   ;
;456;(00000000) (0) (0) (00)    ;(00000000) (0) (0) (00)   ;(00000000) (0) (0) (00)   ;(00000000) (0) (0) (00)   ;(00000000) (0) (0) (00)   ;(00000000) (0) (0) (00)   ;(00000000) (0) (0) (00)   ;(00000000) (0) (0) (00)   ;
;464;(00000000) (0) (0) (00)    ;(00000000) (0) (0) (00)   ;(00000000) (0) (0) (00)   ;(00000000) (0) (0) (00)   ;(00000000) (0) (0) (00)   ;(00000000) (0) (0) (00)   ;(00000000) (0) (0) (00)   ;(00000000) (0) (0) (00)   ;
;472;(00000000) (0) (0) (00)    ;(00000000) (0) (0) (00)   ;(00000000) (0) (0) (00)   ;(00000000) (0) (0) (00)   ;(00000000) (0) (0) (00)   ;(00000000) (0) (0) (00)   ;(00000000) (0) (0) (00)   ;(00000000) (0) (0) (00)   ;
;480;(00000000) (0) (0) (00)    ;(00000000) (0) (0) (00)   ;(00000000) (0) (0) (00)   ;(00000000) (0) (0) (00)   ;(00000000) (0) (0) (00)   ;(00000000) (0) (0) (00)   ;(00000000) (0) (0) (00)   ;(00000000) (0) (0) (00)   ;
;488;(00000000) (0) (0) (00)    ;(00000000) (0) (0) (00)   ;(00000000) (0) (0) (00)   ;(00000000) (0) (0) (00)   ;(00000000) (0) (0) (00)   ;(00000000) (0) (0) (00)   ;(00000000) (0) (0) (00)   ;(00000000) (0) (0) (00)   ;
;496;(00000000) (0) (0) (00)    ;(00000000) (0) (0) (00)   ;(00000000) (0) (0) (00)   ;(00000000) (0) (0) (00)   ;(00000000) (0) (0) (00)   ;(00000000) (0) (0) (00)   ;(00000000) (0) (0) (00)   ;(00000000) (0) (0) (00)   ;
;504;(00000000) (0) (0) (00)    ;(00000000) (0) (0) (00)   ;(00000000) (0) (0) (00)   ;(00000000) (0) (0) (00)   ;(00000000) (0) (0) (00)   ;(00000000) (0) (0) (00)   ;(00000000) (0) (0) (00)   ;(00000000) (0) (0) (00)   ;
;512;(00000000) (0) (0) (00)    ;(00000000) (0) (0) (00)   ;(00000000) (0) (0) (00)   ;(00000000) (0) (0) (00)   ;(00000000) (0) (0) (00)   ;(00000000) (0) (0) (00)   ;(00000000) (0) (0) (00)   ;(00000000) (0) (0) (00)   ;
;520;(00000000) (0) (0) (00)    ;(00000000) (0) (0) (00)   ;(00000000) (0) (0) (00)   ;(00000000) (0) (0) (00)   ;(00000000) (0) (0) (00)   ;(00000000) (0) (0) (00)   ;(00000000) (0) (0) (00)   ;(00000000) (0) (0) (00)   ;
;528;(00000000) (0) (0) (00)    ;(00000000) (0) (0) (00)   ;(00000000) (0) (0) (00)   ;(00000000) (0) (0) (00)   ;(00000000) (0) (0) (00)   ;(00000000) (0) (0) (00)   ;(00000000) (0) (0) (00)   ;(00000000) (0) (0) (00)   ;
;536;(00000000) (0) (0) (00)    ;(00000000) (0) (0) (00)   ;(00000000) (0) (0) (00)   ;(00000000) (0) (0) (00)   ;(00000000) (0) (0) (00)   ;(00000000) (0) (0) (00)   ;(00000000) (0) (0) (00)   ;(00000000) (0) (0) (00)   ;
;544;(00000000) (0) (0) (00)    ;(00000000) (0) (0) (00)   ;(00000000) (0) (0) (00)   ;(00000000) (0) (0) (00)   ;(00000000) (0) (0) (00)   ;(00000000) (0) (0) (00)   ;(00000000) (0) (0) (00)   ;(00000000) (0) (0) (00)   ;
;552;(00000000) (0) (0) (00)    ;(00000000) (0) (0) (00)   ;(00000000) (0) (0) (00)   ;(00000000) (0) (0) (00)   ;(00000000) (0) (0) (00)   ;(00000000) (0) (0) (00)   ;(00000000) (0) (0) (00)   ;(00000000) (0) (0) (00)   ;
;560;(00000000) (0) (0) (00)    ;(00000000) (0) (0) (00)   ;(00000000) (0) (0) (00)   ;(00000000) (0) (0) (00)   ;(00000000) (0) (0) (00)   ;(00000000) (0) (0) (00)   ;(00000000) (0) (0) (00)   ;(00000000) (0) (0) (00)   ;
;568;(00000000) (0) (0) (00)    ;(00000000) (0) (0) (00)   ;(00000000) (0) (0) (00)   ;(00000000) (0) (0) (00)   ;(00000000) (0) (0) (00)   ;(00000000) (0) (0) (00)   ;(00000000) (0) (0) (00)   ;(00000000) (0) (0) (00)   ;
;576;(00000000) (0) (0) (00)    ;(00000000) (0) (0) (00)   ;(00000000) (0) (0) (00)   ;(00000000) (0) (0) (00)   ;(00000000) (0) (0) (00)   ;(00000000) (0) (0) (00)   ;(00000000) (0) (0) (00)   ;(00000000) (0) (0) (00)   ;
;584;(00000000) (0) (0) (00)    ;(00000000) (0) (0) (00)   ;(00000000) (0) (0) (00)   ;(00000000) (0) (0) (00)   ;(00000000) (0) (0) (00)   ;(00000000) (0) (0) (00)   ;(00000000) (0) (0) (00)   ;(00000000) (0) (0) (00)   ;
;592;(00000000) (0) (0) (00)    ;(00000000) (0) (0) (00)   ;(00000000) (0) (0) (00)   ;(00000000) (0) (0) (00)   ;(00000000) (0) (0) (00)   ;(00000000) (0) (0) (00)   ;(00000000) (0) (0) (00)   ;(00000000) (0) (0) (00)   ;
;600;(00000000) (0) (0) (00)    ;(00000000) (0) (0) (00)   ;(00000000) (0) (0) (00)   ;(00000000) (0) (0) (00)   ;(00000000) (0) (0) (00)   ;(00000000) (0) (0) (00)   ;(00000000) (0) (0) (00)   ;(00000000) (0) (0) (00)   ;
;608;(00000000) (0) (0) (00)    ;(00000000) (0) (0) (00)   ;(00000000) (0) (0) (00)   ;(00000000) (0) (0) (00)   ;(00000000) (0) (0) (00)   ;(00000000) (0) (0) (00)   ;(00000000) (0) (0) (00)   ;(00000000) (0) (0) (00)   ;
;616;(00000000) (0) (0) (00)    ;(00000000) (0) (0) (00)   ;(00000000) (0) (0) (00)   ;(00000000) (0) (0) (00)   ;(00000000) (0) (0) (00)   ;(00000000) (0) (0) (00)   ;(00000000) (0) (0) (00)   ;(00000000) (0) (0) (00)   ;
;624;(00000000) (0) (0) (00)    ;(00000000) (0) (0) (00)   ;(00000000) (0) (0) (00)   ;(00000000) (0) (0) (00)   ;(00000000) (0) (0) (00)   ;(00000000) (0) (0) (00)   ;(00000000) (0) (0) (00)   ;(00000000) (0) (0) (00)   ;
;632;(00000000) (0) (0) (00)    ;(00000000) (0) (0) (00)   ;(00000000) (0) (0) (00)   ;(00000000) (0) (0) (00)   ;(00000000) (0) (0) (00)   ;(00000000) (0) (0) (00)   ;(00000000) (0) (0) (00)   ;(00000000) (0) (0) (00)   ;
;640;(00000000) (0) (0) (00)    ;(00000000) (0) (0) (00)   ;(00000000) (0) (0) (00)   ;(00000000) (0) (0) (00)   ;(00000000) (0) (0) (00)   ;(00000000) (0) (0) (00)   ;(00000000) (0) (0) (00)   ;(00000000) (0) (0) (00)   ;
;648;(00000000) (0) (0) (00)    ;(00000000) (0) (0) (00)   ;(00000000) (0) (0) (00)   ;(00000000) (0) (0) (00)   ;(00000000) (0) (0) (00)   ;(00000000) (0) (0) (00)   ;(00000000) (0) (0) (00)   ;(00000000) (0) (0) (00)   ;
;656;(00000000) (0) (0) (00)    ;(00000000) (0) (0) (00)   ;(00000000) (0) (0) (00)   ;(00000000) (0) (0) (00)   ;(00000000) (0) (0) (00)   ;(00000000) (0) (0) (00)   ;(00000000) (0) (0) (00)   ;(00000000) (0) (0) (00)   ;
;664;(00000000) (0) (0) (00)    ;(00000000) (0) (0) (00)   ;(00000000) (0) (0) (00)   ;(00000000) (0) (0) (00)   ;(00000000) (0) (0) (00)   ;(00000000) (0) (0) (00)   ;(00000000) (0) (0) (00)   ;(00000000) (0) (0) (00)   ;
;672;(00000000) (0) (0) (00)    ;(00000000) (0) (0) (00)   ;(00000000) (0) (0) (00)   ;(00000000) (0) (0) (00)   ;(00000000) (0) (0) (00)   ;(00000000) (0) (0) (00)   ;(00000000) (0) (0) (00)   ;(00000000) (0) (0) (00)   ;
;680;(00000000) (0) (0) (00)    ;(00000000) (0) (0) (00)   ;(00000000) (0) (0) (00)   ;(00000000) (0) (0) (00)   ;(00000000) (0) (0) (00)   ;(00000000) (0) (0) (00)   ;(00000000) (0) (0) (00)   ;(00000000) (0) (0) (00)   ;
;688;(00000000) (0) (0) (00)    ;(00000000) (0) (0) (00)   ;(00000000) (0) (0) (00)   ;(00000000) (0) (0) (00)   ;(00000000) (0) (0) (00)   ;(00000000) (0) (0) (00)   ;(00000000) (0) (0) (00)   ;(00000000) (0) (0) (00)   ;
;696;(00000000) (0) (0) (00)    ;(00000000) (0) (0) (00)   ;(00000000) (0) (0) (00)   ;(00000000) (0) (0) (00)   ;(00000000) (0) (0) (00)   ;(00000000) (0) (0) (00)   ;(00000000) (0) (0) (00)   ;(00000000) (0) (0) (00)   ;
;704;(00000000) (0) (0) (00)    ;(00000000) (0) (0) (00)   ;(00000000) (0) (0) (00)   ;(00000000) (0) (0) (00)   ;(00000000) (0) (0) (00)   ;(00000000) (0) (0) (00)   ;(00000000) (0) (0) (00)   ;(00000000) (0) (0) (00)   ;
;712;(00000000) (0) (0) (00)    ;(00000000) (0) (0) (00)   ;(00000000) (0) (0) (00)   ;(00000000) (0) (0) (00)   ;(00000000) (0) (0) (00)   ;(00000000) (0) (0) (00)   ;(00000000) (0) (0) (00)   ;(00000000) (0) (0) (00)   ;
;720;(00000000) (0) (0) (00)    ;(00000000) (0) (0) (00)   ;(00000000) (0) (0) (00)   ;(00000000) (0) (0) (00)   ;(00000000) (0) (0) (00)   ;(00000000) (0) (0) (00)   ;(00000000) (0) (0) (00)   ;(00000000) (0) (0) (00)   ;
;728;(00000000) (0) (0) (00)    ;(00000000) (0) (0) (00)   ;(00000000) (0) (0) (00)   ;(00000000) (0) (0) (00)   ;(00000000) (0) (0) (00)   ;(00000000) (0) (0) (00)   ;(00000000) (0) (0) (00)   ;(00000000) (0) (0) (00)   ;
;736;(00000000) (0) (0) (00)    ;(00000000) (0) (0) (00)   ;(00000000) (0) (0) (00)   ;(00000000) (0) (0) (00)   ;(00000000) (0) (0) (00)   ;(00000000) (0) (0) (00)   ;(00000000) (0) (0) (00)   ;(00000000) (0) (0) (00)   ;
;744;(00000000) (0) (0) (00)    ;(00000000) (0) (0) (00)   ;(00000000) (0) (0) (00)   ;(00000000) (0) (0) (00)   ;(00000000) (0) (0) (00)   ;(00000000) (0) (0) (00)   ;(00000000) (0) (0) (00)   ;(00000000) (0) (0) (00)   ;
;752;(00000000) (0) (0) (00)    ;(00000000) (0) (0) (00)   ;(00000000) (0) (0) (00)   ;(00000000) (0) (0) (00)   ;(00000000) (0) (0) (00)   ;(00000000) (0) (0) (00)   ;(00000000) (0) (0) (00)   ;(00000000) (0) (0) (00)   ;
;760;(00000000) (0) (0) (00)    ;(00000000) (0) (0) (00)   ;(00000000) (0) (0) (00)   ;(00000000) (0) (0) (00)   ;(00000000) (0) (0) (00)   ;(00000000) (0) (0) (00)   ;(00000000) (0) (0) (00)   ;(00000000) (0) (0) (00)   ;
;768;(00000000) (0) (0) (00)    ;(00000000) (0) (0) (00)   ;(00000000) (0) (0) (00)   ;(00000000) (0) (0) (00)   ;(00000000) (0) (0) (00)   ;(00000000) (0) (0) (00)   ;(00000000) (0) (0) (00)   ;(00000000) (0) (0) (00)   ;
;776;(00000000) (0) (0) (00)    ;(00000000) (0) (0) (00)   ;(00000000) (0) (0) (00)   ;(00000000) (0) (0) (00)   ;(00000000) (0) (0) (00)   ;(00000000) (0) (0) (00)   ;(00000000) (0) (0) (00)   ;(00000000) (0) (0) (00)   ;
;784;(00000000) (0) (0) (00)    ;(00000000) (0) (0) (00)   ;(00000000) (0) (0) (00)   ;(00000000) (0) (0) (00)   ;(00000000) (0) (0) (00)   ;(00000000) (0) (0) (00)   ;(00000000) (0) (0) (00)   ;(00000000) (0) (0) (00)   ;
;792;(00000000) (0) (0) (00)    ;(00000000) (0) (0) (00)   ;(00000000) (0) (0) (00)   ;(00000000) (0) (0) (00)   ;(00000000) (0) (0) (00)   ;(00000000) (0) (0) (00)   ;(00000000) (0) (0) (00)   ;(00000000) (0) (0) (00)   ;
;800;(00000000) (0) (0) (00)    ;(00000000) (0) (0) (00)   ;(00000000) (0) (0) (00)   ;(00000000) (0) (0) (00)   ;(00000000) (0) (0) (00)   ;(00000000) (0) (0) (00)   ;(00000000) (0) (0) (00)   ;(00000000) (0) (0) (00)   ;
;808;(00000000) (0) (0) (00)    ;(00000000) (0) (0) (00)   ;(00000000) (0) (0) (00)   ;(00000000) (0) (0) (00)   ;(00000000) (0) (0) (00)   ;(00000000) (0) (0) (00)   ;(00000000) (0) (0) (00)   ;(00000000) (0) (0) (00)   ;
;816;(00000000) (0) (0) (00)    ;(00000000) (0) (0) (00)   ;(00000000) (0) (0) (00)   ;(00000000) (0) (0) (00)   ;(00000000) (0) (0) (00)   ;(00000000) (0) (0) (00)   ;(00000000) (0) (0) (00)   ;(00000000) (0) (0) (00)   ;
;824;(00000000) (0) (0) (00)    ;(00000000) (0) (0) (00)   ;(00000000) (0) (0) (00)   ;(00000000) (0) (0) (00)   ;(00000000) (0) (0) (00)   ;(00000000) (0) (0) (00)   ;(00000000) (0) (0) (00)   ;(00000000) (0) (0) (00)   ;
;832;(00000000) (0) (0) (00)    ;(00000000) (0) (0) (00)   ;(00000000) (0) (0) (00)   ;(00000000) (0) (0) (00)   ;(00000000) (0) (0) (00)   ;(00000000) (0) (0) (00)   ;(00000000) (0) (0) (00)   ;(00000000) (0) (0) (00)   ;
;840;(00000000) (0) (0) (00)    ;(00000000) (0) (0) (00)   ;(00000000) (0) (0) (00)   ;(00000000) (0) (0) (00)   ;(00000000) (0) (0) (00)   ;(00000000) (0) (0) (00)   ;(00000000) (0) (0) (00)   ;(00000000) (0) (0) (00)   ;
;848;(00000000) (0) (0) (00)    ;(00000000) (0) (0) (00)   ;(00000000) (0) (0) (00)   ;(00000000) (0) (0) (00)   ;(00000000) (0) (0) (00)   ;(00000000) (0) (0) (00)   ;(00000000) (0) (0) (00)   ;(00000000) (0) (0) (00)   ;
;856;(00000000) (0) (0) (00)    ;(00000000) (0) (0) (00)   ;(00000000) (0) (0) (00)   ;(00000000) (0) (0) (00)   ;(00000000) (0) (0) (00)   ;(00000000) (0) (0) (00)   ;(00000000) (0) (0) (00)   ;(00000000) (0) (0) (00)   ;
;864;(00000000) (0) (0) (00)    ;(00000000) (0) (0) (00)   ;(00000000) (0) (0) (00)   ;(00000000) (0) (0) (00)   ;(00000000) (0) (0) (00)   ;(00000000) (0) (0) (00)   ;(00000000) (0) (0) (00)   ;(00000000) (0) (0) (00)   ;
;872;(00000000) (0) (0) (00)    ;(00000000) (0) (0) (00)   ;(00000000) (0) (0) (00)   ;(00000000) (0) (0) (00)   ;(00000000) (0) (0) (00)   ;(00000000) (0) (0) (00)   ;(00000000) (0) (0) (00)   ;(00000000) (0) (0) (00)   ;
;880;(00000000) (0) (0) (00)    ;(00000000) (0) (0) (00)   ;(00000000) (0) (0) (00)   ;(00000000) (0) (0) (00)   ;(00000000) (0) (0) (00)   ;(00000000) (0) (0) (00)   ;(00000000) (0) (0) (00)   ;(00000000) (0) (0) (00)   ;
;888;(00000000) (0) (0) (00)    ;(00000000) (0) (0) (00)   ;(00000000) (0) (0) (00)   ;(00000000) (0) (0) (00)   ;(00000000) (0) (0) (00)   ;(00000000) (0) (0) (00)   ;(00000000) (0) (0) (00)   ;(00000000) (0) (0) (00)   ;
;896;(00000000) (0) (0) (00)    ;(00000000) (0) (0) (00)   ;(00000000) (0) (0) (00)   ;(00000000) (0) (0) (00)   ;(00000000) (0) (0) (00)   ;(00000000) (0) (0) (00)   ;(00000000) (0) (0) (00)   ;(00000000) (0) (0) (00)   ;
;904;(00000000) (0) (0) (00)    ;(00000000) (0) (0) (00)   ;(00000000) (0) (0) (00)   ;(00000000) (0) (0) (00)   ;(00000000) (0) (0) (00)   ;(00000000) (0) (0) (00)   ;(00000000) (0) (0) (00)   ;(00000000) (0) (0) (00)   ;
;912;(00000000) (0) (0) (00)    ;(00000000) (0) (0) (00)   ;(00000000) (0) (0) (00)   ;(00000000) (0) (0) (00)   ;(00000000) (0) (0) (00)   ;(00000000) (0) (0) (00)   ;(00000000) (0) (0) (00)   ;(00000000) (0) (0) (00)   ;
;920;(00000000) (0) (0) (00)    ;(00000000) (0) (0) (00)   ;(00000000) (0) (0) (00)   ;(00000000) (0) (0) (00)   ;(00000000) (0) (0) (00)   ;(00000000) (0) (0) (00)   ;(00000000) (0) (0) (00)   ;(00000000) (0) (0) (00)   ;
;928;(00000000) (0) (0) (00)    ;(00000000) (0) (0) (00)   ;(00000000) (0) (0) (00)   ;(00000000) (0) (0) (00)   ;(00000000) (0) (0) (00)   ;(00000000) (0) (0) (00)   ;(00000000) (0) (0) (00)   ;(00000000) (0) (0) (00)   ;
;936;(00000000) (0) (0) (00)    ;(00000000) (0) (0) (00)   ;(00000000) (0) (0) (00)   ;(00000000) (0) (0) (00)   ;(00000000) (0) (0) (00)   ;(00000000) (0) (0) (00)   ;(00000000) (0) (0) (00)   ;(00000000) (0) (0) (00)   ;
;944;(00000000) (0) (0) (00)    ;(00000000) (0) (0) (00)   ;(00000000) (0) (0) (00)   ;(00000000) (0) (0) (00)   ;(00000000) (0) (0) (00)   ;(00000000) (0) (0) (00)   ;(00000000) (0) (0) (00)   ;(00000000) (0) (0) (00)   ;
;952;(00000000) (0) (0) (00)    ;(00000000) (0) (0) (00)   ;(00000000) (0) (0) (00)   ;(00000000) (0) (0) (00)   ;(00000000) (0) (0) (00)   ;(00000000) (0) (0) (00)   ;(00000000) (0) (0) (00)   ;(00000000) (0) (0) (00)   ;
;960;(00000000) (0) (0) (00)    ;(00000000) (0) (0) (00)   ;(00000000) (0) (0) (00)   ;(00000000) (0) (0) (00)   ;(00000000) (0) (0) (00)   ;(00000000) (0) (0) (00)   ;(00000000) (0) (0) (00)   ;(00000000) (0) (0) (00)   ;
;968;(00000000) (0) (0) (00)    ;(00000000) (0) (0) (00)   ;(00000000) (0) (0) (00)   ;(00000000) (0) (0) (00)   ;(00000000) (0) (0) (00)   ;(00000000) (0) (0) (00)   ;(00000000) (0) (0) (00)   ;(00000000) (0) (0) (00)   ;
;976;(00000000) (0) (0) (00)    ;(00000000) (0) (0) (00)   ;(00000000) (0) (0) (00)   ;(00000000) (0) (0) (00)   ;(00000000) (0) (0) (00)   ;(00000000) (0) (0) (00)   ;(00000000) (0) (0) (00)   ;(00000000) (0) (0) (00)   ;
;984;(00000000) (0) (0) (00)    ;(00000000) (0) (0) (00)   ;(00000000) (0) (0) (00)   ;(00000000) (0) (0) (00)   ;(00000000) (0) (0) (00)   ;(00000000) (0) (0) (00)   ;(00000000) (0) (0) (00)   ;(00000000) (0) (0) (00)   ;
;992;(00000000) (0) (0) (00)    ;(00000000) (0) (0) (00)   ;(00000000) (0) (0) (00)   ;(00000000) (0) (0) (00)   ;(00000000) (0) (0) (00)   ;(00000000) (0) (0) (00)   ;(00000000) (0) (0) (00)   ;(00000000) (0) (0) (00)   ;
;1000;(00000000) (0) (0) (00)    ;(00000000) (0) (0) (00)   ;(00000000) (0) (0) (00)   ;(00000000) (0) (0) (00)   ;(00000000) (0) (0) (00)   ;(00000000) (0) (0) (00)   ;(00000000) (0) (0) (00)   ;(00000000) (0) (0) (00)   ;
;1008;(00000000) (0) (0) (00)    ;(00000000) (0) (0) (00)   ;(00000000) (0) (0) (00)   ;(00000000) (0) (0) (00)   ;(00000000) (0) (0) (00)   ;(00000000) (0) (0) (00)   ;(00000000) (0) (0) (00)   ;(00000000) (0) (0) (00)   ;
;1016;(00000000) (0) (0) (00)    ;(00000000) (0) (0) (00)   ;(00000000) (0) (0) (00)   ;(00000000) (0) (0) (00)   ;(00000000) (0) (0) (00)   ;(00000000) (0) (0) (00)   ;(00000000) (0) (0) (00)   ;(00000000) (0) (0) (00)   ;
;1024;(00000000) (0) (0) (00)    ;(00000000) (0) (0) (00)   ;(00000000) (0) (0) (00)   ;(00000000) (0) (0) (00)   ;(00000000) (0) (0) (00)   ;(00000000) (0) (0) (00)   ;(00000000) (0) (0) (00)   ;(00000000) (0) (0) (00)   ;
;1032;(00000000) (0) (0) (00)    ;(00000000) (0) (0) (00)   ;(00000000) (0) (0) (00)   ;(00000000) (0) (0) (00)   ;(00000000) (0) (0) (00)   ;(00000000) (0) (0) (00)   ;(00000000) (0) (0) (00)   ;(00000000) (0) (0) (00)   ;
;1040;(00000000) (0) (0) (00)    ;(00000000) (0) (0) (00)   ;(00000000) (0) (0) (00)   ;(00000000) (0) (0) (00)   ;(00000000) (0) (0) (00)   ;(00000000) (0) (0) (00)   ;(00000000) (0) (0) (00)   ;(00000000) (0) (0) (00)   ;
;1048;(00000000) (0) (0) (00)    ;(00000000) (0) (0) (00)   ;(00000000) (0) (0) (00)   ;(00000000) (0) (0) (00)   ;(00000000) (0) (0) (00)   ;(00000000) (0) (0) (00)   ;(00000000) (0) (0) (00)   ;(00000000) (0) (0) (00)   ;
;1056;(00000000) (0) (0) (00)    ;(00000000) (0) (0) (00)   ;(00000000) (0) (0) (00)   ;(00000000) (0) (0) (00)   ;(00000000) (0) (0) (00)   ;(00000000) (0) (0) (00)   ;(00000000) (0) (0) (00)   ;(00000000) (0) (0) (00)   ;
;1064;(00000000) (0) (0) (00)    ;(00000000) (0) (0) (00)   ;(00000000) (0) (0) (00)   ;(00000000) (0) (0) (00)   ;(00000000) (0) (0) (00)   ;(00000000) (0) (0) (00)   ;(00000000) (0) (0) (00)   ;(00000000) (0) (0) (00)   ;
;1072;(00000000) (0) (0) (00)    ;(00000000) (0) (0) (00)   ;(00000000) (0) (0) (00)   ;(00000000) (0) (0) (00)   ;(00000000) (0) (0) (00)   ;(00000000) (0) (0) (00)   ;(00000000) (0) (0) (00)   ;(00000000) (0) (0) (00)   ;
;1080;(00000000) (0) (0) (00)    ;(00000000) (0) (0) (00)   ;(00000000) (0) (0) (00)   ;(00000000) (0) (0) (00)   ;(00000000) (0) (0) (00)   ;(00000000) (0) (0) (00)   ;(00000000) (0) (0) (00)   ;(00000000) (0) (0) (00)   ;
;1088;(00000000) (0) (0) (00)    ;(00000000) (0) (0) (00)   ;(00000000) (0) (0) (00)   ;(00000000) (0) (0) (00)   ;(00000000) (0) (0) (00)   ;(00000000) (0) (0) (00)   ;(00000000) (0) (0) (00)   ;(00000000) (0) (0) (00)   ;
;1096;(00000000) (0) (0) (00)    ;(00000000) (0) (0) (00)   ;(00000000) (0) (0) (00)   ;(00000000) (0) (0) (00)   ;(00000000) (0) (0) (00)   ;(00000000) (0) (0) (00)   ;(00000000) (0) (0) (00)   ;(00000000) (0) (0) (00)   ;
;1104;(00000000) (0) (0) (00)    ;(00000000) (0) (0) (00)   ;(00000000) (0) (0) (00)   ;(00000000) (0) (0) (00)   ;(00000000) (0) (0) (00)   ;(00000000) (0) (0) (00)   ;(00000000) (0) (0) (00)   ;(00000000) (0) (0) (00)   ;
;1112;(00000000) (0) (0) (00)    ;(00000000) (0) (0) (00)   ;(00000000) (0) (0) (00)   ;(00000000) (0) (0) (00)   ;(00000000) (0) (0) (00)   ;(00000000) (0) (0) (00)   ;(00000000) (0) (0) (00)   ;(00000000) (0) (0) (00)   ;
;1120;(00000000) (0) (0) (00)    ;(00000000) (0) (0) (00)   ;(00000000) (0) (0) (00)   ;(00000000) (0) (0) (00)   ;(00000000) (0) (0) (00)   ;(00000000) (0) (0) (00)   ;(00000000) (0) (0) (00)   ;(00000000) (0) (0) (00)   ;
;1128;(00000000) (0) (0) (00)    ;(00000000) (0) (0) (00)   ;(00000000) (0) (0) (00)   ;(00000000) (0) (0) (00)   ;(00000000) (0) (0) (00)   ;(00000000) (0) (0) (00)   ;(00000000) (0) (0) (00)   ;(00000000) (0) (0) (00)   ;
;1136;(00000000) (0) (0) (00)    ;(00000000) (0) (0) (00)   ;(00000000) (0) (0) (00)   ;(00000000) (0) (0) (00)   ;(00000000) (0) (0) (00)   ;(00000000) (0) (0) (00)   ;(00000000) (0) (0) (00)   ;(00000000) (0) (0) (00)   ;
;1144;(00000000) (0) (0) (00)    ;(00000000) (0) (0) (00)   ;(00000000) (0) (0) (00)   ;(00000000) (0) (0) (00)   ;(00000000) (0) (0) (00)   ;(00000000) (0) (0) (00)   ;(00000000) (0) (0) (00)   ;(00000000) (0) (0) (00)   ;
;1152;(00000000) (0) (0) (00)    ;(00000000) (0) (0) (00)   ;(00000000) (0) (0) (00)   ;(00000000) (0) (0) (00)   ;(00000000) (0) (0) (00)   ;(00000000) (0) (0) (00)   ;(00000000) (0) (0) (00)   ;(00000000) (0) (0) (00)   ;
;1160;(00000000) (0) (0) (00)    ;(00000000) (0) (0) (00)   ;(00000000) (0) (0) (00)   ;(00000000) (0) (0) (00)   ;(00000000) (0) (0) (00)   ;(00000000) (0) (0) (00)   ;(00000000) (0) (0) (00)   ;(00000000) (0) (0) (00)   ;
;1168;(00000000) (0) (0) (00)    ;(00000000) (0) (0) (00)   ;(00000000) (0) (0) (00)   ;(00000000) (0) (0) (00)   ;(00000000) (0) (0) (00)   ;(00000000) (0) (0) (00)   ;(00000000) (0) (0) (00)   ;(00000000) (0) (0) (00)   ;
;1176;(00000000) (0) (0) (00)    ;(00000000) (0) (0) (00)   ;(00000000) (0) (0) (00)   ;(00000000) (0) (0) (00)   ;(00000000) (0) (0) (00)   ;(00000000) (0) (0) (00)   ;(00000000) (0) (0) (00)   ;(00000000) (0) (0) (00)   ;
;1184;(00000000) (0) (0) (00)    ;(00000000) (0) (0) (00)   ;(00000000) (0) (0) (00)   ;(00000000) (0) (0) (00)   ;(00000000) (0) (0) (00)   ;(00000000) (0) (0) (00)   ;(00000000) (0) (0) (00)   ;(00000000) (0) (0) (00)   ;
;1192;(00000000) (0) (0) (00)    ;(00000000) (0) (0) (00)   ;(00000000) (0) (0) (00)   ;(00000000) (0) (0) (00)   ;(00000000) (0) (0) (00)   ;(00000000) (0) (0) (00)   ;(00000000) (0) (0) (00)   ;(00000000) (0) (0) (00)   ;
;1200;(00000000) (0) (0) (00)    ;(00000000) (0) (0) (00)   ;(00000000) (0) (0) (00)   ;(00000000) (0) (0) (00)   ;(00000000) (0) (0) (00)   ;(00000000) (0) (0) (00)   ;(00000000) (0) (0) (00)   ;(00000000) (0) (0) (00)   ;
;1208;(00000000) (0) (0) (00)    ;(00000000) (0) (0) (00)   ;(00000000) (0) (0) (00)   ;(00000000) (0) (0) (00)   ;(00000000) (0) (0) (00)   ;(00000000) (0) (0) (00)   ;(00000000) (0) (0) (00)   ;(00000000) (0) (0) (00)   ;
;1216;(00000000) (0) (0) (00)    ;(00000000) (0) (0) (00)   ;(00000000) (0) (0) (00)   ;(00000000) (0) (0) (00)   ;(00000000) (0) (0) (00)   ;(00000000) (0) (0) (00)   ;(00000000) (0) (0) (00)   ;(00000000) (0) (0) (00)   ;
;1224;(00000000) (0) (0) (00)    ;(00000000) (0) (0) (00)   ;(00000000) (0) (0) (00)   ;(00000000) (0) (0) (00)   ;(00000000) (0) (0) (00)   ;(00000000) (0) (0) (00)   ;(00000000) (0) (0) (00)   ;(00000000) (0) (0) (00)   ;
;1232;(00000000) (0) (0) (00)    ;(00000000) (0) (0) (00)   ;(00000000) (0) (0) (00)   ;(00000000) (0) (0) (00)   ;(00000000) (0) (0) (00)   ;(00000000) (0) (0) (00)   ;(00000000) (0) (0) (00)   ;(00000000) (0) (0) (00)   ;
;1240;(00000000) (0) (0) (00)    ;(00000000) (0) (0) (00)   ;(00000000) (0) (0) (00)   ;(00000000) (0) (0) (00)   ;(00000000) (0) (0) (00)   ;(00000000) (0) (0) (00)   ;(00000000) (0) (0) (00)   ;(00000000) (0) (0) (00)   ;
;1248;(00000000) (0) (0) (00)    ;(00000000) (0) (0) (00)   ;(00000000) (0) (0) (00)   ;(00000000) (0) (0) (00)   ;(00000000) (0) (0) (00)   ;(00000000) (0) (0) (00)   ;(00000000) (0) (0) (00)   ;(00000000) (0) (0) (00)   ;
;1256;(00000000) (0) (0) (00)    ;(00000000) (0) (0) (00)   ;(00000000) (0) (0) (00)   ;(00000000) (0) (0) (00)   ;(00000000) (0) (0) (00)   ;(00000000) (0) (0) (00)   ;(00000000) (0) (0) (00)   ;(00000000) (0) (0) (00)   ;
;1264;(00000000) (0) (0) (00)    ;(00000000) (0) (0) (00)   ;(00000000) (0) (0) (00)   ;(00000000) (0) (0) (00)   ;(00000000) (0) (0) (00)   ;(00000000) (0) (0) (00)   ;(00000000) (0) (0) (00)   ;(00000000) (0) (0) (00)   ;
;1272;(00000000) (0) (0) (00)    ;(00000000) (0) (0) (00)   ;(00000000) (0) (0) (00)   ;(00000000) (0) (0) (00)   ;(00000000) (0) (0) (00)   ;(00000000) (0) (0) (00)   ;(00000000) (0) (0) (00)   ;(00000000) (0) (0) (00)   ;
;1280;(00000000) (0) (0) (00)    ;(00000000) (0) (0) (00)   ;(00000000) (0) (0) (00)   ;(00000000) (0) (0) (00)   ;(00000000) (0) (0) (00)   ;(00000000) (0) (0) (00)   ;(00000000) (0) (0) (00)   ;(00000000) (0) (0) (00)   ;
;1288;(00000000) (0) (0) (00)    ;(00000000) (0) (0) (00)   ;(00000000) (0) (0) (00)   ;(00000000) (0) (0) (00)   ;(00000000) (0) (0) (00)   ;(00000000) (0) (0) (00)   ;(00000000) (0) (0) (00)   ;(00000000) (0) (0) (00)   ;
;1296;(00000000) (0) (0) (00)    ;(00000000) (0) (0) (00)   ;(00000000) (0) (0) (00)   ;(00000000) (0) (0) (00)   ;(00000000) (0) (0) (00)   ;(00000000) (0) (0) (00)   ;(00000000) (0) (0) (00)   ;(00000000) (0) (0) (00)   ;
;1304;(00000000) (0) (0) (00)    ;(00000000) (0) (0) (00)   ;(00000000) (0) (0) (00)   ;(00000000) (0) (0) (00)   ;(00000000) (0) (0) (00)   ;(00000000) (0) (0) (00)   ;(00000000) (0) (0) (00)   ;(00000000) (0) (0) (00)   ;
;1312;(00000000) (0) (0) (00)    ;(00000000) (0) (0) (00)   ;(00000000) (0) (0) (00)   ;(00000000) (0) (0) (00)   ;(00000000) (0) (0) (00)   ;(00000000) (0) (0) (00)   ;(00000000) (0) (0) (00)   ;(00000000) (0) (0) (00)   ;
;1320;(00000000) (0) (0) (00)    ;(00000000) (0) (0) (00)   ;(00000000) (0) (0) (00)   ;(00000000) (0) (0) (00)   ;(00000000) (0) (0) (00)   ;(00000000) (0) (0) (00)   ;(00000000) (0) (0) (00)   ;(00000000) (0) (0) (00)   ;
;1328;(00000000) (0) (0) (00)    ;(00000000) (0) (0) (00)   ;(00000000) (0) (0) (00)   ;(00000000) (0) (0) (00)   ;(00000000) (0) (0) (00)   ;(00000000) (0) (0) (00)   ;(00000000) (0) (0) (00)   ;(00000000) (0) (0) (00)   ;
;1336;(00000000) (0) (0) (00)    ;(00000000) (0) (0) (00)   ;(00000000) (0) (0) (00)   ;(00000000) (0) (0) (00)   ;(00000000) (0) (0) (00)   ;(00000000) (0) (0) (00)   ;(00000000) (0) (0) (00)   ;(00000000) (0) (0) (00)   ;
;1344;(00000000) (0) (0) (00)    ;(00000000) (0) (0) (00)   ;(00000000) (0) (0) (00)   ;(00000000) (0) (0) (00)   ;(00000000) (0) (0) (00)   ;(00000000) (0) (0) (00)   ;(00000000) (0) (0) (00)   ;(00000000) (0) (0) (00)   ;
;1352;(00000000) (0) (0) (00)    ;(00000000) (0) (0) (00)   ;(00000000) (0) (0) (00)   ;(00000000) (0) (0) (00)   ;(00000000) (0) (0) (00)   ;(00000000) (0) (0) (00)   ;(00000000) (0) (0) (00)   ;(00000000) (0) (0) (00)   ;
;1360;(00000000) (0) (0) (00)    ;(00000000) (0) (0) (00)   ;(00000000) (0) (0) (00)   ;(00000000) (0) (0) (00)   ;(00000000) (0) (0) (00)   ;(00000000) (0) (0) (00)   ;(00000000) (0) (0) (00)   ;(00000000) (0) (0) (00)   ;
;1368;(00000000) (0) (0) (00)    ;(00000000) (0) (0) (00)   ;(00000000) (0) (0) (00)   ;(00000000) (0) (0) (00)   ;(00000000) (0) (0) (00)   ;(00000000) (0) (0) (00)   ;(00000000) (0) (0) (00)   ;(00000000) (0) (0) (00)   ;
;1376;(00000000) (0) (0) (00)    ;(00000000) (0) (0) (00)   ;(00000000) (0) (0) (00)   ;(00000000) (0) (0) (00)   ;(00000000) (0) (0) (00)   ;(00000000) (0) (0) (00)   ;(00000000) (0) (0) (00)   ;(00000000) (0) (0) (00)   ;
;1384;(00000000) (0) (0) (00)    ;(00000000) (0) (0) (00)   ;(00000000) (0) (0) (00)   ;(00000000) (0) (0) (00)   ;(00000000) (0) (0) (00)   ;(00000000) (0) (0) (00)   ;(00000000) (0) (0) (00)   ;(00000000) (0) (0) (00)   ;
;1392;(00000000) (0) (0) (00)    ;(00000000) (0) (0) (00)   ;(00000000) (0) (0) (00)   ;(00000000) (0) (0) (00)   ;(00000000) (0) (0) (00)   ;(00000000) (0) (0) (00)   ;(00000000) (0) (0) (00)   ;(00000000) (0) (0) (00)   ;
;1400;(00000000) (0) (0) (00)    ;(00000000) (0) (0) (00)   ;(00000000) (0) (0) (00)   ;(00000000) (0) (0) (00)   ;(00000000) (0) (0) (00)   ;(00000000) (0) (0) (00)   ;(00000000) (0) (0) (00)   ;(00000000) (0) (0) (00)   ;
;1408;(00000000) (0) (0) (00)    ;(00000000) (0) (0) (00)   ;(00000000) (0) (0) (00)   ;(00000000) (0) (0) (00)   ;(00000000) (0) (0) (00)   ;(00000000) (0) (0) (00)   ;(00000000) (0) (0) (00)   ;(00000000) (0) (0) (00)   ;
;1416;(00000000) (0) (0) (00)    ;(00000000) (0) (0) (00)   ;(00000000) (0) (0) (00)   ;(00000000) (0) (0) (00)   ;(00000000) (0) (0) (00)   ;(00000000) (0) (0) (00)   ;(00000000) (0) (0) (00)   ;(00000000) (0) (0) (00)   ;
;1424;(00000000) (0) (0) (00)    ;(00000000) (0) (0) (00)   ;(00000000) (0) (0) (00)   ;(00000000) (0) (0) (00)   ;(00000000) (0) (0) (00)   ;(00000000) (0) (0) (00)   ;(00000000) (0) (0) (00)   ;(00000000) (0) (0) (00)   ;
;1432;(00000000) (0) (0) (00)    ;(00000000) (0) (0) (00)   ;(00000000) (0) (0) (00)   ;(00000000) (0) (0) (00)   ;(00000000) (0) (0) (00)   ;(00000000) (0) (0) (00)   ;(00000000) (0) (0) (00)   ;(00000000) (0) (0) (00)   ;
;1440;(00000000) (0) (0) (00)    ;(00000000) (0) (0) (00)   ;(00000000) (0) (0) (00)   ;(00000000) (0) (0) (00)   ;(00000000) (0) (0) (00)   ;(00000000) (0) (0) (00)   ;(00000000) (0) (0) (00)   ;(00000000) (0) (0) (00)   ;
;1448;(00000000) (0) (0) (00)    ;(00000000) (0) (0) (00)   ;(00000000) (0) (0) (00)   ;(00000000) (0) (0) (00)   ;(00000000) (0) (0) (00)   ;(00000000) (0) (0) (00)   ;(00000000) (0) (0) (00)   ;(00000000) (0) (0) (00)   ;
;1456;(00000000) (0) (0) (00)    ;(00000000) (0) (0) (00)   ;(00000000) (0) (0) (00)   ;(00000000) (0) (0) (00)   ;(00000000) (0) (0) (00)   ;(00000000) (0) (0) (00)   ;(00000000) (0) (0) (00)   ;(00000000) (0) (0) (00)   ;
;1464;(00000000) (0) (0) (00)    ;(00000000) (0) (0) (00)   ;(00000000) (0) (0) (00)   ;(00000000) (0) (0) (00)   ;(00000000) (0) (0) (00)   ;(00000000) (0) (0) (00)   ;(00000000) (0) (0) (00)   ;(00000000) (0) (0) (00)   ;
;1472;(00000000) (0) (0) (00)    ;(00000000) (0) (0) (00)   ;(00000000) (0) (0) (00)   ;(00000000) (0) (0) (00)   ;(00000000) (0) (0) (00)   ;(00000000) (0) (0) (00)   ;(00000000) (0) (0) (00)   ;(00000000) (0) (0) (00)   ;
;1480;(00000000) (0) (0) (00)    ;(00000000) (0) (0) (00)   ;(00000000) (0) (0) (00)   ;(00000000) (0) (0) (00)   ;(00000000) (0) (0) (00)   ;(00000000) (0) (0) (00)   ;(00000000) (0) (0) (00)   ;(00000000) (0) (0) (00)   ;
;1488;(00000000) (0) (0) (00)    ;(00000000) (0) (0) (00)   ;(00000000) (0) (0) (00)   ;(00000000) (0) (0) (00)   ;(00000000) (0) (0) (00)   ;(00000000) (0) (0) (00)   ;(00000000) (0) (0) (00)   ;(00000000) (0) (0) (00)   ;
;1496;(00000000) (0) (0) (00)    ;(00000000) (0) (0) (00)   ;(00000000) (0) (0) (00)   ;(00000000) (0) (0) (00)   ;(00000000) (0) (0) (00)   ;(00000000) (0) (0) (00)   ;(00000000) (0) (0) (00)   ;(00000000) (0) (0) (00)   ;
;1504;(00000000) (0) (0) (00)    ;(00000000) (0) (0) (00)   ;(00000000) (0) (0) (00)   ;(00000000) (0) (0) (00)   ;(00000000) (0) (0) (00)   ;(00000000) (0) (0) (00)   ;(00000000) (0) (0) (00)   ;(00000000) (0) (0) (00)   ;
;1512;(00000000) (0) (0) (00)    ;(00000000) (0) (0) (00)   ;(00000000) (0) (0) (00)   ;(00000000) (0) (0) (00)   ;(00000000) (0) (0) (00)   ;(00000000) (0) (0) (00)   ;(00000000) (0) (0) (00)   ;(00000000) (0) (0) (00)   ;
;1520;(00000000) (0) (0) (00)    ;(00000000) (0) (0) (00)   ;(00000000) (0) (0) (00)   ;(00000000) (0) (0) (00)   ;(00000000) (0) (0) (00)   ;(00000000) (0) (0) (00)   ;(00000000) (0) (0) (00)   ;(00000000) (0) (0) (00)   ;
;1528;(00000000) (0) (0) (00)    ;(00000000) (0) (0) (00)   ;(00000000) (0) (0) (00)   ;(00000000) (0) (0) (00)   ;(00000000) (0) (0) (00)   ;(00000000) (0) (0) (00)   ;(00000000) (0) (0) (00)   ;(00000000) (0) (0) (00)   ;
;1536;(00000000) (0) (0) (00)    ;(00000000) (0) (0) (00)   ;(00000000) (0) (0) (00)   ;(00000000) (0) (0) (00)   ;(00000000) (0) (0) (00)   ;(00000000) (0) (0) (00)   ;(00000000) (0) (0) (00)   ;(00000000) (0) (0) (00)   ;
;1544;(00000000) (0) (0) (00)    ;(00000000) (0) (0) (00)   ;(00000000) (0) (0) (00)   ;(00000000) (0) (0) (00)   ;(00000000) (0) (0) (00)   ;(00000000) (0) (0) (00)   ;(00000000) (0) (0) (00)   ;(00000000) (0) (0) (00)   ;
;1552;(00000000) (0) (0) (00)    ;(00000000) (0) (0) (00)   ;(00000000) (0) (0) (00)   ;(00000000) (0) (0) (00)   ;(00000000) (0) (0) (00)   ;(00000000) (0) (0) (00)   ;(00000000) (0) (0) (00)   ;(00000000) (0) (0) (00)   ;
;1560;(00000000) (0) (0) (00)    ;(00000000) (0) (0) (00)   ;(00000000) (0) (0) (00)   ;(00000000) (0) (0) (00)   ;(00000000) (0) (0) (00)   ;(00000000) (0) (0) (00)   ;(00000000) (0) (0) (00)   ;(00000000) (0) (0) (00)   ;
;1568;(00000000) (0) (0) (00)    ;(00000000) (0) (0) (00)   ;(00000000) (0) (0) (00)   ;(00000000) (0) (0) (00)   ;(00000000) (0) (0) (00)   ;(00000000) (0) (0) (00)   ;(00000000) (0) (0) (00)   ;(00000000) (0) (0) (00)   ;
;1576;(00000000) (0) (0) (00)    ;(00000000) (0) (0) (00)   ;(00000000) (0) (0) (00)   ;(00000000) (0) (0) (00)   ;(00000000) (0) (0) (00)   ;(00000000) (0) (0) (00)   ;(00000000) (0) (0) (00)   ;(00000000) (0) (0) (00)   ;
;1584;(00000000) (0) (0) (00)    ;(00000000) (0) (0) (00)   ;(00000000) (0) (0) (00)   ;(00000000) (0) (0) (00)   ;(00000000) (0) (0) (00)   ;(00000000) (0) (0) (00)   ;(00000000) (0) (0) (00)   ;(00000000) (0) (0) (00)   ;
;1592;(00000000) (0) (0) (00)    ;(00000000) (0) (0) (00)   ;(00000000) (0) (0) (00)   ;(00000000) (0) (0) (00)   ;(00000000) (0) (0) (00)   ;(00000000) (0) (0) (00)   ;(00000000) (0) (0) (00)   ;(00000000) (0) (0) (00)   ;
;1600;(00000000) (0) (0) (00)    ;(00000000) (0) (0) (00)   ;(00000000) (0) (0) (00)   ;(00000000) (0) (0) (00)   ;(00000000) (0) (0) (00)   ;(00000000) (0) (0) (00)   ;(00000000) (0) (0) (00)   ;(00000000) (0) (0) (00)   ;
;1608;(00000000) (0) (0) (00)    ;(00000000) (0) (0) (00)   ;(00000000) (0) (0) (00)   ;(00000000) (0) (0) (00)   ;(00000000) (0) (0) (00)   ;(00000000) (0) (0) (00)   ;(00000000) (0) (0) (00)   ;(00000000) (0) (0) (00)   ;
;1616;(00000000) (0) (0) (00)    ;(00000000) (0) (0) (00)   ;(00000000) (0) (0) (00)   ;(00000000) (0) (0) (00)   ;(00000000) (0) (0) (00)   ;(00000000) (0) (0) (00)   ;(00000000) (0) (0) (00)   ;(00000000) (0) (0) (00)   ;
;1624;(00000000) (0) (0) (00)    ;(00000000) (0) (0) (00)   ;(00000000) (0) (0) (00)   ;(00000000) (0) (0) (00)   ;(00000000) (0) (0) (00)   ;(00000000) (0) (0) (00)   ;(00000000) (0) (0) (00)   ;(00000000) (0) (0) (00)   ;
;1632;(00000000) (0) (0) (00)    ;(00000000) (0) (0) (00)   ;(00000000) (0) (0) (00)   ;(00000000) (0) (0) (00)   ;(00000000) (0) (0) (00)   ;(00000000) (0) (0) (00)   ;(00000000) (0) (0) (00)   ;(00000000) (0) (0) (00)   ;
;1640;(00000000) (0) (0) (00)    ;(00000000) (0) (0) (00)   ;(00000000) (0) (0) (00)   ;(00000000) (0) (0) (00)   ;(00000000) (0) (0) (00)   ;(00000000) (0) (0) (00)   ;(00000000) (0) (0) (00)   ;(00000000) (0) (0) (00)   ;
;1648;(00000000) (0) (0) (00)    ;(00000000) (0) (0) (00)   ;(00000000) (0) (0) (00)   ;(00000000) (0) (0) (00)   ;(00000000) (0) (0) (00)   ;(00000000) (0) (0) (00)   ;(00000000) (0) (0) (00)   ;(00000000) (0) (0) (00)   ;
;1656;(00000000) (0) (0) (00)    ;(00000000) (0) (0) (00)   ;(00000000) (0) (0) (00)   ;(00000000) (0) (0) (00)   ;(00000000) (0) (0) (00)   ;(00000000) (0) (0) (00)   ;(00000000) (0) (0) (00)   ;(00000000) (0) (0) (00)   ;
;1664;(00000000) (0) (0) (00)    ;(00000000) (0) (0) (00)   ;(00000000) (0) (0) (00)   ;(00000000) (0) (0) (00)   ;(00000000) (0) (0) (00)   ;(00000000) (0) (0) (00)   ;(00000000) (0) (0) (00)   ;(00000000) (0) (0) (00)   ;
;1672;(00000000) (0) (0) (00)    ;(00000000) (0) (0) (00)   ;(00000000) (0) (0) (00)   ;(00000000) (0) (0) (00)   ;(00000000) (0) (0) (00)   ;(00000000) (0) (0) (00)   ;(00000000) (0) (0) (00)   ;(00000000) (0) (0) (00)   ;
;1680;(00000000) (0) (0) (00)    ;(00000000) (0) (0) (00)   ;(00000000) (0) (0) (00)   ;(00000000) (0) (0) (00)   ;(00000000) (0) (0) (00)   ;(00000000) (0) (0) (00)   ;(00000000) (0) (0) (00)   ;(00000000) (0) (0) (00)   ;
;1688;(00000000) (0) (0) (00)    ;(00000000) (0) (0) (00)   ;(00000000) (0) (0) (00)   ;(00000000) (0) (0) (00)   ;(00000000) (0) (0) (00)   ;(00000000) (0) (0) (00)   ;(00000000) (0) (0) (00)   ;(00000000) (0) (0) (00)   ;
;1696;(00000000) (0) (0) (00)    ;(00000000) (0) (0) (00)   ;(00000000) (0) (0) (00)   ;(00000000) (0) (0) (00)   ;(00000000) (0) (0) (00)   ;(00000000) (0) (0) (00)   ;(00000000) (0) (0) (00)   ;(00000000) (0) (0) (00)   ;
;1704;(00000000) (0) (0) (00)    ;(00000000) (0) (0) (00)   ;(00000000) (0) (0) (00)   ;(00000000) (0) (0) (00)   ;(00000000) (0) (0) (00)   ;(00000000) (0) (0) (00)   ;(00000000) (0) (0) (00)   ;(00000000) (0) (0) (00)   ;
;1712;(00000000) (0) (0) (00)    ;(00000000) (0) (0) (00)   ;(00000000) (0) (0) (00)   ;(00000000) (0) (0) (00)   ;(00000000) (0) (0) (00)   ;(00000000) (0) (0) (00)   ;(00000000) (0) (0) (00)   ;(00000000) (0) (0) (00)   ;
;1720;(00000000) (0) (0) (00)    ;(00000000) (0) (0) (00)   ;(00000000) (0) (0) (00)   ;(00000000) (0) (0) (00)   ;(00000000) (0) (0) (00)   ;(00000000) (0) (0) (00)   ;(00000000) (0) (0) (00)   ;(00000000) (0) (0) (00)   ;
;1728;(00000000) (0) (0) (00)    ;(00000000) (0) (0) (00)   ;(00000000) (0) (0) (00)   ;(00000000) (0) (0) (00)   ;(00000000) (0) (0) (00)   ;(00000000) (0) (0) (00)   ;(00000000) (0) (0) (00)   ;(00000000) (0) (0) (00)   ;
;1736;(00000000) (0) (0) (00)    ;(00000000) (0) (0) (00)   ;(00000000) (0) (0) (00)   ;(00000000) (0) (0) (00)   ;(00000000) (0) (0) (00)   ;(00000000) (0) (0) (00)   ;(00000000) (0) (0) (00)   ;(00000000) (0) (0) (00)   ;
;1744;(00000000) (0) (0) (00)    ;(00000000) (0) (0) (00)   ;(00000000) (0) (0) (00)   ;(00000000) (0) (0) (00)   ;(00000000) (0) (0) (00)   ;(00000000) (0) (0) (00)   ;(00000000) (0) (0) (00)   ;(00000000) (0) (0) (00)   ;
;1752;(00000000) (0) (0) (00)    ;(00000000) (0) (0) (00)   ;(00000000) (0) (0) (00)   ;(00000000) (0) (0) (00)   ;(00000000) (0) (0) (00)   ;(00000000) (0) (0) (00)   ;(00000000) (0) (0) (00)   ;(00000000) (0) (0) (00)   ;
;1760;(00000000) (0) (0) (00)    ;(00000000) (0) (0) (00)   ;(00000000) (0) (0) (00)   ;(00000000) (0) (0) (00)   ;(00000000) (0) (0) (00)   ;(00000000) (0) (0) (00)   ;(00000000) (0) (0) (00)   ;(00000000) (0) (0) (00)   ;
;1768;(00000000) (0) (0) (00)    ;(00000000) (0) (0) (00)   ;(00000000) (0) (0) (00)   ;(00000000) (0) (0) (00)   ;(00000000) (0) (0) (00)   ;(00000000) (0) (0) (00)   ;(00000000) (0) (0) (00)   ;(00000000) (0) (0) (00)   ;
;1776;(00000000) (0) (0) (00)    ;(00000000) (0) (0) (00)   ;(00000000) (0) (0) (00)   ;(00000000) (0) (0) (00)   ;(00000000) (0) (0) (00)   ;(00000000) (0) (0) (00)   ;(00000000) (0) (0) (00)   ;(00000000) (0) (0) (00)   ;
;1784;(00000000) (0) (0) (00)    ;(00000000) (0) (0) (00)   ;(00000000) (0) (0) (00)   ;(00000000) (0) (0) (00)   ;(00000000) (0) (0) (00)   ;(00000000) (0) (0) (00)   ;(00000000) (0) (0) (00)   ;(00000000) (0) (0) (00)   ;
;1792;(00000000) (0) (0) (00)    ;(00000000) (0) (0) (00)   ;(00000000) (0) (0) (00)   ;(00000000) (0) (0) (00)   ;(00000000) (0) (0) (00)   ;(00000000) (0) (0) (00)   ;(00000000) (0) (0) (00)   ;(00000000) (0) (0) (00)   ;
;1800;(00000000) (0) (0) (00)    ;(00000000) (0) (0) (00)   ;(00000000) (0) (0) (00)   ;(00000000) (0) (0) (00)   ;(00000000) (0) (0) (00)   ;(00000000) (0) (0) (00)   ;(00000000) (0) (0) (00)   ;(00000000) (0) (0) (00)   ;
;1808;(00000000) (0) (0) (00)    ;(00000000) (0) (0) (00)   ;(00000000) (0) (0) (00)   ;(00000000) (0) (0) (00)   ;(00000000) (0) (0) (00)   ;(00000000) (0) (0) (00)   ;(00000000) (0) (0) (00)   ;(00000000) (0) (0) (00)   ;
;1816;(00000000) (0) (0) (00)    ;(00000000) (0) (0) (00)   ;(00000000) (0) (0) (00)   ;(00000000) (0) (0) (00)   ;(00000000) (0) (0) (00)   ;(00000000) (0) (0) (00)   ;(00000000) (0) (0) (00)   ;(00000000) (0) (0) (00)   ;
;1824;(00000000) (0) (0) (00)    ;(00000000) (0) (0) (00)   ;(00000000) (0) (0) (00)   ;(00000000) (0) (0) (00)   ;(00000000) (0) (0) (00)   ;(00000000) (0) (0) (00)   ;(00000000) (0) (0) (00)   ;(00000000) (0) (0) (00)   ;
;1832;(00000000) (0) (0) (00)    ;(00000000) (0) (0) (00)   ;(00000000) (0) (0) (00)   ;(00000000) (0) (0) (00)   ;(00000000) (0) (0) (00)   ;(00000000) (0) (0) (00)   ;(00000000) (0) (0) (00)   ;(00000000) (0) (0) (00)   ;
;1840;(00000000) (0) (0) (00)    ;(00000000) (0) (0) (00)   ;(00000000) (0) (0) (00)   ;(00000000) (0) (0) (00)   ;(00000000) (0) (0) (00)   ;(00000000) (0) (0) (00)   ;(00000000) (0) (0) (00)   ;(00000000) (0) (0) (00)   ;
;1848;(00000000) (0) (0) (00)    ;(00000000) (0) (0) (00)   ;(00000000) (0) (0) (00)   ;(00000000) (0) (0) (00)   ;(00000000) (0) (0) (00)   ;(00000000) (0) (0) (00)   ;(00000000) (0) (0) (00)   ;(00000000) (0) (0) (00)   ;
;1856;(00000000) (0) (0) (00)    ;(00000000) (0) (0) (00)   ;(00000000) (0) (0) (00)   ;(00000000) (0) (0) (00)   ;(00000000) (0) (0) (00)   ;(00000000) (0) (0) (00)   ;(00000000) (0) (0) (00)   ;(00000000) (0) (0) (00)   ;
;1864;(00000000) (0) (0) (00)    ;(00000000) (0) (0) (00)   ;(00000000) (0) (0) (00)   ;(00000000) (0) (0) (00)   ;(00000000) (0) (0) (00)   ;(00000000) (0) (0) (00)   ;(00000000) (0) (0) (00)   ;(00000000) (0) (0) (00)   ;
;1872;(00000000) (0) (0) (00)    ;(00000000) (0) (0) (00)   ;(00000000) (0) (0) (00)   ;(00000000) (0) (0) (00)   ;(00000000) (0) (0) (00)   ;(00000000) (0) (0) (00)   ;(00000000) (0) (0) (00)   ;(00000000) (0) (0) (00)   ;
;1880;(00000000) (0) (0) (00)    ;(00000000) (0) (0) (00)   ;(00000000) (0) (0) (00)   ;(00000000) (0) (0) (00)   ;(00000000) (0) (0) (00)   ;(00000000) (0) (0) (00)   ;(00000000) (0) (0) (00)   ;(00000000) (0) (0) (00)   ;
;1888;(00000000) (0) (0) (00)    ;(00000000) (0) (0) (00)   ;(00000000) (0) (0) (00)   ;(00000000) (0) (0) (00)   ;(00000000) (0) (0) (00)   ;(00000000) (0) (0) (00)   ;(00000000) (0) (0) (00)   ;(00000000) (0) (0) (00)   ;
;1896;(00000000) (0) (0) (00)    ;(00000000) (0) (0) (00)   ;(00000000) (0) (0) (00)   ;(00000000) (0) (0) (00)   ;(00000000) (0) (0) (00)   ;(00000000) (0) (0) (00)   ;(00000000) (0) (0) (00)   ;(00000000) (0) (0) (00)   ;
;1904;(00000000) (0) (0) (00)    ;(00000000) (0) (0) (00)   ;(00000000) (0) (0) (00)   ;(00000000) (0) (0) (00)   ;(00000000) (0) (0) (00)   ;(00000000) (0) (0) (00)   ;(00000000) (0) (0) (00)   ;(00000000) (0) (0) (00)   ;
;1912;(00000000) (0) (0) (00)    ;(00000000) (0) (0) (00)   ;(00000000) (0) (0) (00)   ;(00000000) (0) (0) (00)   ;(00000000) (0) (0) (00)   ;(00000000) (0) (0) (00)   ;(00000000) (0) (0) (00)   ;(00000000) (0) (0) (00)   ;
;1920;(00000000) (0) (0) (00)    ;(00000000) (0) (0) (00)   ;(00000000) (0) (0) (00)   ;(00000000) (0) (0) (00)   ;(00000000) (0) (0) (00)   ;(00000000) (0) (0) (00)   ;(00000000) (0) (0) (00)   ;(00000000) (0) (0) (00)   ;
;1928;(00000000) (0) (0) (00)    ;(00000000) (0) (0) (00)   ;(00000000) (0) (0) (00)   ;(00000000) (0) (0) (00)   ;(00000000) (0) (0) (00)   ;(00000000) (0) (0) (00)   ;(00000000) (0) (0) (00)   ;(00000000) (0) (0) (00)   ;
;1936;(00000000) (0) (0) (00)    ;(00000000) (0) (0) (00)   ;(00000000) (0) (0) (00)   ;(00000000) (0) (0) (00)   ;(00000000) (0) (0) (00)   ;(00000000) (0) (0) (00)   ;(00000000) (0) (0) (00)   ;(00000000) (0) (0) (00)   ;
;1944;(00000000) (0) (0) (00)    ;(00000000) (0) (0) (00)   ;(00000000) (0) (0) (00)   ;(00000000) (0) (0) (00)   ;(00000000) (0) (0) (00)   ;(00000000) (0) (0) (00)   ;(00000000) (0) (0) (00)   ;(00000000) (0) (0) (00)   ;
;1952;(00000000) (0) (0) (00)    ;(00000000) (0) (0) (00)   ;(00000000) (0) (0) (00)   ;(00000000) (0) (0) (00)   ;(00000000) (0) (0) (00)   ;(00000000) (0) (0) (00)   ;(00000000) (0) (0) (00)   ;(00000000) (0) (0) (00)   ;
;1960;(00000000) (0) (0) (00)    ;(00000000) (0) (0) (00)   ;(00000000) (0) (0) (00)   ;(00000000) (0) (0) (00)   ;(00000000) (0) (0) (00)   ;(00000000) (0) (0) (00)   ;(00000000) (0) (0) (00)   ;(00000000) (0) (0) (00)   ;
;1968;(00000000) (0) (0) (00)    ;(00000000) (0) (0) (00)   ;(00000000) (0) (0) (00)   ;(00000000) (0) (0) (00)   ;(00000000) (0) (0) (00)   ;(00000000) (0) (0) (00)   ;(00000000) (0) (0) (00)   ;(00000000) (0) (0) (00)   ;
;1976;(00000000) (0) (0) (00)    ;(00000000) (0) (0) (00)   ;(00000000) (0) (0) (00)   ;(00000000) (0) (0) (00)   ;(00000000) (0) (0) (00)   ;(00000000) (0) (0) (00)   ;(00000000) (0) (0) (00)   ;(00000000) (0) (0) (00)   ;
;1984;(00000000) (0) (0) (00)    ;(00000000) (0) (0) (00)   ;(00000000) (0) (0) (00)   ;(00000000) (0) (0) (00)   ;(00000000) (0) (0) (00)   ;(00000000) (0) (0) (00)   ;(00000000) (0) (0) (00)   ;(00000000) (0) (0) (00)   ;
;1992;(00000000) (0) (0) (00)    ;(00000000) (0) (0) (00)   ;(00000000) (0) (0) (00)   ;(00000000) (0) (0) (00)   ;(00000000) (0) (0) (00)   ;(00000000) (0) (0) (00)   ;(00000000) (0) (0) (00)   ;(00000000) (0) (0) (00)   ;
;2000;(00000000) (0) (0) (00)    ;(00000000) (0) (0) (00)   ;(00000000) (0) (0) (00)   ;(00000000) (0) (0) (00)   ;(00000000) (0) (0) (00)   ;(00000000) (0) (0) (00)   ;(00000000) (0) (0) (00)   ;(00000000) (0) (0) (00)   ;
;2008;(00000000) (0) (0) (00)    ;(00000000) (0) (0) (00)   ;(00000000) (0) (0) (00)   ;(00000000) (0) (0) (00)   ;(00000000) (0) (0) (00)   ;(00000000) (0) (0) (00)   ;(00000000) (0) (0) (00)   ;(00000000) (0) (0) (00)   ;
;2016;(00000000) (0) (0) (00)    ;(00000000) (0) (0) (00)   ;(00000000) (0) (0) (00)   ;(00000000) (0) (0) (00)   ;(00000000) (0) (0) (00)   ;(00000000) (0) (0) (00)   ;(00000000) (0) (0) (00)   ;(00000000) (0) (0) (00)   ;
;2024;(00000000) (0) (0) (00)    ;(00000000) (0) (0) (00)   ;(00000000) (0) (0) (00)   ;(00000000) (0) (0) (00)   ;(00000000) (0) (0) (00)   ;(00000000) (0) (0) (00)   ;(00000000) (0) (0) (00)   ;(00000000) (0) (0) (00)   ;
;2032;(00000000) (0) (0) (00)    ;(00000000) (0) (0) (00)   ;(00000000) (0) (0) (00)   ;(00000000) (0) (0) (00)   ;(00000000) (0) (0) (00)   ;(00000000) (0) (0) (00)   ;(00000000) (0) (0) (00)   ;(00000000) (0) (0) (00)   ;
;2040;(00000000) (0) (0) (00)    ;(00000000) (0) (0) (00)   ;(00000000) (0) (0) (00)   ;(00000000) (0) (0) (00)   ;(00000000) (0) (0) (00)   ;(00000000) (0) (0) (00)   ;(00000000) (0) (0) (00)   ;(00000000) (0) (0) (00)   ;


+-------------------------------------------------+
; Routing Usage Summary                           ;
+-----------------------+-------------------------+
; Routing Resource Type ; Usage                   ;
+-----------------------+-------------------------+
; Block interconnects   ; 5,735 / 148,641 ( 4 % ) ;
; C16 interconnects     ; 37 / 5,382 ( < 1 % )    ;
; C4 interconnects      ; 3,223 / 106,704 ( 3 % ) ;
; Direct links          ; 630 / 148,641 ( < 1 % ) ;
; Global clocks         ; 1 / 20 ( 5 % )          ;
; Local interconnects   ; 1,887 / 49,760 ( 4 % )  ;
; NSLEEPs               ; 0 / 500 ( 0 % )         ;
; R24 interconnects     ; 58 / 5,406 ( 1 % )      ;
; R4 interconnects      ; 3,868 / 147,764 ( 3 % ) ;
+-----------------------+-------------------------+


+-----------------------------------------------------------------------------+
; LAB Logic Elements                                                          ;
+---------------------------------------------+-------------------------------+
; Number of Logic Elements  (Average = 13.99) ; Number of LABs  (Total = 258) ;
+---------------------------------------------+-------------------------------+
; 1                                           ; 9                             ;
; 2                                           ; 4                             ;
; 3                                           ; 3                             ;
; 4                                           ; 4                             ;
; 5                                           ; 2                             ;
; 6                                           ; 1                             ;
; 7                                           ; 3                             ;
; 8                                           ; 4                             ;
; 9                                           ; 3                             ;
; 10                                          ; 2                             ;
; 11                                          ; 5                             ;
; 12                                          ; 9                             ;
; 13                                          ; 5                             ;
; 14                                          ; 10                            ;
; 15                                          ; 21                            ;
; 16                                          ; 173                           ;
+---------------------------------------------+-------------------------------+


+--------------------------------------------------------------------+
; LAB-wide Signals                                                   ;
+------------------------------------+-------------------------------+
; LAB-wide Signals  (Average = 1.60) ; Number of LABs  (Total = 258) ;
+------------------------------------+-------------------------------+
; 1 Async. clear                     ; 1                             ;
; 1 Clock                            ; 201                           ;
; 1 Clock enable                     ; 100                           ;
; 1 Sync. clear                      ; 40                            ;
; 1 Sync. load                       ; 40                            ;
; 2 Clock enables                    ; 32                            ;
+------------------------------------+-------------------------------+


+------------------------------------------------------------------------------+
; LAB Signals Sourced                                                          ;
+----------------------------------------------+-------------------------------+
; Number of Signals Sourced  (Average = 18.26) ; Number of LABs  (Total = 258) ;
+----------------------------------------------+-------------------------------+
; 0                                            ; 5                             ;
; 1                                            ; 13                            ;
; 2                                            ; 5                             ;
; 3                                            ; 3                             ;
; 4                                            ; 2                             ;
; 5                                            ; 2                             ;
; 6                                            ; 1                             ;
; 7                                            ; 0                             ;
; 8                                            ; 2                             ;
; 9                                            ; 1                             ;
; 10                                           ; 1                             ;
; 11                                           ; 1                             ;
; 12                                           ; 5                             ;
; 13                                           ; 1                             ;
; 14                                           ; 5                             ;
; 15                                           ; 7                             ;
; 16                                           ; 27                            ;
; 17                                           ; 14                            ;
; 18                                           ; 25                            ;
; 19                                           ; 18                            ;
; 20                                           ; 20                            ;
; 21                                           ; 20                            ;
; 22                                           ; 20                            ;
; 23                                           ; 9                             ;
; 24                                           ; 10                            ;
; 25                                           ; 3                             ;
; 26                                           ; 7                             ;
; 27                                           ; 7                             ;
; 28                                           ; 2                             ;
; 29                                           ; 2                             ;
; 30                                           ; 2                             ;
; 31                                           ; 3                             ;
; 32                                           ; 15                            ;
+----------------------------------------------+-------------------------------+


+---------------------------------------------------------------------------------+
; LAB Signals Sourced Out                                                         ;
+-------------------------------------------------+-------------------------------+
; Number of Signals Sourced Out  (Average = 9.10) ; Number of LABs  (Total = 258) ;
+-------------------------------------------------+-------------------------------+
; 0                                               ; 5                             ;
; 1                                               ; 16                            ;
; 2                                               ; 9                             ;
; 3                                               ; 7                             ;
; 4                                               ; 8                             ;
; 5                                               ; 15                            ;
; 6                                               ; 18                            ;
; 7                                               ; 21                            ;
; 8                                               ; 19                            ;
; 9                                               ; 18                            ;
; 10                                              ; 19                            ;
; 11                                              ; 12                            ;
; 12                                              ; 22                            ;
; 13                                              ; 16                            ;
; 14                                              ; 13                            ;
; 15                                              ; 8                             ;
; 16                                              ; 28                            ;
; 17                                              ; 2                             ;
; 18                                              ; 1                             ;
; 19                                              ; 0                             ;
; 20                                              ; 1                             ;
+-------------------------------------------------+-------------------------------+


+------------------------------------------------------------------------------+
; LAB Distinct Inputs                                                          ;
+----------------------------------------------+-------------------------------+
; Number of Distinct Inputs  (Average = 20.92) ; Number of LABs  (Total = 258) ;
+----------------------------------------------+-------------------------------+
; 0                                            ; 0                             ;
; 1                                            ; 0                             ;
; 2                                            ; 5                             ;
; 3                                            ; 6                             ;
; 4                                            ; 10                            ;
; 5                                            ; 4                             ;
; 6                                            ; 6                             ;
; 7                                            ; 3                             ;
; 8                                            ; 2                             ;
; 9                                            ; 5                             ;
; 10                                           ; 6                             ;
; 11                                           ; 3                             ;
; 12                                           ; 1                             ;
; 13                                           ; 9                             ;
; 14                                           ; 7                             ;
; 15                                           ; 7                             ;
; 16                                           ; 4                             ;
; 17                                           ; 13                            ;
; 18                                           ; 9                             ;
; 19                                           ; 7                             ;
; 20                                           ; 8                             ;
; 21                                           ; 13                            ;
; 22                                           ; 8                             ;
; 23                                           ; 8                             ;
; 24                                           ; 9                             ;
; 25                                           ; 6                             ;
; 26                                           ; 5                             ;
; 27                                           ; 9                             ;
; 28                                           ; 14                            ;
; 29                                           ; 8                             ;
; 30                                           ; 5                             ;
; 31                                           ; 11                            ;
; 32                                           ; 15                            ;
; 33                                           ; 13                            ;
; 34                                           ; 6                             ;
; 35                                           ; 8                             ;
; 36                                           ; 2                             ;
; 37                                           ; 2                             ;
+----------------------------------------------+-------------------------------+


+------------------------------------------+
; I/O Rules Summary                        ;
+----------------------------------+-------+
; I/O Rules Statistic              ; Total ;
+----------------------------------+-------+
; Total I/O Rules                  ; 30    ;
; Number of I/O Rules Passed       ; 12    ;
; Number of I/O Rules Failed       ; 0     ;
; Number of I/O Rules Unchecked    ; 0     ;
; Number of I/O Rules Inapplicable ; 18    ;
+----------------------------------+-------+


+-----------------------------------------------------------------------------------------------------------------------------------------------------------------------------------------------------------------------------------------------------------------------------------------------------+
; I/O Rules Details                                                                                                                                                                                                                                                                                   ;
+--------------+-----------+-----------------------------------+------------------------------------------------------------------------------------------------------+----------+--------------------------------------------------------------------------+---------------------+-------------------+
; Status       ; ID        ; Category                          ; Rule Description                                                                                     ; Severity ; Information                                                              ; Area                ; Extra Information ;
+--------------+-----------+-----------------------------------+------------------------------------------------------------------------------------------------------+----------+--------------------------------------------------------------------------+---------------------+-------------------+
; Pass         ; IO_000001 ; Capacity Checks                   ; Number of pins in an I/O bank should not exceed the number of locations available.                   ; Critical ; 0 such failures found.                                                   ; I/O                 ;                   ;
; Inapplicable ; IO_000002 ; Capacity Checks                   ; Number of clocks in an I/O bank should not exceed the number of clocks available.                    ; Critical ; No Global Signal assignments found.                                      ; I/O                 ;                   ;
; Pass         ; IO_000003 ; Capacity Checks                   ; Number of pins in a Vrefgroup should not exceed the number of locations available.                   ; Critical ; 0 such failures found.                                                   ; I/O                 ;                   ;
; Inapplicable ; IO_000004 ; Voltage Compatibility Checks      ; The I/O bank should support the requested VCCIO.                                                     ; Critical ; No IOBANK_VCCIO assignments found.                                       ; I/O                 ;                   ;
; Inapplicable ; IO_000005 ; Voltage Compatibility Checks      ; The I/O bank should not have competing VREF values.                                                  ; Critical ; No VREF I/O Standard assignments found.                                  ; I/O                 ;                   ;
; Pass         ; IO_000006 ; Voltage Compatibility Checks      ; The I/O bank should not have competing VCCIO values.                                                 ; Critical ; 0 such failures found.                                                   ; I/O                 ;                   ;
; Pass         ; IO_000007 ; Valid Location Checks             ; Checks for unavailable locations.                                                                    ; Critical ; 0 such failures found.                                                   ; I/O                 ;                   ;
; Inapplicable ; IO_000008 ; Valid Location Checks             ; Checks for reserved locations.                                                                       ; Critical ; No reserved LogicLock region found.                                      ; I/O                 ;                   ;
; Pass         ; IO_000009 ; I/O Properties Checks for One I/O ; The location should support the requested I/O standard.                                              ; Critical ; 0 such failures found.                                                   ; I/O                 ;                   ;
; Pass         ; IO_000010 ; I/O Properties Checks for One I/O ; The location should support the requested I/O direction.                                             ; Critical ; 0 such failures found.                                                   ; I/O                 ;                   ;
; Inapplicable ; IO_000011 ; I/O Properties Checks for One I/O ; The location should support the requested Current Strength.                                          ; Critical ; No Current Strength assignments found.                                   ; I/O                 ;                   ;
; Pass         ; IO_000012 ; I/O Properties Checks for One I/O ; The location should support the requested On Chip Termination value.                                 ; Critical ; 0 such failures found.                                                   ; I/O                 ;                   ;
; Inapplicable ; IO_000013 ; I/O Properties Checks for One I/O ; The location should support the requested Bus Hold value.                                            ; Critical ; No Enable Bus-Hold Circuitry assignments found.                          ; I/O                 ;                   ;
; Inapplicable ; IO_000014 ; I/O Properties Checks for One I/O ; The location should support the requested Weak Pull Up value.                                        ; Critical ; No Weak Pull-Up Resistor assignments found.                              ; I/O                 ;                   ;
; Pass         ; IO_000015 ; I/O Properties Checks for One I/O ; The location should support the requested PCI Clamp Diode.                                           ; Critical ; 0 such failures found.                                                   ; I/O                 ;                   ;
; Inapplicable ; IO_000018 ; I/O Properties Checks for One I/O ; The I/O standard should support the requested Current Strength.                                      ; Critical ; No Current Strength assignments found.                                   ; I/O                 ;                   ;
; Pass         ; IO_000019 ; I/O Properties Checks for One I/O ; The I/O standard should support the requested On Chip Termination value.                             ; Critical ; 0 such failures found.                                                   ; I/O                 ;                   ;
; Pass         ; IO_000020 ; I/O Properties Checks for One I/O ; The I/O standard should support the requested PCI Clamp Diode.                                       ; Critical ; 0 such failures found.                                                   ; I/O                 ;                   ;
; Inapplicable ; IO_000021 ; I/O Properties Checks for One I/O ; The I/O standard should support the requested Weak Pull Up value.                                    ; Critical ; No Weak Pull-Up Resistor assignments found.                              ; I/O                 ;                   ;
; Inapplicable ; IO_000022 ; I/O Properties Checks for One I/O ; The I/O standard should support the requested Bus Hold value.                                        ; Critical ; No Enable Bus-Hold Circuitry assignments found.                          ; I/O                 ;                   ;
; Inapplicable ; IO_000023 ; I/O Properties Checks for One I/O ; The I/O standard should support the Open Drain value.                                                ; Critical ; No open drain assignments found.                                         ; I/O                 ;                   ;
; Pass         ; IO_000024 ; I/O Properties Checks for One I/O ; The I/O direction should support the On Chip Termination value.                                      ; Critical ; 0 such failures found.                                                   ; I/O                 ;                   ;
; Inapplicable ; IO_000026 ; I/O Properties Checks for One I/O ; On Chip Termination and Current Strength should not be used at the same time.                        ; Critical ; No Current Strength assignments found.                                   ; I/O                 ;                   ;
; Inapplicable ; IO_000027 ; I/O Properties Checks for One I/O ; Weak Pull Up and Bus Hold should not be used at the same time.                                       ; Critical ; No Enable Bus-Hold Circuitry or Weak Pull-Up Resistor assignments found. ; I/O                 ;                   ;
; Inapplicable ; IO_000045 ; I/O Properties Checks for One I/O ; The I/O standard should support the requested Slew Rate value.                                       ; Critical ; No Slew Rate assignments found.                                          ; I/O                 ;                   ;
; Inapplicable ; IO_000046 ; I/O Properties Checks for One I/O ; The location should support the requested Slew Rate value.                                           ; Critical ; No Slew Rate assignments found.                                          ; I/O                 ;                   ;
; Inapplicable ; IO_000047 ; I/O Properties Checks for One I/O ; On Chip Termination and Slew Rate should not be used at the same time.                               ; Critical ; No Slew Rate assignments found.                                          ; I/O                 ;                   ;
; Pass         ; IO_000033 ; Electromigration Checks           ; Current density for consecutive I/Os should not exceed 160mA for row I/Os and 160mA for column I/Os. ; Critical ; 0 such failures found.                                                   ; I/O                 ;                   ;
; Inapplicable ; IO_000034 ; SI Related Distance Checks        ; Single-ended outputs should be 5 LAB row(s) away from a differential I/O.                            ; High     ; No Differential I/O Standard assignments found.                          ; I/O                 ;                   ;
; Inapplicable ; IO_000042 ; SI Related SSO Limit Checks       ; No more than 20 outputs are allowed in a VREF group when VREF is being read from.                    ; High     ; No VREF I/O Standard assignments found.                                  ; I/O                 ;                   ;
; ----         ; ----      ; Disclaimer                        ; OCT rules are checked but not reported.                                                              ; None     ; ----                                                                     ; On Chip Termination ;                   ;
+--------------+-----------+-----------------------------------+------------------------------------------------------------------------------------------------------+----------+--------------------------------------------------------------------------+---------------------+-------------------+


+--------------------------------------------------------------------------------------------------------------------------------------------------------------------------------------------------------------------------------------------------------------------------------------------------------------------------------------------------------------------------------------------------------------------------------------------------------------------------+
; I/O Rules Matrix                                                                                                                                                                                                                                                                                                                                                                                                                                                         ;
+--------------------+--------------+--------------+--------------+--------------+--------------+-----------+--------------+--------------+-----------+-----------+--------------+--------------+--------------+--------------+--------------+--------------+--------------+--------------+--------------+--------------+--------------+--------------+--------------+--------------+--------------+--------------+--------------+-----------+--------------+--------------+
; Pin/Rules          ; IO_000001    ; IO_000002    ; IO_000003    ; IO_000004    ; IO_000005    ; IO_000006 ; IO_000007    ; IO_000008    ; IO_000009 ; IO_000010 ; IO_000011    ; IO_000012    ; IO_000013    ; IO_000014    ; IO_000015    ; IO_000018    ; IO_000019    ; IO_000020    ; IO_000021    ; IO_000022    ; IO_000023    ; IO_000024    ; IO_000026    ; IO_000027    ; IO_000045    ; IO_000046    ; IO_000047    ; IO_000033 ; IO_000034    ; IO_000042    ;
+--------------------+--------------+--------------+--------------+--------------+--------------+-----------+--------------+--------------+-----------+-----------+--------------+--------------+--------------+--------------+--------------+--------------+--------------+--------------+--------------+--------------+--------------+--------------+--------------+--------------+--------------+--------------+--------------+-----------+--------------+--------------+
; Total Pass         ; 13           ; 0            ; 13           ; 0            ; 0            ; 25        ; 13           ; 0            ; 25        ; 25        ; 0            ; 11           ; 0            ; 0            ; 14           ; 0            ; 11           ; 14           ; 0            ; 0            ; 0            ; 11           ; 0            ; 0            ; 0            ; 0            ; 0            ; 25        ; 0            ; 0            ;
; Total Unchecked    ; 0            ; 0            ; 0            ; 0            ; 0            ; 0         ; 0            ; 0            ; 0         ; 0         ; 0            ; 0            ; 0            ; 0            ; 0            ; 0            ; 0            ; 0            ; 0            ; 0            ; 0            ; 0            ; 0            ; 0            ; 0            ; 0            ; 0            ; 0         ; 0            ; 0            ;
; Total Inapplicable ; 12           ; 25           ; 12           ; 25           ; 25           ; 0         ; 12           ; 25           ; 0         ; 0         ; 25           ; 14           ; 25           ; 25           ; 11           ; 25           ; 14           ; 11           ; 25           ; 25           ; 25           ; 14           ; 25           ; 25           ; 25           ; 25           ; 25           ; 0         ; 25           ; 25           ;
; Total Fail         ; 0            ; 0            ; 0            ; 0            ; 0            ; 0         ; 0            ; 0            ; 0         ; 0         ; 0            ; 0            ; 0            ; 0            ; 0            ; 0            ; 0            ; 0            ; 0            ; 0            ; 0            ; 0            ; 0            ; 0            ; 0            ; 0            ; 0            ; 0         ; 0            ; 0            ;
; KEY[1]             ; Pass         ; Inapplicable ; Pass         ; Inapplicable ; Inapplicable ; Pass      ; Pass         ; Inapplicable ; Pass      ; Pass      ; Inapplicable ; Inapplicable ; Inapplicable ; Inapplicable ; Pass         ; Inapplicable ; Inapplicable ; Pass         ; Inapplicable ; Inapplicable ; Inapplicable ; Inapplicable ; Inapplicable ; Inapplicable ; Inapplicable ; Inapplicable ; Inapplicable ; Pass      ; Inapplicable ; Inapplicable ;
; UART_TX            ; Inapplicable ; Inapplicable ; Inapplicable ; Inapplicable ; Inapplicable ; Pass      ; Inapplicable ; Inapplicable ; Pass      ; Pass      ; Inapplicable ; Pass         ; Inapplicable ; Inapplicable ; Inapplicable ; Inapplicable ; Pass         ; Inapplicable ; Inapplicable ; Inapplicable ; Inapplicable ; Pass         ; Inapplicable ; Inapplicable ; Inapplicable ; Inapplicable ; Inapplicable ; Pass      ; Inapplicable ; Inapplicable ;
; SW[0]              ; Inapplicable ; Inapplicable ; Inapplicable ; Inapplicable ; Inapplicable ; Pass      ; Inapplicable ; Inapplicable ; Pass      ; Pass      ; Inapplicable ; Inapplicable ; Inapplicable ; Inapplicable ; Pass         ; Inapplicable ; Inapplicable ; Pass         ; Inapplicable ; Inapplicable ; Inapplicable ; Inapplicable ; Inapplicable ; Inapplicable ; Inapplicable ; Inapplicable ; Inapplicable ; Pass      ; Inapplicable ; Inapplicable ;
; SW[1]              ; Inapplicable ; Inapplicable ; Inapplicable ; Inapplicable ; Inapplicable ; Pass      ; Inapplicable ; Inapplicable ; Pass      ; Pass      ; Inapplicable ; Inapplicable ; Inapplicable ; Inapplicable ; Pass         ; Inapplicable ; Inapplicable ; Pass         ; Inapplicable ; Inapplicable ; Inapplicable ; Inapplicable ; Inapplicable ; Inapplicable ; Inapplicable ; Inapplicable ; Inapplicable ; Pass      ; Inapplicable ; Inapplicable ;
; SW[2]              ; Inapplicable ; Inapplicable ; Inapplicable ; Inapplicable ; Inapplicable ; Pass      ; Inapplicable ; Inapplicable ; Pass      ; Pass      ; Inapplicable ; Inapplicable ; Inapplicable ; Inapplicable ; Pass         ; Inapplicable ; Inapplicable ; Pass         ; Inapplicable ; Inapplicable ; Inapplicable ; Inapplicable ; Inapplicable ; Inapplicable ; Inapplicable ; Inapplicable ; Inapplicable ; Pass      ; Inapplicable ; Inapplicable ;
; SW[3]              ; Inapplicable ; Inapplicable ; Inapplicable ; Inapplicable ; Inapplicable ; Pass      ; Inapplicable ; Inapplicable ; Pass      ; Pass      ; Inapplicable ; Inapplicable ; Inapplicable ; Inapplicable ; Pass         ; Inapplicable ; Inapplicable ; Pass         ; Inapplicable ; Inapplicable ; Inapplicable ; Inapplicable ; Inapplicable ; Inapplicable ; Inapplicable ; Inapplicable ; Inapplicable ; Pass      ; Inapplicable ; Inapplicable ;
; SW[4]              ; Inapplicable ; Inapplicable ; Inapplicable ; Inapplicable ; Inapplicable ; Pass      ; Inapplicable ; Inapplicable ; Pass      ; Pass      ; Inapplicable ; Inapplicable ; Inapplicable ; Inapplicable ; Pass         ; Inapplicable ; Inapplicable ; Pass         ; Inapplicable ; Inapplicable ; Inapplicable ; Inapplicable ; Inapplicable ; Inapplicable ; Inapplicable ; Inapplicable ; Inapplicable ; Pass      ; Inapplicable ; Inapplicable ;
; SW[5]              ; Inapplicable ; Inapplicable ; Inapplicable ; Inapplicable ; Inapplicable ; Pass      ; Inapplicable ; Inapplicable ; Pass      ; Pass      ; Inapplicable ; Inapplicable ; Inapplicable ; Inapplicable ; Pass         ; Inapplicable ; Inapplicable ; Pass         ; Inapplicable ; Inapplicable ; Inapplicable ; Inapplicable ; Inapplicable ; Inapplicable ; Inapplicable ; Inapplicable ; Inapplicable ; Pass      ; Inapplicable ; Inapplicable ;
; SW[6]              ; Inapplicable ; Inapplicable ; Inapplicable ; Inapplicable ; Inapplicable ; Pass      ; Inapplicable ; Inapplicable ; Pass      ; Pass      ; Inapplicable ; Inapplicable ; Inapplicable ; Inapplicable ; Pass         ; Inapplicable ; Inapplicable ; Pass         ; Inapplicable ; Inapplicable ; Inapplicable ; Inapplicable ; Inapplicable ; Inapplicable ; Inapplicable ; Inapplicable ; Inapplicable ; Pass      ; Inapplicable ; Inapplicable ;
; SW[7]              ; Inapplicable ; Inapplicable ; Inapplicable ; Inapplicable ; Inapplicable ; Pass      ; Inapplicable ; Inapplicable ; Pass      ; Pass      ; Inapplicable ; Inapplicable ; Inapplicable ; Inapplicable ; Pass         ; Inapplicable ; Inapplicable ; Pass         ; Inapplicable ; Inapplicable ; Inapplicable ; Inapplicable ; Inapplicable ; Inapplicable ; Inapplicable ; Inapplicable ; Inapplicable ; Pass      ; Inapplicable ; Inapplicable ;
; SW[8]              ; Inapplicable ; Inapplicable ; Inapplicable ; Inapplicable ; Inapplicable ; Pass      ; Inapplicable ; Inapplicable ; Pass      ; Pass      ; Inapplicable ; Inapplicable ; Inapplicable ; Inapplicable ; Pass         ; Inapplicable ; Inapplicable ; Pass         ; Inapplicable ; Inapplicable ; Inapplicable ; Inapplicable ; Inapplicable ; Inapplicable ; Inapplicable ; Inapplicable ; Inapplicable ; Pass      ; Inapplicable ; Inapplicable ;
; SW[9]              ; Inapplicable ; Inapplicable ; Inapplicable ; Inapplicable ; Inapplicable ; Pass      ; Inapplicable ; Inapplicable ; Pass      ; Pass      ; Inapplicable ; Inapplicable ; Inapplicable ; Inapplicable ; Pass         ; Inapplicable ; Inapplicable ; Pass         ; Inapplicable ; Inapplicable ; Inapplicable ; Inapplicable ; Inapplicable ; Inapplicable ; Inapplicable ; Inapplicable ; Inapplicable ; Pass      ; Inapplicable ; Inapplicable ;
; LEDR[0]            ; Pass         ; Inapplicable ; Pass         ; Inapplicable ; Inapplicable ; Pass      ; Pass         ; Inapplicable ; Pass      ; Pass      ; Inapplicable ; Pass         ; Inapplicable ; Inapplicable ; Inapplicable ; Inapplicable ; Pass         ; Inapplicable ; Inapplicable ; Inapplicable ; Inapplicable ; Pass         ; Inapplicable ; Inapplicable ; Inapplicable ; Inapplicable ; Inapplicable ; Pass      ; Inapplicable ; Inapplicable ;
; LEDR[1]            ; Pass         ; Inapplicable ; Pass         ; Inapplicable ; Inapplicable ; Pass      ; Pass         ; Inapplicable ; Pass      ; Pass      ; Inapplicable ; Pass         ; Inapplicable ; Inapplicable ; Inapplicable ; Inapplicable ; Pass         ; Inapplicable ; Inapplicable ; Inapplicable ; Inapplicable ; Pass         ; Inapplicable ; Inapplicable ; Inapplicable ; Inapplicable ; Inapplicable ; Pass      ; Inapplicable ; Inapplicable ;
; LEDR[2]            ; Pass         ; Inapplicable ; Pass         ; Inapplicable ; Inapplicable ; Pass      ; Pass         ; Inapplicable ; Pass      ; Pass      ; Inapplicable ; Pass         ; Inapplicable ; Inapplicable ; Inapplicable ; Inapplicable ; Pass         ; Inapplicable ; Inapplicable ; Inapplicable ; Inapplicable ; Pass         ; Inapplicable ; Inapplicable ; Inapplicable ; Inapplicable ; Inapplicable ; Pass      ; Inapplicable ; Inapplicable ;
; LEDR[3]            ; Pass         ; Inapplicable ; Pass         ; Inapplicable ; Inapplicable ; Pass      ; Pass         ; Inapplicable ; Pass      ; Pass      ; Inapplicable ; Pass         ; Inapplicable ; Inapplicable ; Inapplicable ; Inapplicable ; Pass         ; Inapplicable ; Inapplicable ; Inapplicable ; Inapplicable ; Pass         ; Inapplicable ; Inapplicable ; Inapplicable ; Inapplicable ; Inapplicable ; Pass      ; Inapplicable ; Inapplicable ;
; LEDR[4]            ; Pass         ; Inapplicable ; Pass         ; Inapplicable ; Inapplicable ; Pass      ; Pass         ; Inapplicable ; Pass      ; Pass      ; Inapplicable ; Pass         ; Inapplicable ; Inapplicable ; Inapplicable ; Inapplicable ; Pass         ; Inapplicable ; Inapplicable ; Inapplicable ; Inapplicable ; Pass         ; Inapplicable ; Inapplicable ; Inapplicable ; Inapplicable ; Inapplicable ; Pass      ; Inapplicable ; Inapplicable ;
; LEDR[5]            ; Pass         ; Inapplicable ; Pass         ; Inapplicable ; Inapplicable ; Pass      ; Pass         ; Inapplicable ; Pass      ; Pass      ; Inapplicable ; Pass         ; Inapplicable ; Inapplicable ; Inapplicable ; Inapplicable ; Pass         ; Inapplicable ; Inapplicable ; Inapplicable ; Inapplicable ; Pass         ; Inapplicable ; Inapplicable ; Inapplicable ; Inapplicable ; Inapplicable ; Pass      ; Inapplicable ; Inapplicable ;
; LEDR[6]            ; Pass         ; Inapplicable ; Pass         ; Inapplicable ; Inapplicable ; Pass      ; Pass         ; Inapplicable ; Pass      ; Pass      ; Inapplicable ; Pass         ; Inapplicable ; Inapplicable ; Inapplicable ; Inapplicable ; Pass         ; Inapplicable ; Inapplicable ; Inapplicable ; Inapplicable ; Pass         ; Inapplicable ; Inapplicable ; Inapplicable ; Inapplicable ; Inapplicable ; Pass      ; Inapplicable ; Inapplicable ;
; LEDR[7]            ; Pass         ; Inapplicable ; Pass         ; Inapplicable ; Inapplicable ; Pass      ; Pass         ; Inapplicable ; Pass      ; Pass      ; Inapplicable ; Pass         ; Inapplicable ; Inapplicable ; Inapplicable ; Inapplicable ; Pass         ; Inapplicable ; Inapplicable ; Inapplicable ; Inapplicable ; Pass         ; Inapplicable ; Inapplicable ; Inapplicable ; Inapplicable ; Inapplicable ; Pass      ; Inapplicable ; Inapplicable ;
; LEDR[8]            ; Pass         ; Inapplicable ; Pass         ; Inapplicable ; Inapplicable ; Pass      ; Pass         ; Inapplicable ; Pass      ; Pass      ; Inapplicable ; Pass         ; Inapplicable ; Inapplicable ; Inapplicable ; Inapplicable ; Pass         ; Inapplicable ; Inapplicable ; Inapplicable ; Inapplicable ; Pass         ; Inapplicable ; Inapplicable ; Inapplicable ; Inapplicable ; Inapplicable ; Pass      ; Inapplicable ; Inapplicable ;
; LEDR[9]            ; Pass         ; Inapplicable ; Pass         ; Inapplicable ; Inapplicable ; Pass      ; Pass         ; Inapplicable ; Pass      ; Pass      ; Inapplicable ; Pass         ; Inapplicable ; Inapplicable ; Inapplicable ; Inapplicable ; Pass         ; Inapplicable ; Inapplicable ; Inapplicable ; Inapplicable ; Pass         ; Inapplicable ; Inapplicable ; Inapplicable ; Inapplicable ; Inapplicable ; Pass      ; Inapplicable ; Inapplicable ;
; KEY[0]             ; Pass         ; Inapplicable ; Pass         ; Inapplicable ; Inapplicable ; Pass      ; Pass         ; Inapplicable ; Pass      ; Pass      ; Inapplicable ; Inapplicable ; Inapplicable ; Inapplicable ; Pass         ; Inapplicable ; Inapplicable ; Pass         ; Inapplicable ; Inapplicable ; Inapplicable ; Inapplicable ; Inapplicable ; Inapplicable ; Inapplicable ; Inapplicable ; Inapplicable ; Pass      ; Inapplicable ; Inapplicable ;
; MAX10_CLK1_50      ; Pass         ; Inapplicable ; Pass         ; Inapplicable ; Inapplicable ; Pass      ; Pass         ; Inapplicable ; Pass      ; Pass      ; Inapplicable ; Inapplicable ; Inapplicable ; Inapplicable ; Pass         ; Inapplicable ; Inapplicable ; Pass         ; Inapplicable ; Inapplicable ; Inapplicable ; Inapplicable ; Inapplicable ; Inapplicable ; Inapplicable ; Inapplicable ; Inapplicable ; Pass      ; Inapplicable ; Inapplicable ;
; UART_RX            ; Inapplicable ; Inapplicable ; Inapplicable ; Inapplicable ; Inapplicable ; Pass      ; Inapplicable ; Inapplicable ; Pass      ; Pass      ; Inapplicable ; Inapplicable ; Inapplicable ; Inapplicable ; Pass         ; Inapplicable ; Inapplicable ; Pass         ; Inapplicable ; Inapplicable ; Inapplicable ; Inapplicable ; Inapplicable ; Inapplicable ; Inapplicable ; Inapplicable ; Inapplicable ; Pass      ; Inapplicable ; Inapplicable ;
+--------------------+--------------+--------------+--------------+--------------+--------------+-----------+--------------+--------------+-----------+-----------+--------------+--------------+--------------+--------------+--------------+--------------+--------------+--------------+--------------+--------------+--------------+--------------+--------------+--------------+--------------+--------------+--------------+-----------+--------------+--------------+


+-------------------------------------------------------------------------------------------+
; Fitter Device Options                                                                     ;
+------------------------------------------------------------------+------------------------+
; Option                                                           ; Setting                ;
+------------------------------------------------------------------+------------------------+
; Enable user-supplied start-up clock (CLKUSR)                     ; Off                    ;
; Enable device-wide reset (DEV_CLRn)                              ; Off                    ;
; Enable device-wide output enable (DEV_OE)                        ; Off                    ;
; Enable INIT_DONE output                                          ; Off                    ;
; Configuration scheme                                             ; Internal Configuration ;
; Enable Error Detection CRC_ERROR pin                             ; Off                    ;
; Enable open drain on CRC_ERROR pin                               ; Off                    ;
; Enable nCONFIG, nSTATUS, and CONF_DONE pins                      ; On                     ;
; Enable JTAG pin sharing                                          ; Off                    ;
; Enable nCE pin                                                   ; Off                    ;
; Enable CONFIG_SEL pin                                            ; On                     ;
; Enable input tri-state on active configuration pins in user mode ; Off                    ;
; Configuration Voltage Level                                      ; Auto                   ;
; Force Configuration Voltage Level                                ; Off                    ;
; Data[0]                                                          ; Unreserved             ;
; Data[1]/ASDO                                                     ; Unreserved             ;
; FLASH_nCE/nCSO                                                   ; Unreserved             ;
; DCLK                                                             ; Unreserved             ;
+------------------------------------------------------------------+------------------------+


+------------------------------------+
; Operating Settings and Conditions  ;
+---------------------------+--------+
; Setting                   ; Value  ;
+---------------------------+--------+
; Nominal Core Voltage      ; 1.20 V ;
; Low Junction Temperature  ; 0 °C   ;
; High Junction Temperature ; 85 °C  ;
+---------------------------+--------+


+------------------------------------------------------------+
; Estimated Delay Added for Hold Timing Summary              ;
+-----------------+----------------------+-------------------+
; Source Clock(s) ; Destination Clock(s) ; Delay Added in ns ;
+-----------------+----------------------+-------------------+
Note: For more information on problematic transfers, consider running the Fitter again with the Optimize hold timing option (Settings Menu) turned off.
This will disable optimization of problematic paths and expose them for further analysis using the Timing Analyzer.


+-------------------------------------------------------------------------------------------------------------------------------------------------------------+
; Estimated Delay Added for Hold Timing Details                                                                                                               ;
+------------------------------------------------------------------+----------------------------------------------------------------------+-------------------+
; Source Register                                                  ; Destination Register                                                 ; Delay Added in ns ;
+------------------------------------------------------------------+----------------------------------------------------------------------+-------------------+
; picosoc:soc_core|picorv32:cpu|mem_wdata[4]                       ; picosoc:soc_core|spimemio:spimemio|config_clk                        ; 0.092             ;
; picosoc:soc_core|picorv32:cpu|mem_wdata[6]                       ; picosoc:soc_core|simpleuart:simpleuart|cfg_divider[6]                ; 0.092             ;
; picosoc:soc_core|picorv32:cpu|mem_wdata[7]                       ; picosoc:soc_core|simpleuart:simpleuart|cfg_divider[7]                ; 0.092             ;
; picosoc:soc_core|picorv32:cpu|pcpi_insn[13]                      ; picosoc:soc_core|picorv32:cpu|picorv32_pcpi_mul:pcpi_mul|instr_mulhu ; 0.084             ;
; picosoc:soc_core|picorv32:cpu|instr_sltu                         ; picosoc:soc_core|picorv32:cpu|is_sltiu_bltu_sltu                     ; 0.080             ;
; picosoc:soc_core|picorv32:cpu|instr_slt                          ; picosoc:soc_core|picorv32:cpu|is_slti_blt_slt                        ; 0.080             ;
; picosoc:soc_core|picorv32:cpu|instr_sltiu                        ; picosoc:soc_core|picorv32:cpu|is_sltiu_bltu_sltu                     ; 0.068             ;
; picosoc:soc_core|picorv32:cpu|instr_slti                         ; picosoc:soc_core|picorv32:cpu|is_slti_blt_slt                        ; 0.068             ;
; picosoc:soc_core|picorv32:cpu|picorv32_pcpi_mul:pcpi_mul|rs1[17] ; picosoc:soc_core|picorv32:cpu|picorv32_pcpi_mul:pcpi_mul|rs1[16]     ; 0.048             ;
; picosoc:soc_core|picorv32:cpu|picorv32_pcpi_mul:pcpi_mul|rs1[12] ; picosoc:soc_core|picorv32:cpu|picorv32_pcpi_mul:pcpi_mul|rs1[11]     ; 0.045             ;
; picosoc:soc_core|picorv32:cpu|picorv32_pcpi_mul:pcpi_mul|rs1[43] ; picosoc:soc_core|picorv32:cpu|picorv32_pcpi_mul:pcpi_mul|rs1[42]     ; 0.033             ;
; picosoc:soc_core|picorv32:cpu|picorv32_pcpi_mul:pcpi_mul|rs1[33] ; picosoc:soc_core|picorv32:cpu|picorv32_pcpi_mul:pcpi_mul|rs1[32]     ; 0.033             ;
+------------------------------------------------------------------+----------------------------------------------------------------------+-------------------+
Note: This table only shows the top 12 path(s) that have the largest delay added for hold.


+-----------------+
; Fitter Messages ;
+-----------------+
Warning (18236): Number of processors has not been specified which may cause overloading on shared machines.  Set the global assignment NUM_PARALLEL_PROCESSORS in your QSF to an appropriate value for best performance.
Info (20030): Parallel compilation is enabled and will use 16 of the 16 processors detected
Info (119006): Selected device 10M50DAF484C7G for design "picosoc"
Info (21077): Low junction temperature is 0 degrees C
Info (21077): High junction temperature is 85 degrees C
Info (171003): Fitter is performing an Auto Fit compilation, which may decrease Fitter effort to reduce compilation time
Warning (292013): Feature LogicLock is only available with a valid subscription license. You can purchase a software subscription to gain full access to this feature.
Info (176444): Device migration not selected. If you intend to use device migration later, you may need to change the pin assignments as they may be incompatible with other devices
    Info (176445): Device 10M08DAF484I7G is compatible
    Info (176445): Device 10M08DAF484I7P is compatible
    Info (176445): Device 10M16DAF484C7G is compatible
    Info (176445): Device 10M16DAF484I7G is compatible
    Info (176445): Device 10M16DAF484I7P is compatible
    Info (176445): Device 10M25DAF484C7G is compatible
    Info (176445): Device 10M25DAF484I7G is compatible
    Info (176445): Device 10M50DAF484I7G is compatible
    Info (176445): Device 10M50DAF484I7P is compatible
    Info (176445): Device 10M40DAF484C7G is compatible
    Info (176445): Device 10M40DAF484I7G is compatible
Info (169124): Fitter converted 8 user pins into dedicated programming pins
    Info (169125): Pin ~ALTERA_TMS~ is reserved at location H2
    Info (169125): Pin ~ALTERA_TCK~ is reserved at location G2
    Info (169125): Pin ~ALTERA_TDI~ is reserved at location L4
    Info (169125): Pin ~ALTERA_TDO~ is reserved at location M5
    Info (169125): Pin ~ALTERA_CONFIG_SEL~ is reserved at location H10
    Info (169125): Pin ~ALTERA_nCONFIG~ is reserved at location H9
    Info (169125): Pin ~ALTERA_nSTATUS~ is reserved at location G9
    Info (169125): Pin ~ALTERA_CONF_DONE~ is reserved at location F8
Info (169141): DATA[0] dual-purpose pin not reserved
Info (12825): Data[1]/ASDO dual-purpose pin not reserved
Info (12825): nCSO dual-purpose pin not reserved
Info (12825): DCLK dual-purpose pin not reserved
Warning (15714): Some pins have incomplete I/O assignments. Refer to the I/O Assignment Warnings report for details
Info (176045): Design uses memory blocks. Violating setup or hold times of memory block address registers for either read or write operations could cause memory contents to be corrupted. Make sure that all memory block address registers meet the setup and hold time requirements.
Critical Warning (169085): No exact pin location assignment(s) for 12 pins of 25 total pins. For the list of pins please refer to the I/O Assignment Warnings table in the fitter report.
Critical Warning (332012): Synopsys Design Constraints File file not found: 'picosoc.sdc'. A Synopsys Design Constraints File is required by the Timing Analyzer to get proper timing constraints. Without it, the Compiler will not properly optimize the design.
Info (332144): No user constrained base clocks found in the design
Info (332143): No user constrained clock uncertainty found in the design. Calling "derive_clock_uncertainty"
Info (332154): The derive_clock_uncertainty command did not apply clock uncertainty to any clock-to-clock transfers.
Info (332130): Timing requirements not specified -- quality metrics such as performance may be sacrificed to reduce compilation time.
Info (176353): Automatically promoted node MAX10_CLK1_50~input (placed in PIN P11 (CLK7p, DIFFIO_TX_RX_B20p, DIFFOUT_B20p, High_Speed)) File: E:/Quartus/Project_Quartus/02_risc_v_led/top.v Line: 8
    Info (176355): Automatically promoted destinations to use location or clock signal Global Clock CLKCTRL_G19
Info (176233): Starting register packing
Info (176235): Finished register packing
    Extra Info (176219): No registers were packed into other blocks
Info (176214): Statistics of I/O pins that need to be placed that use the same VCCIO and VREF, before I/O pin placement
    Info (176211): Number of I/O pins in group: 12 (unused VREF, 2.5V VCCIO, 11 input, 1 output, 0 bidirectional)
        Info (176212): I/O standards used: 2.5 V.
Info (176215): I/O bank details before I/O pin placement
    Info (176214): Statistics of I/O banks
        Info (176213): I/O bank number 1A does not use VREF pins and has undetermined VCCIO pins. 0 total pin(s) used --  16 pins available
        Info (176213): I/O bank number 1B does not use VREF pins and has undetermined VCCIO pins. 4 total pin(s) used --  20 pins available
        Info (176213): I/O bank number 2 does not use VREF pins and has undetermined VCCIO pins. 0 total pin(s) used --  36 pins available
        Info (176213): I/O bank number 3 does not use VREF pins and has undetermined VCCIO pins. 1 total pin(s) used --  47 pins available
        Info (176213): I/O bank number 4 does not use VREF pins and has undetermined VCCIO pins. 0 total pin(s) used --  48 pins available
        Info (176213): I/O bank number 5 does not use VREF pins and has undetermined VCCIO pins. 0 total pin(s) used --  40 pins available
        Info (176213): I/O bank number 6 does not use VREF pins and has undetermined VCCIO pins. 0 total pin(s) used --  60 pins available
        Info (176213): I/O bank number 7 does not use VREF pins and has 2.5V VCCIO pins. 12 total pin(s) used --  40 pins available
        Info (176213): I/O bank number 8 does not use VREF pins and has undetermined VCCIO pins. 4 total pin(s) used --  32 pins available
Info (171121): Fitter preparation operations ending: elapsed time is 00:00:03
Info (14896): Fitter has disabled Advanced Physical Optimization because it is not supported for the current family.
Info (170189): Fitter placement preparation operations beginning
Info (170190): Fitter placement preparation operations ending: elapsed time is 00:00:01
Info (170191): Fitter placement operations beginning
Info (170137): Fitter placement was successful
Info (170192): Fitter placement operations ending: elapsed time is 00:00:08
Info (170193): Fitter routing operations beginning
Info (170195): Router estimated average interconnect usage is 2% of the available device resources
    Info (170196): Router estimated peak interconnect usage is 24% of the available device resources in the region that extends from location X33_Y11 to location X44_Y21
Info (170199): The Fitter performed an Auto Fit compilation.  Optimizations were skipped to reduce compilation time.
    Info (170201): Optimizations that may affect the design's routability were skipped
Info (170194): Fitter routing operations ending: elapsed time is 00:00:05
Info (11888): Total time spent on timing analysis during the Fitter is 2.22 seconds.
Info (334003): Started post-fitting delay annotation
Info (334004): Delay annotation completed successfully
Info (334003): Started post-fitting delay annotation
Info (334004): Delay annotation completed successfully
Info (11218): Fitter post-fit operations ending: elapsed time is 00:00:02
Info (144001): Generated suppressed messages file E:/Quartus/Project_Quartus/02_risc_v_led/output_files/picosoc.fit.smsg
Info: Quartus Prime Fitter was successful. 0 errors, 5 warnings
    Info: Peak virtual memory: 6683 megabytes
    Info: Processing ended: Wed Jul 22 23:47:17 2026
    Info: Elapsed time: 00:00:25
    Info: Total CPU time (on all processors): 00:01:10


+----------------------------+
; Fitter Suppressed Messages ;
+----------------------------+
The suppressed messages can be found in E:/Quartus/Project_Quartus/02_risc_v_led/output_files/picosoc.fit.smsg.


