Analysis & Synthesis report for picosoc
Wed Jul 22 23:46:51 2026
Quartus Prime Version 18.1.0 Build 625 09/12/2018 SJ Lite Edition


---------------------
; Table of Contents ;
---------------------
  1. Legal Notice
  2. Analysis & Synthesis Summary
  3. Analysis & Synthesis Settings
  4. Parallel Compilation
  5. Analysis & Synthesis Source Files Read
  6. Analysis & Synthesis Resource Usage Summary
  7. Analysis & Synthesis Resource Utilization by Entity
  8. Analysis & Synthesis RAM Summary
  9. State Machine - |top|picosoc:soc_core|spimemio:spimemio|state
 10. State Machine - |top|picosoc:soc_core|picorv32:cpu|mem_wordsize
 11. State Machine - |top|picosoc:soc_core|picorv32:cpu|cpu_state
 12. Registers Removed During Synthesis
 13. Removed Registers Triggering Further Register Optimizations
 14. General Register Statistics
 15. Registers Added for RAM Pass-Through Logic
 16. Registers Packed Into Inferred Megafunctions
 17. Multiplexer Restructuring Statistics (Restructuring Performed)
 18. Source assignments for picosoc:soc_core|picorv32:cpu|picosoc_regs:cpuregs|altsyncram:regs_rtl_0|altsyncram_j6d1:auto_generated
 19. Source assignments for picosoc:soc_core|picorv32:cpu|picosoc_regs:cpuregs|altsyncram:regs_rtl_1|altsyncram_j6d1:auto_generated
 20. Source assignments for picosoc:soc_core|picosoc_mem:memory|altsyncram:mem0_rtl_0|altsyncram_9le1:auto_generated
 21. Source assignments for picosoc:soc_core|picosoc_mem:memory|altsyncram:mem2_rtl_0|altsyncram_ble1:auto_generated
 22. Source assignments for picosoc:soc_core|picosoc_mem:memory|altsyncram:mem3_rtl_0|altsyncram_cle1:auto_generated
 23. Source assignments for picosoc:soc_core|picosoc_mem:memory|altsyncram:mem1_rtl_0|altsyncram_ale1:auto_generated
 24. Parameter Settings for User Entity Instance: picosoc:soc_core
 25. Parameter Settings for User Entity Instance: picosoc:soc_core|picorv32:cpu
 26. Parameter Settings for User Entity Instance: picosoc:soc_core|picorv32:cpu|picorv32_pcpi_mul:pcpi_mul
 27. Parameter Settings for User Entity Instance: picosoc:soc_core|simpleuart:simpleuart
 28. Parameter Settings for User Entity Instance: picosoc:soc_core|picosoc_mem:memory
 29. Parameter Settings for Inferred Entity Instance: picosoc:soc_core|picorv32:cpu|picosoc_regs:cpuregs|altsyncram:regs_rtl_0
 30. Parameter Settings for Inferred Entity Instance: picosoc:soc_core|picorv32:cpu|picosoc_regs:cpuregs|altsyncram:regs_rtl_1
 31. Parameter Settings for Inferred Entity Instance: picosoc:soc_core|picosoc_mem:memory|altsyncram:mem0_rtl_0
 32. Parameter Settings for Inferred Entity Instance: picosoc:soc_core|picosoc_mem:memory|altsyncram:mem2_rtl_0
 33. Parameter Settings for Inferred Entity Instance: picosoc:soc_core|picosoc_mem:memory|altsyncram:mem3_rtl_0
 34. Parameter Settings for Inferred Entity Instance: picosoc:soc_core|picosoc_mem:memory|altsyncram:mem1_rtl_0
 35. altsyncram Parameter Settings by Entity Instance
 36. Port Connectivity Checks: "picosoc:soc_core|picorv32:cpu|picosoc_regs:cpuregs"
 37. Port Connectivity Checks: "picosoc:soc_core|picorv32:cpu"
 38. Port Connectivity Checks: "picosoc:soc_core"
 39. Post-Synthesis Netlist Statistics for Top Partition
 40. Elapsed Time Per Partition
 41. Analysis & Synthesis Messages
 42. Analysis & Synthesis Suppressed Messages



----------------
; Legal Notice ;
----------------
Copyright (C) 2018  Intel Corporation. All rights reserved.
Your use of Intel Corporation's design tools, logic functions 
and other software and tools, and its AMPP partner logic 
functions, and any output files from any of the foregoing 
(including device programming or simulation files), and any 
associated documentation or information are expressly subject 
to the terms and conditions of the Intel Program License 
Subscription Agreement, the Intel Quartus Prime License Agreement,
the Intel FPGA IP License Agreement, or other applicable license
agreement, including, without limitation, that your use is for
the sole purpose of programming logic devices manufactured by
Intel and sold by Intel or its authorized distributors.  Please
refer to the applicable agreement for further details.



+----------------------------------------------------------------------------------+
; Analysis & Synthesis Summary                                                     ;
+------------------------------------+---------------------------------------------+
; Analysis & Synthesis Status        ; Successful - Wed Jul 22 23:46:51 2026       ;
; Quartus Prime Version              ; 18.1.0 Build 625 09/12/2018 SJ Lite Edition ;
; Revision Name                      ; picosoc                                     ;
; Top-level Entity Name              ; top                                         ;
; Family                             ; MAX 10                                      ;
; Total logic elements               ; 3,650                                       ;
;     Total combinational functions  ; 3,532                                       ;
;     Dedicated logic registers      ; 1,258                                       ;
; Total registers                    ; 1258                                        ;
; Total pins                         ; 25                                          ;
; Total virtual pins                 ; 0                                           ;
; Total memory bits                  ; 67,584                                      ;
; Embedded Multiplier 9-bit elements ; 0                                           ;
; Total PLLs                         ; 0                                           ;
; UFM blocks                         ; 0                                           ;
; ADC blocks                         ; 0                                           ;
+------------------------------------+---------------------------------------------+


+------------------------------------------------------------------------------------------------------------+
; Analysis & Synthesis Settings                                                                              ;
+------------------------------------------------------------------+--------------------+--------------------+
; Option                                                           ; Setting            ; Default Value      ;
+------------------------------------------------------------------+--------------------+--------------------+
; Device                                                           ; 10M50DAF484C7G     ;                    ;
; Top-level entity name                                            ; top                ; picosoc            ;
; Family name                                                      ; MAX 10             ; Cyclone V          ;
; Use smart compilation                                            ; Off                ; Off                ;
; Enable parallel Assembler and Timing Analyzer during compilation ; On                 ; On                 ;
; Enable compact report table                                      ; Off                ; Off                ;
; Restructure Multiplexers                                         ; Auto               ; Auto               ;
; Create Debugging Nodes for IP Cores                              ; Off                ; Off                ;
; Preserve fewer node names                                        ; On                 ; On                 ;
; Intel FPGA IP Evaluation Mode                                    ; Enable             ; Enable             ;
; Verilog Version                                                  ; Verilog_2001       ; Verilog_2001       ;
; VHDL Version                                                     ; VHDL_1993          ; VHDL_1993          ;
; State Machine Processing                                         ; Auto               ; Auto               ;
; Safe State Machine                                               ; Off                ; Off                ;
; Extract Verilog State Machines                                   ; On                 ; On                 ;
; Extract VHDL State Machines                                      ; On                 ; On                 ;
; Ignore Verilog initial constructs                                ; Off                ; Off                ;
; Iteration limit for constant Verilog loops                       ; 5000               ; 5000               ;
; Iteration limit for non-constant Verilog loops                   ; 250                ; 250                ;
; Add Pass-Through Logic to Inferred RAMs                          ; On                 ; On                 ;
; Infer RAMs from Raw Logic                                        ; On                 ; On                 ;
; Parallel Synthesis                                               ; On                 ; On                 ;
; DSP Block Balancing                                              ; Auto               ; Auto               ;
; NOT Gate Push-Back                                               ; On                 ; On                 ;
; Power-Up Don't Care                                              ; On                 ; On                 ;
; Remove Redundant Logic Cells                                     ; Off                ; Off                ;
; Remove Duplicate Registers                                       ; On                 ; On                 ;
; Ignore CARRY Buffers                                             ; Off                ; Off                ;
; Ignore CASCADE Buffers                                           ; Off                ; Off                ;
; Ignore GLOBAL Buffers                                            ; Off                ; Off                ;
; Ignore ROW GLOBAL Buffers                                        ; Off                ; Off                ;
; Ignore LCELL Buffers                                             ; Off                ; Off                ;
; Ignore SOFT Buffers                                              ; On                 ; On                 ;
; Limit AHDL Integers to 32 Bits                                   ; Off                ; Off                ;
; Optimization Technique                                           ; Balanced           ; Balanced           ;
; Carry Chain Length                                               ; 70                 ; 70                 ;
; Auto Carry Chains                                                ; On                 ; On                 ;
; Auto Open-Drain Pins                                             ; On                 ; On                 ;
; Perform WYSIWYG Primitive Resynthesis                            ; Off                ; Off                ;
; Auto ROM Replacement                                             ; On                 ; On                 ;
; Auto RAM Replacement                                             ; On                 ; On                 ;
; Auto DSP Block Replacement                                       ; On                 ; On                 ;
; Auto Shift Register Replacement                                  ; Auto               ; Auto               ;
; Allow Shift Register Merging across Hierarchies                  ; Auto               ; Auto               ;
; Auto Clock Enable Replacement                                    ; On                 ; On                 ;
; Strict RAM Replacement                                           ; Off                ; Off                ;
; Allow Synchronous Control Signals                                ; On                 ; On                 ;
; Force Use of Synchronous Clear Signals                           ; Off                ; Off                ;
; Auto RAM Block Balancing                                         ; On                 ; On                 ;
; Auto RAM to Logic Cell Conversion                                ; Off                ; Off                ;
; Auto Resource Sharing                                            ; Off                ; Off                ;
; Allow Any RAM Size For Recognition                               ; Off                ; Off                ;
; Allow Any ROM Size For Recognition                               ; Off                ; Off                ;
; Allow Any Shift Register Size For Recognition                    ; Off                ; Off                ;
; Use LogicLock Constraints during Resource Balancing              ; On                 ; On                 ;
; Ignore translate_off and synthesis_off directives                ; Off                ; Off                ;
; Timing-Driven Synthesis                                          ; On                 ; On                 ;
; Report Parameter Settings                                        ; On                 ; On                 ;
; Report Source Assignments                                        ; On                 ; On                 ;
; Report Connectivity Checks                                       ; On                 ; On                 ;
; Ignore Maximum Fan-Out Assignments                               ; Off                ; Off                ;
; Synchronization Register Chain Length                            ; 2                  ; 2                  ;
; Power Optimization During Synthesis                              ; Normal compilation ; Normal compilation ;
; HDL message level                                                ; Level2             ; Level2             ;
; Suppress Register Optimization Related Messages                  ; Off                ; Off                ;
; Number of Removed Registers Reported in Synthesis Report         ; 5000               ; 5000               ;
; Number of Swept Nodes Reported in Synthesis Report               ; 5000               ; 5000               ;
; Number of Inverted Registers Reported in Synthesis Report        ; 100                ; 100                ;
; Clock MUX Protection                                             ; On                 ; On                 ;
; Auto Gated Clock Conversion                                      ; Off                ; Off                ;
; Block Design Naming                                              ; Auto               ; Auto               ;
; SDC constraint protection                                        ; Off                ; Off                ;
; Synthesis Effort                                                 ; Auto               ; Auto               ;
; Shift Register Replacement - Allow Asynchronous Clear Signal     ; On                 ; On                 ;
; Pre-Mapping Resynthesis Optimization                             ; Off                ; Off                ;
; Analysis & Synthesis Message Level                               ; Medium             ; Medium             ;
; Disable Register Merging Across Hierarchies                      ; Auto               ; Auto               ;
; Resource Aware Inference For Block RAM                           ; On                 ; On                 ;
+------------------------------------------------------------------+--------------------+--------------------+


+------------------------------------------+
; Parallel Compilation                     ;
+----------------------------+-------------+
; Processors                 ; Number      ;
+----------------------------+-------------+
; Number detected on machine ; 16          ;
; Maximum allowed            ; 16          ;
;                            ;             ;
; Average used               ; 1.01        ;
; Maximum used               ; 16          ;
;                            ;             ;
; Usage by Processor         ; % Time Used ;
;     Processor 1            ; 100.0%      ;
;     Processor 2            ;   0.1%      ;
;     Processor 3            ;   0.1%      ;
;     Processor 4            ;   0.1%      ;
;     Processor 5            ;   0.1%      ;
;     Processor 6            ;   0.1%      ;
;     Processor 7            ;   0.1%      ;
;     Processor 8            ;   0.1%      ;
;     Processors 9-16        ;   0.0%      ;
+----------------------------+-------------+


+--------------------------------------------------------------------------------------------------------------------------------------------------------------------------------------------------------------------------+
; Analysis & Synthesis Source Files Read                                                                                                                                                                                   ;
+----------------------------------------------+-----------------+-------------------------------------------------------+---------------------------------------------------------------------------------------+---------+
; File Name with User-Entered Path             ; Used in Netlist ; File Type                                             ; File Name with Absolute Path                                                          ; Library ;
+----------------------------------------------+-----------------+-------------------------------------------------------+---------------------------------------------------------------------------------------+---------+
; top.v                                        ; yes             ; User Verilog HDL File                                 ; E:/Quartus/Project_Quartus/02_risc_v_led/top.v                                        ;         ;
; spimemio.v                                   ; yes             ; User Verilog HDL File                                 ; E:/Quartus/Project_Quartus/02_risc_v_led/spimemio.v                                   ;         ;
; simpleuart.v                                 ; yes             ; User Verilog HDL File                                 ; E:/Quartus/Project_Quartus/02_risc_v_led/simpleuart.v                                 ;         ;
; picosoc.v                                    ; yes             ; User Verilog HDL File                                 ; E:/Quartus/Project_Quartus/02_risc_v_led/picosoc.v                                    ;         ;
; picorv32.v                                   ; yes             ; User Verilog HDL File                                 ; E:/Quartus/Project_Quartus/02_risc_v_led/picorv32.v                                   ;         ;
; firmware.hex                                 ; yes             ; Auto-Found Hexadecimal (Intel-Format) File            ; E:/Quartus/Project_Quartus/02_risc_v_led/firmware.hex                                 ;         ;
; altsyncram.tdf                               ; yes             ; Megafunction                                          ; e:/quartus/data_setup/quartus/libraries/megafunctions/altsyncram.tdf                  ;         ;
; stratix_ram_block.inc                        ; yes             ; Megafunction                                          ; e:/quartus/data_setup/quartus/libraries/megafunctions/stratix_ram_block.inc           ;         ;
; lpm_mux.inc                                  ; yes             ; Megafunction                                          ; e:/quartus/data_setup/quartus/libraries/megafunctions/lpm_mux.inc                     ;         ;
; lpm_decode.inc                               ; yes             ; Megafunction                                          ; e:/quartus/data_setup/quartus/libraries/megafunctions/lpm_decode.inc                  ;         ;
; aglobal181.inc                               ; yes             ; Megafunction                                          ; e:/quartus/data_setup/quartus/libraries/megafunctions/aglobal181.inc                  ;         ;
; a_rdenreg.inc                                ; yes             ; Megafunction                                          ; e:/quartus/data_setup/quartus/libraries/megafunctions/a_rdenreg.inc                   ;         ;
; altrom.inc                                   ; yes             ; Megafunction                                          ; e:/quartus/data_setup/quartus/libraries/megafunctions/altrom.inc                      ;         ;
; altram.inc                                   ; yes             ; Megafunction                                          ; e:/quartus/data_setup/quartus/libraries/megafunctions/altram.inc                      ;         ;
; altdpram.inc                                 ; yes             ; Megafunction                                          ; e:/quartus/data_setup/quartus/libraries/megafunctions/altdpram.inc                    ;         ;
; db/altsyncram_j6d1.tdf                       ; yes             ; Auto-Generated Megafunction                           ; E:/Quartus/Project_Quartus/02_risc_v_led/db/altsyncram_j6d1.tdf                       ;         ;
; db/altsyncram_9le1.tdf                       ; yes             ; Auto-Generated Megafunction                           ; E:/Quartus/Project_Quartus/02_risc_v_led/db/altsyncram_9le1.tdf                       ;         ;
; db/picosoc.ram0_picosoc_mem_13d8e302.hdl.mif ; yes             ; Auto-Generated Auto-Found Memory Initialization File  ; E:/Quartus/Project_Quartus/02_risc_v_led/db/picosoc.ram0_picosoc_mem_13d8e302.hdl.mif ;         ;
; db/altsyncram_ble1.tdf                       ; yes             ; Auto-Generated Megafunction                           ; E:/Quartus/Project_Quartus/02_risc_v_led/db/altsyncram_ble1.tdf                       ;         ;
; db/picosoc.ram2_picosoc_mem_13d8e302.hdl.mif ; yes             ; Auto-Generated Auto-Found Memory Initialization File  ; E:/Quartus/Project_Quartus/02_risc_v_led/db/picosoc.ram2_picosoc_mem_13d8e302.hdl.mif ;         ;
; db/altsyncram_cle1.tdf                       ; yes             ; Auto-Generated Megafunction                           ; E:/Quartus/Project_Quartus/02_risc_v_led/db/altsyncram_cle1.tdf                       ;         ;
; db/picosoc.ram3_picosoc_mem_13d8e302.hdl.mif ; yes             ; Auto-Generated Auto-Found Memory Initialization File  ; E:/Quartus/Project_Quartus/02_risc_v_led/db/picosoc.ram3_picosoc_mem_13d8e302.hdl.mif ;         ;
; db/altsyncram_ale1.tdf                       ; yes             ; Auto-Generated Megafunction                           ; E:/Quartus/Project_Quartus/02_risc_v_led/db/altsyncram_ale1.tdf                       ;         ;
; db/picosoc.ram1_picosoc_mem_13d8e302.hdl.mif ; yes             ; Auto-Generated Auto-Found Memory Initialization File  ; E:/Quartus/Project_Quartus/02_risc_v_led/db/picosoc.ram1_picosoc_mem_13d8e302.hdl.mif ;         ;
+----------------------------------------------+-----------------+-------------------------------------------------------+---------------------------------------------------------------------------------------+---------+


+-------------------------------------------------------------------+
; Analysis & Synthesis Resource Usage Summary                       ;
+---------------------------------------------+---------------------+
; Resource                                    ; Usage               ;
+---------------------------------------------+---------------------+
; Estimated Total logic elements              ; 3,650               ;
;                                             ;                     ;
; Total combinational functions               ; 3532                ;
; Logic element usage by number of LUT inputs ;                     ;
;     -- 4 input functions                    ; 1774                ;
;     -- 3 input functions                    ; 1095                ;
;     -- <=2 input functions                  ; 663                 ;
;                                             ;                     ;
; Logic elements by mode                      ;                     ;
;     -- normal mode                          ; 2824                ;
;     -- arithmetic mode                      ; 708                 ;
;                                             ;                     ;
; Total registers                             ; 1258                ;
;     -- Dedicated logic registers            ; 1258                ;
;     -- I/O registers                        ; 0                   ;
;                                             ;                     ;
; I/O pins                                    ; 25                  ;
; Total memory bits                           ; 67584               ;
;                                             ;                     ;
; Embedded Multiplier 9-bit elements          ; 0                   ;
;                                             ;                     ;
; Maximum fan-out node                        ; MAX10_CLK1_50~input ;
; Maximum fan-out                             ; 1354                ;
; Total fan-out                               ; 17223               ;
; Average fan-out                             ; 3.49                ;
+---------------------------------------------+---------------------+


+--------------------------------------------------------------------------------------------------------------------------------------------------------------------------------------------------------------------------------------------------------------------------------------------------------------------------------------------------------+
; Analysis & Synthesis Resource Utilization by Entity                                                                                                                                                                                                                                                                                                    ;
+-------------------------------------------------+---------------------+---------------------------+-------------+------------+--------------+---------+-----------+------+--------------+------------+--------------------------------------------------------------------------------------------------------------+-------------------+--------------+
; Compilation Hierarchy Node                      ; Combinational ALUTs ; Dedicated Logic Registers ; Memory Bits ; UFM Blocks ; DSP Elements ; DSP 9x9 ; DSP 18x18 ; Pins ; Virtual Pins ; ADC blocks ; Full Hierarchy Name                                                                                          ; Entity Name       ; Library Name ;
+-------------------------------------------------+---------------------+---------------------------+-------------+------------+--------------+---------+-----------+------+--------------+------------+--------------------------------------------------------------------------------------------------------------+-------------------+--------------+
; |top                                            ; 3532 (1)            ; 1258 (0)                  ; 67584       ; 0          ; 0            ; 0       ; 0         ; 25   ; 0            ; 0          ; |top                                                                                                         ; top               ; work         ;
;    |picosoc:soc_core|                           ; 3531 (139)          ; 1258 (9)                  ; 67584       ; 0          ; 0            ; 0       ; 0         ; 0    ; 0            ; 0          ; |top|picosoc:soc_core                                                                                        ; picosoc           ; work         ;
;       |picorv32:cpu|                            ; 2926 (2520)         ; 1030 (689)                ; 2048        ; 0          ; 0            ; 0       ; 0         ; 0    ; 0            ; 0          ; |top|picosoc:soc_core|picorv32:cpu                                                                           ; picorv32          ; work         ;
;          |picorv32_pcpi_mul:pcpi_mul|           ; 398 (398)           ; 255 (255)                 ; 0           ; 0          ; 0            ; 0       ; 0         ; 0    ; 0            ; 0          ; |top|picosoc:soc_core|picorv32:cpu|picorv32_pcpi_mul:pcpi_mul                                                ; picorv32_pcpi_mul ; work         ;
;          |picosoc_regs:cpuregs|                 ; 8 (8)               ; 86 (86)                   ; 2048        ; 0          ; 0            ; 0       ; 0         ; 0    ; 0            ; 0          ; |top|picosoc:soc_core|picorv32:cpu|picosoc_regs:cpuregs                                                      ; picosoc_regs      ; work         ;
;             |altsyncram:regs_rtl_0|             ; 0 (0)               ; 0 (0)                     ; 1024        ; 0          ; 0            ; 0       ; 0         ; 0    ; 0            ; 0          ; |top|picosoc:soc_core|picorv32:cpu|picosoc_regs:cpuregs|altsyncram:regs_rtl_0                                ; altsyncram        ; work         ;
;                |altsyncram_j6d1:auto_generated| ; 0 (0)               ; 0 (0)                     ; 1024        ; 0          ; 0            ; 0       ; 0         ; 0    ; 0            ; 0          ; |top|picosoc:soc_core|picorv32:cpu|picosoc_regs:cpuregs|altsyncram:regs_rtl_0|altsyncram_j6d1:auto_generated ; altsyncram_j6d1   ; work         ;
;             |altsyncram:regs_rtl_1|             ; 0 (0)               ; 0 (0)                     ; 1024        ; 0          ; 0            ; 0       ; 0         ; 0    ; 0            ; 0          ; |top|picosoc:soc_core|picorv32:cpu|picosoc_regs:cpuregs|altsyncram:regs_rtl_1                                ; altsyncram        ; work         ;
;                |altsyncram_j6d1:auto_generated| ; 0 (0)               ; 0 (0)                     ; 1024        ; 0          ; 0            ; 0       ; 0         ; 0    ; 0            ; 0          ; |top|picosoc:soc_core|picorv32:cpu|picosoc_regs:cpuregs|altsyncram:regs_rtl_1|altsyncram_j6d1:auto_generated ; altsyncram_j6d1   ; work         ;
;       |picosoc_mem:memory|                      ; 0 (0)               ; 0 (0)                     ; 65536       ; 0          ; 0            ; 0       ; 0         ; 0    ; 0            ; 0          ; |top|picosoc:soc_core|picosoc_mem:memory                                                                     ; picosoc_mem       ; work         ;
;          |altsyncram:mem0_rtl_0|                ; 0 (0)               ; 0 (0)                     ; 16384       ; 0          ; 0            ; 0       ; 0         ; 0    ; 0            ; 0          ; |top|picosoc:soc_core|picosoc_mem:memory|altsyncram:mem0_rtl_0                                               ; altsyncram        ; work         ;
;             |altsyncram_9le1:auto_generated|    ; 0 (0)               ; 0 (0)                     ; 16384       ; 0          ; 0            ; 0       ; 0         ; 0    ; 0            ; 0          ; |top|picosoc:soc_core|picosoc_mem:memory|altsyncram:mem0_rtl_0|altsyncram_9le1:auto_generated                ; altsyncram_9le1   ; work         ;
;          |altsyncram:mem1_rtl_0|                ; 0 (0)               ; 0 (0)                     ; 16384       ; 0          ; 0            ; 0       ; 0         ; 0    ; 0            ; 0          ; |top|picosoc:soc_core|picosoc_mem:memory|altsyncram:mem1_rtl_0                                               ; altsyncram        ; work         ;
;             |altsyncram_ale1:auto_generated|    ; 0 (0)               ; 0 (0)                     ; 16384       ; 0          ; 0            ; 0       ; 0         ; 0    ; 0            ; 0          ; |top|picosoc:soc_core|picosoc_mem:memory|altsyncram:mem1_rtl_0|altsyncram_ale1:auto_generated                ; altsyncram_ale1   ; work         ;
;          |altsyncram:mem2_rtl_0|                ; 0 (0)               ; 0 (0)                     ; 16384       ; 0          ; 0            ; 0       ; 0         ; 0    ; 0            ; 0          ; |top|picosoc:soc_core|picosoc_mem:memory|altsyncram:mem2_rtl_0                                               ; altsyncram        ; work         ;
;             |altsyncram_ble1:auto_generated|    ; 0 (0)               ; 0 (0)                     ; 16384       ; 0          ; 0            ; 0       ; 0         ; 0    ; 0            ; 0          ; |top|picosoc:soc_core|picosoc_mem:memory|altsyncram:mem2_rtl_0|altsyncram_ble1:auto_generated                ; altsyncram_ble1   ; work         ;
;          |altsyncram:mem3_rtl_0|                ; 0 (0)               ; 0 (0)                     ; 16384       ; 0          ; 0            ; 0       ; 0         ; 0    ; 0            ; 0          ; |top|picosoc:soc_core|picosoc_mem:memory|altsyncram:mem3_rtl_0                                               ; altsyncram        ; work         ;
;             |altsyncram_cle1:auto_generated|    ; 0 (0)               ; 0 (0)                     ; 16384       ; 0          ; 0            ; 0       ; 0         ; 0    ; 0            ; 0          ; |top|picosoc:soc_core|picosoc_mem:memory|altsyncram:mem3_rtl_0|altsyncram_cle1:auto_generated                ; altsyncram_cle1   ; work         ;
;       |simpleuart:simpleuart|                   ; 245 (245)           ; 131 (131)                 ; 0           ; 0          ; 0            ; 0       ; 0         ; 0    ; 0            ; 0          ; |top|picosoc:soc_core|simpleuart:simpleuart                                                                  ; simpleuart        ; work         ;
;       |spimemio:spimemio|                       ; 221 (172)           ; 88 (65)                   ; 0           ; 0          ; 0            ; 0       ; 0         ; 0    ; 0            ; 0          ; |top|picosoc:soc_core|spimemio:spimemio                                                                      ; spimemio          ; work         ;
;          |spimemio_xfer:xfer|                   ; 49 (49)             ; 23 (23)                   ; 0           ; 0          ; 0            ; 0       ; 0         ; 0    ; 0            ; 0          ; |top|picosoc:soc_core|spimemio:spimemio|spimemio_xfer:xfer                                                   ; spimemio_xfer     ; work         ;
+-------------------------------------------------+---------------------+---------------------------+-------------+------------+--------------+---------+-----------+------+--------------+------------+--------------------------------------------------------------------------------------------------------------+-------------------+--------------+
Note: For table entries with two numbers listed, the numbers in parentheses indicate the number of resources of the given type used by the specific entity alone. The numbers listed outside of parentheses indicate the total resources of the given type used by the specific entity and all of its sub-entities in the hierarchy.


+-----------------------------------------------------------------------------------------------------------------------------------------------------------------------------------------------------------------------------------------------------------------+
; Analysis & Synthesis RAM Summary                                                                                                                                                                                                                                ;
+--------------------------------------------------------------------------------------------------------------------+------+------------------+--------------+--------------+--------------+--------------+-------+----------------------------------------------+
; Name                                                                                                               ; Type ; Mode             ; Port A Depth ; Port A Width ; Port B Depth ; Port B Width ; Size  ; MIF                                          ;
+--------------------------------------------------------------------------------------------------------------------+------+------------------+--------------+--------------+--------------+--------------+-------+----------------------------------------------+
; picosoc:soc_core|picorv32:cpu|picosoc_regs:cpuregs|altsyncram:regs_rtl_0|altsyncram_j6d1:auto_generated|ALTSYNCRAM ; AUTO ; Simple Dual Port ; 32           ; 32           ; 32           ; 32           ; 1024  ; None                                         ;
; picosoc:soc_core|picorv32:cpu|picosoc_regs:cpuregs|altsyncram:regs_rtl_1|altsyncram_j6d1:auto_generated|ALTSYNCRAM ; AUTO ; Simple Dual Port ; 32           ; 32           ; 32           ; 32           ; 1024  ; None                                         ;
; picosoc:soc_core|picosoc_mem:memory|altsyncram:mem0_rtl_0|altsyncram_9le1:auto_generated|ALTSYNCRAM                ; M9K  ; Single Port      ; 2048         ; 8            ; --           ; --           ; 16384 ; db/picosoc.ram0_picosoc_mem_13d8e302.hdl.mif ;
; picosoc:soc_core|picosoc_mem:memory|altsyncram:mem1_rtl_0|altsyncram_ale1:auto_generated|ALTSYNCRAM                ; M9K  ; Single Port      ; 2048         ; 8            ; --           ; --           ; 16384 ; db/picosoc.ram1_picosoc_mem_13d8e302.hdl.mif ;
; picosoc:soc_core|picosoc_mem:memory|altsyncram:mem2_rtl_0|altsyncram_ble1:auto_generated|ALTSYNCRAM                ; M9K  ; Single Port      ; 2048         ; 8            ; --           ; --           ; 16384 ; db/picosoc.ram2_picosoc_mem_13d8e302.hdl.mif ;
; picosoc:soc_core|picosoc_mem:memory|altsyncram:mem3_rtl_0|altsyncram_cle1:auto_generated|ALTSYNCRAM                ; M9K  ; Single Port      ; 2048         ; 8            ; --           ; --           ; 16384 ; db/picosoc.ram3_picosoc_mem_13d8e302.hdl.mif ;
+--------------------------------------------------------------------------------------------------------------------+------+------------------+--------------+--------------+--------------+--------------+-------+----------------------------------------------+


Encoding Type:  One-Hot
+-------------------------------------------------------------------------------------------------------------------------------------------------------------------------------------+
; State Machine - |top|picosoc:soc_core|spimemio:spimemio|state                                                                                                                       ;
+------------+------------+------------+------------+------------+------------+------------+------------+------------+------------+------------+------------+------------+------------+
; Name       ; state.1100 ; state.1011 ; state.1010 ; state.1001 ; state.1000 ; state.0111 ; state.0110 ; state.0101 ; state.0100 ; state.0011 ; state.0010 ; state.0001 ; state.0000 ;
+------------+------------+------------+------------+------------+------------+------------+------------+------------+------------+------------+------------+------------+------------+
; state.0000 ; 0          ; 0          ; 0          ; 0          ; 0          ; 0          ; 0          ; 0          ; 0          ; 0          ; 0          ; 0          ; 0          ;
; state.0001 ; 0          ; 0          ; 0          ; 0          ; 0          ; 0          ; 0          ; 0          ; 0          ; 0          ; 0          ; 1          ; 1          ;
; state.0010 ; 0          ; 0          ; 0          ; 0          ; 0          ; 0          ; 0          ; 0          ; 0          ; 0          ; 1          ; 0          ; 1          ;
; state.0011 ; 0          ; 0          ; 0          ; 0          ; 0          ; 0          ; 0          ; 0          ; 0          ; 1          ; 0          ; 0          ; 1          ;
; state.0100 ; 0          ; 0          ; 0          ; 0          ; 0          ; 0          ; 0          ; 0          ; 1          ; 0          ; 0          ; 0          ; 1          ;
; state.0101 ; 0          ; 0          ; 0          ; 0          ; 0          ; 0          ; 0          ; 1          ; 0          ; 0          ; 0          ; 0          ; 1          ;
; state.0110 ; 0          ; 0          ; 0          ; 0          ; 0          ; 0          ; 1          ; 0          ; 0          ; 0          ; 0          ; 0          ; 1          ;
; state.0111 ; 0          ; 0          ; 0          ; 0          ; 0          ; 1          ; 0          ; 0          ; 0          ; 0          ; 0          ; 0          ; 1          ;
; state.1000 ; 0          ; 0          ; 0          ; 0          ; 1          ; 0          ; 0          ; 0          ; 0          ; 0          ; 0          ; 0          ; 1          ;
; state.1001 ; 0          ; 0          ; 0          ; 1          ; 0          ; 0          ; 0          ; 0          ; 0          ; 0          ; 0          ; 0          ; 1          ;
; state.1010 ; 0          ; 0          ; 1          ; 0          ; 0          ; 0          ; 0          ; 0          ; 0          ; 0          ; 0          ; 0          ; 1          ;
; state.1011 ; 0          ; 1          ; 0          ; 0          ; 0          ; 0          ; 0          ; 0          ; 0          ; 0          ; 0          ; 0          ; 1          ;
; state.1100 ; 1          ; 0          ; 0          ; 0          ; 0          ; 0          ; 0          ; 0          ; 0          ; 0          ; 0          ; 0          ; 1          ;
+------------+------------+------------+------------+------------+------------+------------+------------+------------+------------+------------+------------+------------+------------+


Encoding Type:  One-Hot
+-----------------------------------------------------------------------+
; State Machine - |top|picosoc:soc_core|picorv32:cpu|mem_wordsize       ;
+-----------------+-----------------+-----------------+-----------------+
; Name            ; mem_wordsize.00 ; mem_wordsize.10 ; mem_wordsize.01 ;
+-----------------+-----------------+-----------------+-----------------+
; mem_wordsize.00 ; 0               ; 0               ; 0               ;
; mem_wordsize.01 ; 1               ; 0               ; 1               ;
; mem_wordsize.10 ; 1               ; 1               ; 0               ;
+-----------------+-----------------+-----------------+-----------------+


Encoding Type:  One-Hot
+------------------------------------------------------------------------------------------------------------------------------------------------------------------------------------------------------------------------------------------------------------+
; State Machine - |top|picosoc:soc_core|picorv32:cpu|cpu_state                                                                                                                                                                                               ;
+----------------------------+--------------------------+---------------------------+----------------------------+----------------------------+--------------------------+---------------------------+---------------------------+---------------------------+
; Name                       ; cpu_state.cpu_state_trap ; cpu_state.cpu_state_fetch ; cpu_state.cpu_state_ld_rs1 ; cpu_state.cpu_state_ld_rs2 ; cpu_state.cpu_state_exec ; cpu_state.cpu_state_shift ; cpu_state.cpu_state_stmem ; cpu_state.cpu_state_ldmem ;
+----------------------------+--------------------------+---------------------------+----------------------------+----------------------------+--------------------------+---------------------------+---------------------------+---------------------------+
; cpu_state.cpu_state_ldmem  ; 0                        ; 0                         ; 0                          ; 0                          ; 0                        ; 0                         ; 0                         ; 0                         ;
; cpu_state.cpu_state_stmem  ; 0                        ; 0                         ; 0                          ; 0                          ; 0                        ; 0                         ; 1                         ; 1                         ;
; cpu_state.cpu_state_shift  ; 0                        ; 0                         ; 0                          ; 0                          ; 0                        ; 1                         ; 0                         ; 1                         ;
; cpu_state.cpu_state_exec   ; 0                        ; 0                         ; 0                          ; 0                          ; 1                        ; 0                         ; 0                         ; 1                         ;
; cpu_state.cpu_state_ld_rs2 ; 0                        ; 0                         ; 0                          ; 1                          ; 0                        ; 0                         ; 0                         ; 1                         ;
; cpu_state.cpu_state_ld_rs1 ; 0                        ; 0                         ; 1                          ; 0                          ; 0                        ; 0                         ; 0                         ; 1                         ;
; cpu_state.cpu_state_fetch  ; 0                        ; 1                         ; 0                          ; 0                          ; 0                        ; 0                         ; 0                         ; 1                         ;
; cpu_state.cpu_state_trap   ; 1                        ; 0                         ; 0                          ; 0                          ; 0                        ; 0                         ; 0                         ; 1                         ;
+----------------------------+--------------------------+---------------------------+----------------------------+----------------------------+--------------------------+---------------------------+---------------------------+---------------------------+


+------------------------------------------------------------------------------------------------------------------------------------------------------------------------------------------------------------------------------------------------------------+
; Registers Removed During Synthesis                                                                                                                                                                                                                         ;
+--------------------------------------------------------------------------------------------------------------------------------------------------------------------------+---------------------------------------------------------------------------------+
; Register name                                                                                                                                                            ; Reason for Removal                                                              ;
+--------------------------------------------------------------------------------------------------------------------------------------------------------------------------+---------------------------------------------------------------------------------+
; picosoc:soc_core|picorv32:cpu|decoded_imm_j[0]                                                                                                                           ; Stuck at GND due to stuck port data_in                                          ;
; picosoc:soc_core|picorv32:cpu|instr_getq                                                                                                                                 ; Stuck at GND due to stuck port data_in                                          ;
; picosoc:soc_core|picorv32:cpu|instr_setq                                                                                                                                 ; Stuck at GND due to stuck port data_in                                          ;
; picosoc:soc_core|picorv32:cpu|picorv32_pcpi_mul:pcpi_mul|rdx[0..3,5..7,9..11,13..15,17..19,21..23,25..27,29..31,33..35,37..39,41..43,45..47,49..51,53..55,57..59,61..63] ; Stuck at GND due to stuck port data_in                                          ;
; picosoc:soc_core|picorv32:cpu|mem_addr[0,1]                                                                                                                              ; Stuck at GND due to stuck port data_in                                          ;
; picosoc:soc_core|spimemio:spimemio|rd_addr[0,1]                                                                                                                          ; Stuck at GND due to stuck port data_in                                          ;
; picosoc:soc_core|picorv32:cpu|picorv32_pcpi_mul:pcpi_mul|pcpi_wr                                                                                                         ; Merged with picosoc:soc_core|picorv32:cpu|picorv32_pcpi_mul:pcpi_mul|pcpi_ready ;
; picosoc:soc_core|picorv32:cpu|reg_pc[0]                                                                                                                                  ; Merged with picosoc:soc_core|picorv32:cpu|reg_next_pc[0]                        ;
; picosoc:soc_core|picorv32:cpu|decoded_imm_j[21..31]                                                                                                                      ; Merged with picosoc:soc_core|picorv32:cpu|decoded_imm_j[20]                     ;
; picosoc:soc_core|picorv32:cpu|irq_pending[3..31]                                                                                                                         ; Stuck at GND due to stuck port data_in                                          ;
; picosoc:soc_core|spimemio:spimemio|din_tag[3]                                                                                                                            ; Stuck at GND due to stuck port data_in                                          ;
; picosoc:soc_core|spimemio:spimemio|spimemio_xfer:xfer|xfer_tag[3]                                                                                                        ; Stuck at GND due to stuck port data_in                                          ;
; picosoc:soc_core|spimemio:spimemio|spimemio_xfer:xfer|xfer_tag_q[3]                                                                                                      ; Stuck at GND due to stuck port data_in                                          ;
; picosoc:soc_core|picorv32:cpu|latched_is_lu                                                                                                                              ; Lost fanout                                                                     ;
; picosoc:soc_core|picorv32:cpu|is_lbu_lhu_lw                                                                                                                              ; Lost fanout                                                                     ;
; picosoc:soc_core|simpleuart:simpleuart|send_pattern[9]                                                                                                                   ; Stuck at VCC due to stuck port data_in                                          ;
; picosoc:soc_core|picorv32:cpu|reg_next_pc[0]                                                                                                                             ; Stuck at GND due to stuck port data_in                                          ;
; picosoc:soc_core|spimemio:spimemio|state~15                                                                                                                              ; Lost fanout                                                                     ;
; picosoc:soc_core|spimemio:spimemio|state~16                                                                                                                              ; Lost fanout                                                                     ;
; picosoc:soc_core|spimemio:spimemio|state~17                                                                                                                              ; Lost fanout                                                                     ;
; picosoc:soc_core|spimemio:spimemio|state~18                                                                                                                              ; Lost fanout                                                                     ;
; picosoc:soc_core|picorv32:cpu|cpu_state.cpu_state_shift                                                                                                                  ; Merged with picosoc:soc_core|picorv32:cpu|cpu_state.cpu_state_ld_rs2            ;
; picosoc:soc_core|picorv32:cpu|cpu_state.cpu_state_ld_rs2                                                                                                                 ; Stuck at GND due to stuck port data_in                                          ;
; picosoc:soc_core|spimemio:spimemio|spimemio_xfer:xfer|ibuffer[0]                                                                                                         ; Stuck at GND due to stuck port data_in                                          ;
; picosoc:soc_core|spimemio:spimemio|buffer[0,16]                                                                                                                          ; Stuck at GND due to stuck port data_in                                          ;
; picosoc:soc_core|spimemio:spimemio|rdata[0,16,24]                                                                                                                        ; Stuck at GND due to stuck port data_in                                          ;
; picosoc:soc_core|spimemio:spimemio|buffer[8]                                                                                                                             ; Stuck at GND due to stuck port data_in                                          ;
; picosoc:soc_core|spimemio:spimemio|rdata[8]                                                                                                                              ; Stuck at GND due to stuck port data_in                                          ;
; picosoc:soc_core|picorv32:cpu|reg_sh[2..4]                                                                                                                               ; Lost fanout                                                                     ;
; picosoc:soc_core|spimemio:spimemio|spimemio_xfer:xfer|ibuffer[1]                                                                                                         ; Stuck at GND due to stuck port data_in                                          ;
; picosoc:soc_core|spimemio:spimemio|rdata[25]                                                                                                                             ; Stuck at GND due to stuck port data_in                                          ;
; picosoc:soc_core|spimemio:spimemio|buffer[1,9,17]                                                                                                                        ; Stuck at GND due to stuck port data_in                                          ;
; picosoc:soc_core|spimemio:spimemio|spimemio_xfer:xfer|ibuffer[2]                                                                                                         ; Stuck at GND due to stuck port data_in                                          ;
; picosoc:soc_core|spimemio:spimemio|buffer[2,18]                                                                                                                          ; Stuck at GND due to stuck port data_in                                          ;
; picosoc:soc_core|spimemio:spimemio|rdata[1,2,9,17,18,26]                                                                                                                 ; Stuck at GND due to stuck port data_in                                          ;
; picosoc:soc_core|spimemio:spimemio|spimemio_xfer:xfer|ibuffer[3]                                                                                                         ; Stuck at GND due to stuck port data_in                                          ;
; picosoc:soc_core|spimemio:spimemio|buffer[3,10,19]                                                                                                                       ; Stuck at GND due to stuck port data_in                                          ;
; picosoc:soc_core|spimemio:spimemio|rdata[3,10,19,27]                                                                                                                     ; Stuck at GND due to stuck port data_in                                          ;
; picosoc:soc_core|spimemio:spimemio|spimemio_xfer:xfer|ibuffer[4]                                                                                                         ; Stuck at GND due to stuck port data_in                                          ;
; picosoc:soc_core|spimemio:spimemio|buffer[4,11,20]                                                                                                                       ; Stuck at GND due to stuck port data_in                                          ;
; picosoc:soc_core|spimemio:spimemio|rdata[4,11,20,28]                                                                                                                     ; Stuck at GND due to stuck port data_in                                          ;
; picosoc:soc_core|spimemio:spimemio|buffer[12]                                                                                                                            ; Stuck at GND due to stuck port data_in                                          ;
; picosoc:soc_core|spimemio:spimemio|spimemio_xfer:xfer|ibuffer[5]                                                                                                         ; Stuck at GND due to stuck port data_in                                          ;
; picosoc:soc_core|spimemio:spimemio|buffer[5,21]                                                                                                                          ; Stuck at GND due to stuck port data_in                                          ;
; picosoc:soc_core|spimemio:spimemio|rdata[5,12,21,29]                                                                                                                     ; Stuck at GND due to stuck port data_in                                          ;
; picosoc:soc_core|spimemio:spimemio|buffer[13]                                                                                                                            ; Stuck at GND due to stuck port data_in                                          ;
; picosoc:soc_core|spimemio:spimemio|spimemio_xfer:xfer|ibuffer[6]                                                                                                         ; Stuck at GND due to stuck port data_in                                          ;
; picosoc:soc_core|spimemio:spimemio|buffer[6,22]                                                                                                                          ; Stuck at GND due to stuck port data_in                                          ;
; picosoc:soc_core|spimemio:spimemio|rdata[6,13,22,30]                                                                                                                     ; Stuck at GND due to stuck port data_in                                          ;
; picosoc:soc_core|spimemio:spimemio|buffer[14]                                                                                                                            ; Stuck at GND due to stuck port data_in                                          ;
; picosoc:soc_core|spimemio:spimemio|spimemio_xfer:xfer|ibuffer[7]                                                                                                         ; Stuck at GND due to stuck port data_in                                          ;
; picosoc:soc_core|spimemio:spimemio|rdata[14,31]                                                                                                                          ; Stuck at GND due to stuck port data_in                                          ;
; picosoc:soc_core|spimemio:spimemio|buffer[7,15,23]                                                                                                                       ; Stuck at GND due to stuck port data_in                                          ;
; picosoc:soc_core|spimemio:spimemio|rdata[7,15,23]                                                                                                                        ; Stuck at GND due to stuck port data_in                                          ;
; Total Number of Removed Registers = 178                                                                                                                                  ;                                                                                 ;
+--------------------------------------------------------------------------------------------------------------------------------------------------------------------------+---------------------------------------------------------------------------------+


+----------------------------------------------------------------------------------------------------------------------------------------------------------------------------------+
; Removed Registers Triggering Further Register Optimizations                                                                                                                      ;
+------------------------------------------------------------------+---------------------------+-----------------------------------------------------------------------------------+
; Register name                                                    ; Reason for Removal        ; Registers Removed due to This Register                                            ;
+------------------------------------------------------------------+---------------------------+-----------------------------------------------------------------------------------+
; picosoc:soc_core|picorv32:cpu|mem_addr[0]                        ; Stuck at GND              ; picosoc:soc_core|spimemio:spimemio|rd_addr[0],                                    ;
;                                                                  ; due to stuck port data_in ; picosoc:soc_core|spimemio:spimemio|din_tag[3],                                    ;
;                                                                  ;                           ; picosoc:soc_core|spimemio:spimemio|spimemio_xfer:xfer|xfer_tag[3],                ;
;                                                                  ;                           ; picosoc:soc_core|spimemio:spimemio|spimemio_xfer:xfer|xfer_tag_q[3],              ;
;                                                                  ;                           ; picosoc:soc_core|spimemio:spimemio|buffer[0],                                     ;
;                                                                  ;                           ; picosoc:soc_core|spimemio:spimemio|buffer[16],                                    ;
;                                                                  ;                           ; picosoc:soc_core|spimemio:spimemio|rdata[24],                                     ;
;                                                                  ;                           ; picosoc:soc_core|spimemio:spimemio|rdata[0],                                      ;
;                                                                  ;                           ; picosoc:soc_core|spimemio:spimemio|rdata[16],                                     ;
;                                                                  ;                           ; picosoc:soc_core|spimemio:spimemio|buffer[8],                                     ;
;                                                                  ;                           ; picosoc:soc_core|spimemio:spimemio|rdata[8],                                      ;
;                                                                  ;                           ; picosoc:soc_core|spimemio:spimemio|rdata[25],                                     ;
;                                                                  ;                           ; picosoc:soc_core|spimemio:spimemio|buffer[1],                                     ;
;                                                                  ;                           ; picosoc:soc_core|spimemio:spimemio|buffer[17],                                    ;
;                                                                  ;                           ; picosoc:soc_core|spimemio:spimemio|buffer[9],                                     ;
;                                                                  ;                           ; picosoc:soc_core|spimemio:spimemio|buffer[18],                                    ;
;                                                                  ;                           ; picosoc:soc_core|spimemio:spimemio|buffer[2],                                     ;
;                                                                  ;                           ; picosoc:soc_core|spimemio:spimemio|rdata[1],                                      ;
;                                                                  ;                           ; picosoc:soc_core|spimemio:spimemio|rdata[17],                                     ;
;                                                                  ;                           ; picosoc:soc_core|spimemio:spimemio|rdata[9],                                      ;
;                                                                  ;                           ; picosoc:soc_core|spimemio:spimemio|rdata[26],                                     ;
;                                                                  ;                           ; picosoc:soc_core|spimemio:spimemio|rdata[18],                                     ;
;                                                                  ;                           ; picosoc:soc_core|spimemio:spimemio|rdata[2],                                      ;
;                                                                  ;                           ; picosoc:soc_core|spimemio:spimemio|buffer[10],                                    ;
;                                                                  ;                           ; picosoc:soc_core|spimemio:spimemio|buffer[19],                                    ;
;                                                                  ;                           ; picosoc:soc_core|spimemio:spimemio|buffer[3],                                     ;
;                                                                  ;                           ; picosoc:soc_core|spimemio:spimemio|rdata[27],                                     ;
;                                                                  ;                           ; picosoc:soc_core|spimemio:spimemio|rdata[10],                                     ;
;                                                                  ;                           ; picosoc:soc_core|spimemio:spimemio|rdata[19],                                     ;
;                                                                  ;                           ; picosoc:soc_core|spimemio:spimemio|rdata[3],                                      ;
;                                                                  ;                           ; picosoc:soc_core|spimemio:spimemio|buffer[11],                                    ;
;                                                                  ;                           ; picosoc:soc_core|spimemio:spimemio|buffer[20],                                    ;
;                                                                  ;                           ; picosoc:soc_core|spimemio:spimemio|buffer[4],                                     ;
;                                                                  ;                           ; picosoc:soc_core|spimemio:spimemio|rdata[28],                                     ;
;                                                                  ;                           ; picosoc:soc_core|spimemio:spimemio|rdata[11],                                     ;
;                                                                  ;                           ; picosoc:soc_core|spimemio:spimemio|rdata[20],                                     ;
;                                                                  ;                           ; picosoc:soc_core|spimemio:spimemio|rdata[4],                                      ;
;                                                                  ;                           ; picosoc:soc_core|spimemio:spimemio|buffer[12],                                    ;
;                                                                  ;                           ; picosoc:soc_core|spimemio:spimemio|buffer[21],                                    ;
;                                                                  ;                           ; picosoc:soc_core|spimemio:spimemio|buffer[5],                                     ;
;                                                                  ;                           ; picosoc:soc_core|spimemio:spimemio|rdata[12],                                     ;
;                                                                  ;                           ; picosoc:soc_core|spimemio:spimemio|rdata[29],                                     ;
;                                                                  ;                           ; picosoc:soc_core|spimemio:spimemio|rdata[21],                                     ;
;                                                                  ;                           ; picosoc:soc_core|spimemio:spimemio|rdata[5],                                      ;
;                                                                  ;                           ; picosoc:soc_core|spimemio:spimemio|buffer[13],                                    ;
;                                                                  ;                           ; picosoc:soc_core|spimemio:spimemio|buffer[6],                                     ;
;                                                                  ;                           ; picosoc:soc_core|spimemio:spimemio|buffer[22],                                    ;
;                                                                  ;                           ; picosoc:soc_core|spimemio:spimemio|rdata[13],                                     ;
;                                                                  ;                           ; picosoc:soc_core|spimemio:spimemio|rdata[30],                                     ;
;                                                                  ;                           ; picosoc:soc_core|spimemio:spimemio|rdata[6],                                      ;
;                                                                  ;                           ; picosoc:soc_core|spimemio:spimemio|rdata[22],                                     ;
;                                                                  ;                           ; picosoc:soc_core|spimemio:spimemio|buffer[14],                                    ;
;                                                                  ;                           ; picosoc:soc_core|spimemio:spimemio|rdata[14],                                     ;
;                                                                  ;                           ; picosoc:soc_core|spimemio:spimemio|rdata[31],                                     ;
;                                                                  ;                           ; picosoc:soc_core|spimemio:spimemio|buffer[7],                                     ;
;                                                                  ;                           ; picosoc:soc_core|spimemio:spimemio|buffer[23],                                    ;
;                                                                  ;                           ; picosoc:soc_core|spimemio:spimemio|buffer[15],                                    ;
;                                                                  ;                           ; picosoc:soc_core|spimemio:spimemio|rdata[7],                                      ;
;                                                                  ;                           ; picosoc:soc_core|spimemio:spimemio|rdata[23],                                     ;
;                                                                  ;                           ; picosoc:soc_core|spimemio:spimemio|rdata[15]                                      ;
; picosoc:soc_core|picorv32:cpu|cpu_state.cpu_state_ld_rs2         ; Stuck at GND              ; picosoc:soc_core|picorv32:cpu|reg_sh[4], picosoc:soc_core|picorv32:cpu|reg_sh[3], ;
;                                                                  ; due to stuck port data_in ; picosoc:soc_core|picorv32:cpu|reg_sh[2]                                           ;
; picosoc:soc_core|spimemio:spimemio|spimemio_xfer:xfer|ibuffer[0] ; Stuck at GND              ; picosoc:soc_core|spimemio:spimemio|spimemio_xfer:xfer|ibuffer[2],                 ;
;                                                                  ; due to stuck port data_in ; picosoc:soc_core|spimemio:spimemio|spimemio_xfer:xfer|ibuffer[4],                 ;
;                                                                  ;                           ; picosoc:soc_core|spimemio:spimemio|spimemio_xfer:xfer|ibuffer[6]                  ;
; picosoc:soc_core|spimemio:spimemio|spimemio_xfer:xfer|ibuffer[1] ; Stuck at GND              ; picosoc:soc_core|spimemio:spimemio|spimemio_xfer:xfer|ibuffer[3],                 ;
;                                                                  ; due to stuck port data_in ; picosoc:soc_core|spimemio:spimemio|spimemio_xfer:xfer|ibuffer[5],                 ;
;                                                                  ;                           ; picosoc:soc_core|spimemio:spimemio|spimemio_xfer:xfer|ibuffer[7]                  ;
; picosoc:soc_core|picorv32:cpu|mem_addr[1]                        ; Stuck at GND              ; picosoc:soc_core|spimemio:spimemio|rd_addr[1]                                     ;
;                                                                  ; due to stuck port data_in ;                                                                                   ;
; picosoc:soc_core|picorv32:cpu|latched_is_lu                      ; Lost Fanouts              ; picosoc:soc_core|picorv32:cpu|is_lbu_lhu_lw                                       ;
+------------------------------------------------------------------+---------------------------+-----------------------------------------------------------------------------------+


+------------------------------------------------------+
; General Register Statistics                          ;
+----------------------------------------------+-------+
; Statistic                                    ; Value ;
+----------------------------------------------+-------+
; Total registers                              ; 1258  ;
; Number of registers using Synchronous Clear  ; 430   ;
; Number of registers using Synchronous Load   ; 189   ;
; Number of registers using Asynchronous Clear ; 8     ;
; Number of registers using Asynchronous Load  ; 0     ;
; Number of registers using Clock Enable       ; 878   ;
; Number of registers using Preset             ; 0     ;
+----------------------------------------------+-------+


+------------------------------------------------------------------------------------------------------------------------------------------+
; Registers Added for RAM Pass-Through Logic                                                                                               ;
+--------------------------------------------------------------------------+---------------------------------------------------------------+
; Register Name                                                            ; RAM Name                                                      ;
+--------------------------------------------------------------------------+---------------------------------------------------------------+
; picosoc:soc_core|picorv32:cpu|picosoc_regs:cpuregs|regs_rtl_0_bypass[0]  ; picosoc:soc_core|picorv32:cpu|picosoc_regs:cpuregs|regs_rtl_0 ;
; picosoc:soc_core|picorv32:cpu|picosoc_regs:cpuregs|regs_rtl_0_bypass[1]  ; picosoc:soc_core|picorv32:cpu|picosoc_regs:cpuregs|regs_rtl_0 ;
; picosoc:soc_core|picorv32:cpu|picosoc_regs:cpuregs|regs_rtl_0_bypass[2]  ; picosoc:soc_core|picorv32:cpu|picosoc_regs:cpuregs|regs_rtl_0 ;
; picosoc:soc_core|picorv32:cpu|picosoc_regs:cpuregs|regs_rtl_0_bypass[3]  ; picosoc:soc_core|picorv32:cpu|picosoc_regs:cpuregs|regs_rtl_0 ;
; picosoc:soc_core|picorv32:cpu|picosoc_regs:cpuregs|regs_rtl_0_bypass[4]  ; picosoc:soc_core|picorv32:cpu|picosoc_regs:cpuregs|regs_rtl_0 ;
; picosoc:soc_core|picorv32:cpu|picosoc_regs:cpuregs|regs_rtl_0_bypass[5]  ; picosoc:soc_core|picorv32:cpu|picosoc_regs:cpuregs|regs_rtl_0 ;
; picosoc:soc_core|picorv32:cpu|picosoc_regs:cpuregs|regs_rtl_0_bypass[6]  ; picosoc:soc_core|picorv32:cpu|picosoc_regs:cpuregs|regs_rtl_0 ;
; picosoc:soc_core|picorv32:cpu|picosoc_regs:cpuregs|regs_rtl_0_bypass[7]  ; picosoc:soc_core|picorv32:cpu|picosoc_regs:cpuregs|regs_rtl_0 ;
; picosoc:soc_core|picorv32:cpu|picosoc_regs:cpuregs|regs_rtl_0_bypass[8]  ; picosoc:soc_core|picorv32:cpu|picosoc_regs:cpuregs|regs_rtl_0 ;
; picosoc:soc_core|picorv32:cpu|picosoc_regs:cpuregs|regs_rtl_0_bypass[9]  ; picosoc:soc_core|picorv32:cpu|picosoc_regs:cpuregs|regs_rtl_0 ;
; picosoc:soc_core|picorv32:cpu|picosoc_regs:cpuregs|regs_rtl_0_bypass[10] ; picosoc:soc_core|picorv32:cpu|picosoc_regs:cpuregs|regs_rtl_0 ;
; picosoc:soc_core|picorv32:cpu|picosoc_regs:cpuregs|regs_rtl_0_bypass[11] ; picosoc:soc_core|picorv32:cpu|picosoc_regs:cpuregs|regs_rtl_0 ;
; picosoc:soc_core|picorv32:cpu|picosoc_regs:cpuregs|regs_rtl_0_bypass[12] ; picosoc:soc_core|picorv32:cpu|picosoc_regs:cpuregs|regs_rtl_0 ;
; picosoc:soc_core|picorv32:cpu|picosoc_regs:cpuregs|regs_rtl_0_bypass[13] ; picosoc:soc_core|picorv32:cpu|picosoc_regs:cpuregs|regs_rtl_0 ;
; picosoc:soc_core|picorv32:cpu|picosoc_regs:cpuregs|regs_rtl_0_bypass[14] ; picosoc:soc_core|picorv32:cpu|picosoc_regs:cpuregs|regs_rtl_0 ;
; picosoc:soc_core|picorv32:cpu|picosoc_regs:cpuregs|regs_rtl_0_bypass[15] ; picosoc:soc_core|picorv32:cpu|picosoc_regs:cpuregs|regs_rtl_0 ;
; picosoc:soc_core|picorv32:cpu|picosoc_regs:cpuregs|regs_rtl_0_bypass[16] ; picosoc:soc_core|picorv32:cpu|picosoc_regs:cpuregs|regs_rtl_0 ;
; picosoc:soc_core|picorv32:cpu|picosoc_regs:cpuregs|regs_rtl_0_bypass[17] ; picosoc:soc_core|picorv32:cpu|picosoc_regs:cpuregs|regs_rtl_0 ;
; picosoc:soc_core|picorv32:cpu|picosoc_regs:cpuregs|regs_rtl_0_bypass[18] ; picosoc:soc_core|picorv32:cpu|picosoc_regs:cpuregs|regs_rtl_0 ;
; picosoc:soc_core|picorv32:cpu|picosoc_regs:cpuregs|regs_rtl_0_bypass[19] ; picosoc:soc_core|picorv32:cpu|picosoc_regs:cpuregs|regs_rtl_0 ;
; picosoc:soc_core|picorv32:cpu|picosoc_regs:cpuregs|regs_rtl_0_bypass[20] ; picosoc:soc_core|picorv32:cpu|picosoc_regs:cpuregs|regs_rtl_0 ;
; picosoc:soc_core|picorv32:cpu|picosoc_regs:cpuregs|regs_rtl_0_bypass[21] ; picosoc:soc_core|picorv32:cpu|picosoc_regs:cpuregs|regs_rtl_0 ;
; picosoc:soc_core|picorv32:cpu|picosoc_regs:cpuregs|regs_rtl_0_bypass[22] ; picosoc:soc_core|picorv32:cpu|picosoc_regs:cpuregs|regs_rtl_0 ;
; picosoc:soc_core|picorv32:cpu|picosoc_regs:cpuregs|regs_rtl_0_bypass[23] ; picosoc:soc_core|picorv32:cpu|picosoc_regs:cpuregs|regs_rtl_0 ;
; picosoc:soc_core|picorv32:cpu|picosoc_regs:cpuregs|regs_rtl_0_bypass[24] ; picosoc:soc_core|picorv32:cpu|picosoc_regs:cpuregs|regs_rtl_0 ;
; picosoc:soc_core|picorv32:cpu|picosoc_regs:cpuregs|regs_rtl_0_bypass[25] ; picosoc:soc_core|picorv32:cpu|picosoc_regs:cpuregs|regs_rtl_0 ;
; picosoc:soc_core|picorv32:cpu|picosoc_regs:cpuregs|regs_rtl_0_bypass[26] ; picosoc:soc_core|picorv32:cpu|picosoc_regs:cpuregs|regs_rtl_0 ;
; picosoc:soc_core|picorv32:cpu|picosoc_regs:cpuregs|regs_rtl_0_bypass[27] ; picosoc:soc_core|picorv32:cpu|picosoc_regs:cpuregs|regs_rtl_0 ;
; picosoc:soc_core|picorv32:cpu|picosoc_regs:cpuregs|regs_rtl_0_bypass[28] ; picosoc:soc_core|picorv32:cpu|picosoc_regs:cpuregs|regs_rtl_0 ;
; picosoc:soc_core|picorv32:cpu|picosoc_regs:cpuregs|regs_rtl_0_bypass[29] ; picosoc:soc_core|picorv32:cpu|picosoc_regs:cpuregs|regs_rtl_0 ;
; picosoc:soc_core|picorv32:cpu|picosoc_regs:cpuregs|regs_rtl_0_bypass[30] ; picosoc:soc_core|picorv32:cpu|picosoc_regs:cpuregs|regs_rtl_0 ;
; picosoc:soc_core|picorv32:cpu|picosoc_regs:cpuregs|regs_rtl_0_bypass[31] ; picosoc:soc_core|picorv32:cpu|picosoc_regs:cpuregs|regs_rtl_0 ;
; picosoc:soc_core|picorv32:cpu|picosoc_regs:cpuregs|regs_rtl_0_bypass[32] ; picosoc:soc_core|picorv32:cpu|picosoc_regs:cpuregs|regs_rtl_0 ;
; picosoc:soc_core|picorv32:cpu|picosoc_regs:cpuregs|regs_rtl_0_bypass[33] ; picosoc:soc_core|picorv32:cpu|picosoc_regs:cpuregs|regs_rtl_0 ;
; picosoc:soc_core|picorv32:cpu|picosoc_regs:cpuregs|regs_rtl_0_bypass[34] ; picosoc:soc_core|picorv32:cpu|picosoc_regs:cpuregs|regs_rtl_0 ;
; picosoc:soc_core|picorv32:cpu|picosoc_regs:cpuregs|regs_rtl_0_bypass[35] ; picosoc:soc_core|picorv32:cpu|picosoc_regs:cpuregs|regs_rtl_0 ;
; picosoc:soc_core|picorv32:cpu|picosoc_regs:cpuregs|regs_rtl_0_bypass[36] ; picosoc:soc_core|picorv32:cpu|picosoc_regs:cpuregs|regs_rtl_0 ;
; picosoc:soc_core|picorv32:cpu|picosoc_regs:cpuregs|regs_rtl_0_bypass[37] ; picosoc:soc_core|picorv32:cpu|picosoc_regs:cpuregs|regs_rtl_0 ;
; picosoc:soc_core|picorv32:cpu|picosoc_regs:cpuregs|regs_rtl_0_bypass[38] ; picosoc:soc_core|picorv32:cpu|picosoc_regs:cpuregs|regs_rtl_0 ;
; picosoc:soc_core|picorv32:cpu|picosoc_regs:cpuregs|regs_rtl_0_bypass[39] ; picosoc:soc_core|picorv32:cpu|picosoc_regs:cpuregs|regs_rtl_0 ;
; picosoc:soc_core|picorv32:cpu|picosoc_regs:cpuregs|regs_rtl_0_bypass[40] ; picosoc:soc_core|picorv32:cpu|picosoc_regs:cpuregs|regs_rtl_0 ;
; picosoc:soc_core|picorv32:cpu|picosoc_regs:cpuregs|regs_rtl_0_bypass[41] ; picosoc:soc_core|picorv32:cpu|picosoc_regs:cpuregs|regs_rtl_0 ;
; picosoc:soc_core|picorv32:cpu|picosoc_regs:cpuregs|regs_rtl_0_bypass[42] ; picosoc:soc_core|picorv32:cpu|picosoc_regs:cpuregs|regs_rtl_0 ;
; picosoc:soc_core|picorv32:cpu|picosoc_regs:cpuregs|regs_rtl_1_bypass[0]  ; picosoc:soc_core|picorv32:cpu|picosoc_regs:cpuregs|regs_rtl_1 ;
; picosoc:soc_core|picorv32:cpu|picosoc_regs:cpuregs|regs_rtl_1_bypass[1]  ; picosoc:soc_core|picorv32:cpu|picosoc_regs:cpuregs|regs_rtl_1 ;
; picosoc:soc_core|picorv32:cpu|picosoc_regs:cpuregs|regs_rtl_1_bypass[2]  ; picosoc:soc_core|picorv32:cpu|picosoc_regs:cpuregs|regs_rtl_1 ;
; picosoc:soc_core|picorv32:cpu|picosoc_regs:cpuregs|regs_rtl_1_bypass[3]  ; picosoc:soc_core|picorv32:cpu|picosoc_regs:cpuregs|regs_rtl_1 ;
; picosoc:soc_core|picorv32:cpu|picosoc_regs:cpuregs|regs_rtl_1_bypass[4]  ; picosoc:soc_core|picorv32:cpu|picosoc_regs:cpuregs|regs_rtl_1 ;
; picosoc:soc_core|picorv32:cpu|picosoc_regs:cpuregs|regs_rtl_1_bypass[5]  ; picosoc:soc_core|picorv32:cpu|picosoc_regs:cpuregs|regs_rtl_1 ;
; picosoc:soc_core|picorv32:cpu|picosoc_regs:cpuregs|regs_rtl_1_bypass[6]  ; picosoc:soc_core|picorv32:cpu|picosoc_regs:cpuregs|regs_rtl_1 ;
; picosoc:soc_core|picorv32:cpu|picosoc_regs:cpuregs|regs_rtl_1_bypass[7]  ; picosoc:soc_core|picorv32:cpu|picosoc_regs:cpuregs|regs_rtl_1 ;
; picosoc:soc_core|picorv32:cpu|picosoc_regs:cpuregs|regs_rtl_1_bypass[8]  ; picosoc:soc_core|picorv32:cpu|picosoc_regs:cpuregs|regs_rtl_1 ;
; picosoc:soc_core|picorv32:cpu|picosoc_regs:cpuregs|regs_rtl_1_bypass[9]  ; picosoc:soc_core|picorv32:cpu|picosoc_regs:cpuregs|regs_rtl_1 ;
; picosoc:soc_core|picorv32:cpu|picosoc_regs:cpuregs|regs_rtl_1_bypass[10] ; picosoc:soc_core|picorv32:cpu|picosoc_regs:cpuregs|regs_rtl_1 ;
; picosoc:soc_core|picorv32:cpu|picosoc_regs:cpuregs|regs_rtl_1_bypass[11] ; picosoc:soc_core|picorv32:cpu|picosoc_regs:cpuregs|regs_rtl_1 ;
; picosoc:soc_core|picorv32:cpu|picosoc_regs:cpuregs|regs_rtl_1_bypass[12] ; picosoc:soc_core|picorv32:cpu|picosoc_regs:cpuregs|regs_rtl_1 ;
; picosoc:soc_core|picorv32:cpu|picosoc_regs:cpuregs|regs_rtl_1_bypass[13] ; picosoc:soc_core|picorv32:cpu|picosoc_regs:cpuregs|regs_rtl_1 ;
; picosoc:soc_core|picorv32:cpu|picosoc_regs:cpuregs|regs_rtl_1_bypass[14] ; picosoc:soc_core|picorv32:cpu|picosoc_regs:cpuregs|regs_rtl_1 ;
; picosoc:soc_core|picorv32:cpu|picosoc_regs:cpuregs|regs_rtl_1_bypass[15] ; picosoc:soc_core|picorv32:cpu|picosoc_regs:cpuregs|regs_rtl_1 ;
; picosoc:soc_core|picorv32:cpu|picosoc_regs:cpuregs|regs_rtl_1_bypass[16] ; picosoc:soc_core|picorv32:cpu|picosoc_regs:cpuregs|regs_rtl_1 ;
; picosoc:soc_core|picorv32:cpu|picosoc_regs:cpuregs|regs_rtl_1_bypass[17] ; picosoc:soc_core|picorv32:cpu|picosoc_regs:cpuregs|regs_rtl_1 ;
; picosoc:soc_core|picorv32:cpu|picosoc_regs:cpuregs|regs_rtl_1_bypass[18] ; picosoc:soc_core|picorv32:cpu|picosoc_regs:cpuregs|regs_rtl_1 ;
; picosoc:soc_core|picorv32:cpu|picosoc_regs:cpuregs|regs_rtl_1_bypass[19] ; picosoc:soc_core|picorv32:cpu|picosoc_regs:cpuregs|regs_rtl_1 ;
; picosoc:soc_core|picorv32:cpu|picosoc_regs:cpuregs|regs_rtl_1_bypass[20] ; picosoc:soc_core|picorv32:cpu|picosoc_regs:cpuregs|regs_rtl_1 ;
; picosoc:soc_core|picorv32:cpu|picosoc_regs:cpuregs|regs_rtl_1_bypass[21] ; picosoc:soc_core|picorv32:cpu|picosoc_regs:cpuregs|regs_rtl_1 ;
; picosoc:soc_core|picorv32:cpu|picosoc_regs:cpuregs|regs_rtl_1_bypass[22] ; picosoc:soc_core|picorv32:cpu|picosoc_regs:cpuregs|regs_rtl_1 ;
; picosoc:soc_core|picorv32:cpu|picosoc_regs:cpuregs|regs_rtl_1_bypass[23] ; picosoc:soc_core|picorv32:cpu|picosoc_regs:cpuregs|regs_rtl_1 ;
; picosoc:soc_core|picorv32:cpu|picosoc_regs:cpuregs|regs_rtl_1_bypass[24] ; picosoc:soc_core|picorv32:cpu|picosoc_regs:cpuregs|regs_rtl_1 ;
; picosoc:soc_core|picorv32:cpu|picosoc_regs:cpuregs|regs_rtl_1_bypass[25] ; picosoc:soc_core|picorv32:cpu|picosoc_regs:cpuregs|regs_rtl_1 ;
; picosoc:soc_core|picorv32:cpu|picosoc_regs:cpuregs|regs_rtl_1_bypass[26] ; picosoc:soc_core|picorv32:cpu|picosoc_regs:cpuregs|regs_rtl_1 ;
; picosoc:soc_core|picorv32:cpu|picosoc_regs:cpuregs|regs_rtl_1_bypass[27] ; picosoc:soc_core|picorv32:cpu|picosoc_regs:cpuregs|regs_rtl_1 ;
; picosoc:soc_core|picorv32:cpu|picosoc_regs:cpuregs|regs_rtl_1_bypass[28] ; picosoc:soc_core|picorv32:cpu|picosoc_regs:cpuregs|regs_rtl_1 ;
; picosoc:soc_core|picorv32:cpu|picosoc_regs:cpuregs|regs_rtl_1_bypass[29] ; picosoc:soc_core|picorv32:cpu|picosoc_regs:cpuregs|regs_rtl_1 ;
; picosoc:soc_core|picorv32:cpu|picosoc_regs:cpuregs|regs_rtl_1_bypass[30] ; picosoc:soc_core|picorv32:cpu|picosoc_regs:cpuregs|regs_rtl_1 ;
; picosoc:soc_core|picorv32:cpu|picosoc_regs:cpuregs|regs_rtl_1_bypass[31] ; picosoc:soc_core|picorv32:cpu|picosoc_regs:cpuregs|regs_rtl_1 ;
; picosoc:soc_core|picorv32:cpu|picosoc_regs:cpuregs|regs_rtl_1_bypass[32] ; picosoc:soc_core|picorv32:cpu|picosoc_regs:cpuregs|regs_rtl_1 ;
; picosoc:soc_core|picorv32:cpu|picosoc_regs:cpuregs|regs_rtl_1_bypass[33] ; picosoc:soc_core|picorv32:cpu|picosoc_regs:cpuregs|regs_rtl_1 ;
; picosoc:soc_core|picorv32:cpu|picosoc_regs:cpuregs|regs_rtl_1_bypass[34] ; picosoc:soc_core|picorv32:cpu|picosoc_regs:cpuregs|regs_rtl_1 ;
; picosoc:soc_core|picorv32:cpu|picosoc_regs:cpuregs|regs_rtl_1_bypass[35] ; picosoc:soc_core|picorv32:cpu|picosoc_regs:cpuregs|regs_rtl_1 ;
; picosoc:soc_core|picorv32:cpu|picosoc_regs:cpuregs|regs_rtl_1_bypass[36] ; picosoc:soc_core|picorv32:cpu|picosoc_regs:cpuregs|regs_rtl_1 ;
; picosoc:soc_core|picorv32:cpu|picosoc_regs:cpuregs|regs_rtl_1_bypass[37] ; picosoc:soc_core|picorv32:cpu|picosoc_regs:cpuregs|regs_rtl_1 ;
; picosoc:soc_core|picorv32:cpu|picosoc_regs:cpuregs|regs_rtl_1_bypass[38] ; picosoc:soc_core|picorv32:cpu|picosoc_regs:cpuregs|regs_rtl_1 ;
; picosoc:soc_core|picorv32:cpu|picosoc_regs:cpuregs|regs_rtl_1_bypass[39] ; picosoc:soc_core|picorv32:cpu|picosoc_regs:cpuregs|regs_rtl_1 ;
; picosoc:soc_core|picorv32:cpu|picosoc_regs:cpuregs|regs_rtl_1_bypass[40] ; picosoc:soc_core|picorv32:cpu|picosoc_regs:cpuregs|regs_rtl_1 ;
; picosoc:soc_core|picorv32:cpu|picosoc_regs:cpuregs|regs_rtl_1_bypass[41] ; picosoc:soc_core|picorv32:cpu|picosoc_regs:cpuregs|regs_rtl_1 ;
; picosoc:soc_core|picorv32:cpu|picosoc_regs:cpuregs|regs_rtl_1_bypass[42] ; picosoc:soc_core|picorv32:cpu|picosoc_regs:cpuregs|regs_rtl_1 ;
+--------------------------------------------------------------------------+---------------------------------------------------------------+


+-----------------------------------------------------------------------------------------------------------+
; Registers Packed Into Inferred Megafunctions                                                              ;
+---------------------------------------------------+------------------------------------------------+------+
; Register Name                                     ; Megafunction                                   ; Type ;
+---------------------------------------------------+------------------------------------------------+------+
; picosoc:soc_core|picosoc_mem:memory|rdata[0..7]   ; picosoc:soc_core|picosoc_mem:memory|mem0_rtl_0 ; RAM  ;
; picosoc:soc_core|picosoc_mem:memory|rdata[16..23] ; picosoc:soc_core|picosoc_mem:memory|mem2_rtl_0 ; RAM  ;
; picosoc:soc_core|picosoc_mem:memory|rdata[24..31] ; picosoc:soc_core|picosoc_mem:memory|mem3_rtl_0 ; RAM  ;
; picosoc:soc_core|picosoc_mem:memory|rdata[8..15]  ; picosoc:soc_core|picosoc_mem:memory|mem1_rtl_0 ; RAM  ;
+---------------------------------------------------+------------------------------------------------+------+


+-----------------------------------------------------------------------------------------------------------------------------------------------------------------------------------------+
; Multiplexer Restructuring Statistics (Restructuring Performed)                                                                                                                          ;
+--------------------+-----------+---------------+----------------------+------------------------+------------+---------------------------------------------------------------------------+
; Multiplexer Inputs ; Bus Width ; Baseline Area ; Area if Restructured ; Saving if Restructured ; Registered ; Example Multiplexer Output                                                ;
+--------------------+-----------+---------------+----------------------+------------------------+------------+---------------------------------------------------------------------------+
; 3:1                ; 32 bits   ; 64 LEs        ; 32 LEs               ; 32 LEs                 ; Yes        ; |top|picosoc:soc_core|picorv32:cpu|reg_pc[2]                              ;
; 3:1                ; 5 bits    ; 10 LEs        ; 5 LEs                ; 5 LEs                  ; Yes        ; |top|picosoc:soc_core|picorv32:cpu|mem_rdata_q[15]                        ;
; 3:1                ; 8 bits    ; 16 LEs        ; 8 LEs                ; 8 LEs                  ; Yes        ; |top|picosoc:soc_core|spimemio:spimemio|spimemio_xfer:xfer|xfer_tag[1]    ;
; 3:1                ; 4 bits    ; 8 LEs         ; 4 LEs                ; 4 LEs                  ; Yes        ; |top|picosoc:soc_core|picorv32:cpu|mem_wstrb[2]                           ;
; 3:1                ; 7 bits    ; 14 LEs        ; 7 LEs                ; 7 LEs                  ; Yes        ; |top|picosoc:soc_core|spimemio:spimemio|config_dummy[0]                   ;
; 3:1                ; 4 bits    ; 8 LEs         ; 4 LEs                ; 4 LEs                  ; Yes        ; |top|picosoc:soc_core|spimemio:spimemio|config_oe[0]                      ;
; 3:1                ; 2 bits    ; 4 LEs         ; 2 LEs                ; 2 LEs                  ; Yes        ; |top|picosoc:soc_core|spimemio:spimemio|config_csb                        ;
; 3:1                ; 23 bits   ; 46 LEs        ; 23 LEs               ; 23 LEs                 ; Yes        ; |top|picosoc:soc_core|picorv32:cpu|instr_addi                             ;
; 3:1                ; 8 bits    ; 16 LEs        ; 8 LEs                ; 8 LEs                  ; Yes        ; |top|picosoc:soc_core|simpleuart:simpleuart|cfg_divider[26]               ;
; 3:1                ; 8 bits    ; 16 LEs        ; 8 LEs                ; 8 LEs                  ; Yes        ; |top|picosoc:soc_core|simpleuart:simpleuart|cfg_divider[16]               ;
; 3:1                ; 8 bits    ; 16 LEs        ; 8 LEs                ; 8 LEs                  ; Yes        ; |top|picosoc:soc_core|simpleuart:simpleuart|cfg_divider[10]               ;
; 3:1                ; 8 bits    ; 16 LEs        ; 8 LEs                ; 8 LEs                  ; Yes        ; |top|picosoc:soc_core|simpleuart:simpleuart|cfg_divider[6]                ;
; 3:1                ; 8 bits    ; 16 LEs        ; 8 LEs                ; 8 LEs                  ; Yes        ; |top|picosoc:soc_core|simpleuart:simpleuart|recv_buf_data[0]              ;
; 3:1                ; 32 bits   ; 64 LEs        ; 32 LEs               ; 32 LEs                 ; Yes        ; |top|picosoc:soc_core|picorv32:cpu|irq_mask[21]                           ;
; 3:1                ; 4 bits    ; 8 LEs         ; 4 LEs                ; 4 LEs                  ; Yes        ; |top|picosoc:soc_core|picorv32:cpu|pcpi_timeout_counter[1]                ;
; 3:1                ; 64 bits   ; 128 LEs       ; 64 LEs               ; 64 LEs                 ; Yes        ; |top|picosoc:soc_core|picorv32:cpu|count_instr[43]                        ;
; 3:1                ; 8 bits    ; 16 LEs        ; 8 LEs                ; 8 LEs                  ; Yes        ; |top|picosoc:soc_core|simpleuart:simpleuart|recv_pattern[1]               ;
; 3:1                ; 2 bits    ; 4 LEs         ; 2 LEs                ; 2 LEs                  ; Yes        ; |top|picosoc:soc_core|picorv32:cpu|reg_sh[0]                              ;
; 3:1                ; 3 bits    ; 6 LEs         ; 6 LEs                ; 0 LEs                  ; Yes        ; |top|picosoc:soc_core|picorv32:cpu|reg_sh[2]                              ;
; 3:1                ; 8 bits    ; 16 LEs        ; 16 LEs               ; 0 LEs                  ; Yes        ; |top|picosoc:soc_core|picorv32:cpu|mem_wdata[24]                          ;
; 4:1                ; 32 bits   ; 64 LEs        ; 64 LEs               ; 0 LEs                  ; Yes        ; |top|picosoc:soc_core|picorv32:cpu|timer[9]                               ;
; 4:1                ; 2 bits    ; 4 LEs         ; 2 LEs                ; 2 LEs                  ; Yes        ; |top|picosoc:soc_core|spimemio:spimemio|din_ddr                           ;
; 5:1                ; 5 bits    ; 15 LEs        ; 10 LEs               ; 5 LEs                  ; Yes        ; |top|picosoc:soc_core|simpleuart:simpleuart|send_bitcnt[3]                ;
; 5:1                ; 8 bits    ; 24 LEs        ; 16 LEs               ; 8 LEs                  ; Yes        ; |top|picosoc:soc_core|simpleuart:simpleuart|send_pattern[5]               ;
; 5:1                ; 32 bits   ; 96 LEs        ; 32 LEs               ; 64 LEs                 ; Yes        ; |top|picosoc:soc_core|simpleuart:simpleuart|send_divcnt[25]               ;
; 5:1                ; 4 bits    ; 12 LEs        ; 8 LEs                ; 4 LEs                  ; Yes        ; |top|picosoc:soc_core|spimemio:spimemio|spimemio_xfer:xfer|dummy_count[3] ;
; 5:1                ; 31 bits   ; 93 LEs        ; 62 LEs               ; 31 LEs                 ; Yes        ; |top|picosoc:soc_core|picorv32:cpu|reg_next_pc[9]                         ;
; 3:1                ; 6 bits    ; 12 LEs        ; 12 LEs               ; 0 LEs                  ; Yes        ; |top|picosoc:soc_core|picorv32:cpu|decoded_imm[6]                         ;
; 3:1                ; 19 bits   ; 38 LEs        ; 38 LEs               ; 0 LEs                  ; Yes        ; |top|picosoc:soc_core|picorv32:cpu|decoded_imm[13]                        ;
; 4:1                ; 4 bits    ; 8 LEs         ; 8 LEs                ; 0 LEs                  ; Yes        ; |top|picosoc:soc_core|picorv32:cpu|decoded_imm[4]                         ;
; 11:1               ; 2 bits    ; 14 LEs        ; 8 LEs                ; 6 LEs                  ; Yes        ; |top|picosoc:soc_core|spimemio:spimemio|spimemio_xfer:xfer|count[3]       ;
; 4:1                ; 2 bits    ; 4 LEs         ; 4 LEs                ; 0 LEs                  ; Yes        ; |top|picosoc:soc_core|picorv32:cpu|mem_rdata_q[7]                         ;
; 4:1                ; 2 bits    ; 4 LEs         ; 0 LEs                ; 4 LEs                  ; Yes        ; |top|picosoc:soc_core|picorv32:cpu|mem_rdata_q[10]                        ;
; 6:1                ; 2 bits    ; 8 LEs         ; 2 LEs                ; 6 LEs                  ; Yes        ; |top|picosoc:soc_core|picorv32:cpu|latched_rd[4]                          ;
; 6:1                ; 2 bits    ; 8 LEs         ; 4 LEs                ; 4 LEs                  ; Yes        ; |top|picosoc:soc_core|picorv32:cpu|latched_rd[0]                          ;
; 8:1                ; 2 bits    ; 10 LEs        ; 4 LEs                ; 6 LEs                  ; Yes        ; |top|picosoc:soc_core|spimemio:spimemio|spimemio_xfer:xfer|ibuffer[2]     ;
; 8:1                ; 4 bits    ; 20 LEs        ; 8 LEs                ; 12 LEs                 ; Yes        ; |top|picosoc:soc_core|spimemio:spimemio|spimemio_xfer:xfer|ibuffer[5]     ;
; 7:1                ; 2 bits    ; 8 LEs         ; 4 LEs                ; 4 LEs                  ; Yes        ; |top|picosoc:soc_core|spimemio:spimemio|din_tag[3]                        ;
; 7:1                ; 32 bits   ; 128 LEs       ; 32 LEs               ; 96 LEs                 ; Yes        ; |top|picosoc:soc_core|simpleuart:simpleuart|recv_divcnt[7]                ;
; 9:1                ; 4 bits    ; 24 LEs        ; 12 LEs               ; 12 LEs                 ; Yes        ; |top|picosoc:soc_core|simpleuart:simpleuart|recv_state[3]                 ;
; 11:1               ; 2 bits    ; 14 LEs        ; 6 LEs                ; 8 LEs                  ; Yes        ; |top|picosoc:soc_core|picorv32:cpu|mem_state[1]                           ;
; 10:1               ; 8 bits    ; 48 LEs        ; 48 LEs               ; 0 LEs                  ; Yes        ; |top|picosoc:soc_core|picorv32:cpu|alu_out_q[23]                          ;
; 10:1               ; 8 bits    ; 48 LEs        ; 48 LEs               ; 0 LEs                  ; Yes        ; |top|picosoc:soc_core|picorv32:cpu|alu_out_q[11]                          ;
; 11:1               ; 4 bits    ; 28 LEs        ; 28 LEs               ; 0 LEs                  ; Yes        ; |top|picosoc:soc_core|picorv32:cpu|alu_out_q[26]                          ;
; 11:1               ; 4 bits    ; 28 LEs        ; 28 LEs               ; 0 LEs                  ; Yes        ; |top|picosoc:soc_core|picorv32:cpu|alu_out_q[4]                           ;
; 12:1               ; 3 bits    ; 24 LEs        ; 12 LEs               ; 12 LEs                 ; Yes        ; |top|picosoc:soc_core|picorv32:cpu|reg_op1[28]                            ;
; 13:1               ; 3 bits    ; 24 LEs        ; 12 LEs               ; 12 LEs                 ; Yes        ; |top|picosoc:soc_core|picorv32:cpu|reg_op1[3]                             ;
; 13:1               ; 24 bits   ; 192 LEs       ; 120 LEs              ; 72 LEs                 ; Yes        ; |top|picosoc:soc_core|picorv32:cpu|reg_op1[23]                            ;
; 6:1                ; 5 bits    ; 20 LEs        ; 10 LEs               ; 10 LEs                 ; Yes        ; |top|picosoc:soc_core|picorv32:cpu|reg_op2[3]                             ;
; 12:1               ; 2 bits    ; 16 LEs        ; 16 LEs               ; 0 LEs                  ; Yes        ; |top|picosoc:soc_core|picorv32:cpu|alu_out_q[29]                          ;
; 12:1               ; 2 bits    ; 16 LEs        ; 16 LEs               ; 0 LEs                  ; Yes        ; |top|picosoc:soc_core|picorv32:cpu|alu_out_q[2]                           ;
; 13:1               ; 2 bits    ; 16 LEs        ; 16 LEs               ; 0 LEs                  ; Yes        ; |top|picosoc:soc_core|picorv32:cpu|alu_out_q[31]                          ;
; 7:1                ; 27 bits   ; 108 LEs       ; 54 LEs               ; 54 LEs                 ; Yes        ; |top|picosoc:soc_core|picorv32:cpu|reg_op2[23]                            ;
; 10:1               ; 2 bits    ; 12 LEs        ; 4 LEs                ; 8 LEs                  ; Yes        ; |top|picosoc:soc_core|picorv32:cpu|mem_rdata_q[20]                        ;
; 17:1               ; 2 bits    ; 22 LEs        ; 8 LEs                ; 14 LEs                 ; Yes        ; |top|picosoc:soc_core|picorv32:cpu|decoded_rd[1]                          ;
; 15:1               ; 7 bits    ; 70 LEs        ; 70 LEs               ; 0 LEs                  ; Yes        ; |top|picosoc:soc_core|picorv32:cpu|reg_out[10]                            ;
; 17:1               ; 16 bits   ; 176 LEs       ; 176 LEs              ; 0 LEs                  ; Yes        ; |top|picosoc:soc_core|picorv32:cpu|reg_out[26]                            ;
; 17:1               ; 4 bits    ; 44 LEs        ; 44 LEs               ; 0 LEs                  ; Yes        ; |top|picosoc:soc_core|picorv32:cpu|reg_out[6]                             ;
; 17:1               ; 2 bits    ; 22 LEs        ; 22 LEs               ; 0 LEs                  ; Yes        ; |top|picosoc:soc_core|picorv32:cpu|reg_out[1]                             ;
; 3:1                ; 16 bits   ; 32 LEs        ; 32 LEs               ; 0 LEs                  ; No         ; |top|picosoc:soc_core|picorv32:cpu|mem_rdata_latched[9]                   ;
; 3:1                ; 19 bits   ; 38 LEs        ; 19 LEs               ; 19 LEs                 ; No         ; |top|picosoc:soc_core|picorv32:cpu|Add7                                   ;
; 3:1                ; 32 bits   ; 64 LEs        ; 64 LEs               ; 0 LEs                  ; No         ; |top|picosoc:soc_core|picorv32:cpu|cpuregs_rs1[22]                        ;
; 3:1                ; 5 bits    ; 10 LEs        ; 10 LEs               ; 0 LEs                  ; No         ; |top|picosoc:soc_core|picorv32:cpu|cpuregs_rs2[4]                         ;
; 4:1                ; 2 bits    ; 4 LEs         ; 2 LEs                ; 2 LEs                  ; No         ; |top|picosoc:soc_core|picorv32:cpu|Mux71                                  ;
; 5:1                ; 12 bits   ; 36 LEs        ; 36 LEs               ; 0 LEs                  ; No         ; |top|picosoc:soc_core|mem_rdata                                           ;
; 5:1                ; 8 bits    ; 24 LEs        ; 24 LEs               ; 0 LEs                  ; No         ; |top|picosoc:soc_core|mem_rdata                                           ;
; 4:1                ; 2 bits    ; 4 LEs         ; 4 LEs                ; 0 LEs                  ; No         ; |top|picosoc:soc_core|picorv32:cpu|Selector8                              ;
; 4:1                ; 2 bits    ; 4 LEs         ; 4 LEs                ; 0 LEs                  ; No         ; |top|picosoc:soc_core|picorv32:cpu|Selector10                             ;
; 6:1                ; 2 bits    ; 8 LEs         ; 8 LEs                ; 0 LEs                  ; No         ; |top|picosoc:soc_core|mem_rdata                                           ;
; 4:1                ; 29 bits   ; 58 LEs        ; 58 LEs               ; 0 LEs                  ; No         ; |top|picosoc:soc_core|picorv32:cpu|Selector118                            ;
; 4:1                ; 2 bits    ; 4 LEs         ; 4 LEs                ; 0 LEs                  ; No         ; |top|picosoc:soc_core|picorv32:cpu|Selector123                            ;
; 7:1                ; 6 bits    ; 24 LEs        ; 24 LEs               ; 0 LEs                  ; No         ; |top|picosoc:soc_core|mem_rdata                                           ;
; 8:1                ; 2 bits    ; 10 LEs        ; 10 LEs               ; 0 LEs                  ; No         ; |top|picosoc:soc_core|mem_rdata                                           ;
; 7:1                ; 3 bits    ; 12 LEs        ; 6 LEs                ; 6 LEs                  ; No         ; |top|picosoc:soc_core|picorv32:cpu|mem_wordsize                           ;
; 15:1               ; 3 bits    ; 30 LEs        ; 6 LEs                ; 24 LEs                 ; No         ; |top|picosoc:soc_core|picorv32:cpu|decoded_rs2                            ;
; 18:1               ; 3 bits    ; 36 LEs        ; 15 LEs               ; 21 LEs                 ; No         ; |top|picosoc:soc_core|picorv32:cpu|cpu_state                              ;
+--------------------+-----------+---------------+----------------------+------------------------+------------+---------------------------------------------------------------------------+


+--------------------------------------------------------------------------------------------------------------------------------+
; Source assignments for picosoc:soc_core|picorv32:cpu|picosoc_regs:cpuregs|altsyncram:regs_rtl_0|altsyncram_j6d1:auto_generated ;
+---------------------------------+--------------------+------+------------------------------------------------------------------+
; Assignment                      ; Value              ; From ; To                                                               ;
+---------------------------------+--------------------+------+------------------------------------------------------------------+
; OPTIMIZE_POWER_DURING_SYNTHESIS ; NORMAL_COMPILATION ; -    ; -                                                                ;
+---------------------------------+--------------------+------+------------------------------------------------------------------+


+--------------------------------------------------------------------------------------------------------------------------------+
; Source assignments for picosoc:soc_core|picorv32:cpu|picosoc_regs:cpuregs|altsyncram:regs_rtl_1|altsyncram_j6d1:auto_generated ;
+---------------------------------+--------------------+------+------------------------------------------------------------------+
; Assignment                      ; Value              ; From ; To                                                               ;
+---------------------------------+--------------------+------+------------------------------------------------------------------+
; OPTIMIZE_POWER_DURING_SYNTHESIS ; NORMAL_COMPILATION ; -    ; -                                                                ;
+---------------------------------+--------------------+------+------------------------------------------------------------------+


+-----------------------------------------------------------------------------------------------------------------+
; Source assignments for picosoc:soc_core|picosoc_mem:memory|altsyncram:mem0_rtl_0|altsyncram_9le1:auto_generated ;
+---------------------------------+--------------------+------+---------------------------------------------------+
; Assignment                      ; Value              ; From ; To                                                ;
+---------------------------------+--------------------+------+---------------------------------------------------+
; OPTIMIZE_POWER_DURING_SYNTHESIS ; NORMAL_COMPILATION ; -    ; -                                                 ;
+---------------------------------+--------------------+------+---------------------------------------------------+


+-----------------------------------------------------------------------------------------------------------------+
; Source assignments for picosoc:soc_core|picosoc_mem:memory|altsyncram:mem2_rtl_0|altsyncram_ble1:auto_generated ;
+---------------------------------+--------------------+------+---------------------------------------------------+
; Assignment                      ; Value              ; From ; To                                                ;
+---------------------------------+--------------------+------+---------------------------------------------------+
; OPTIMIZE_POWER_DURING_SYNTHESIS ; NORMAL_COMPILATION ; -    ; -                                                 ;
+---------------------------------+--------------------+------+---------------------------------------------------+


+-----------------------------------------------------------------------------------------------------------------+
; Source assignments for picosoc:soc_core|picosoc_mem:memory|altsyncram:mem3_rtl_0|altsyncram_cle1:auto_generated ;
+---------------------------------+--------------------+------+---------------------------------------------------+
; Assignment                      ; Value              ; From ; To                                                ;
+---------------------------------+--------------------+------+---------------------------------------------------+
; OPTIMIZE_POWER_DURING_SYNTHESIS ; NORMAL_COMPILATION ; -    ; -                                                 ;
+---------------------------------+--------------------+------+---------------------------------------------------+


+-----------------------------------------------------------------------------------------------------------------+
; Source assignments for picosoc:soc_core|picosoc_mem:memory|altsyncram:mem1_rtl_0|altsyncram_ale1:auto_generated ;
+---------------------------------+--------------------+------+---------------------------------------------------+
; Assignment                      ; Value              ; From ; To                                                ;
+---------------------------------+--------------------+------+---------------------------------------------------+
; OPTIMIZE_POWER_DURING_SYNTHESIS ; NORMAL_COMPILATION ; -    ; -                                                 ;
+---------------------------------+--------------------+------+---------------------------------------------------+


+------------------------------------------------------------------------+
; Parameter Settings for User Entity Instance: picosoc:soc_core          ;
+-------------------+----------------------------------+-----------------+
; Parameter Name    ; Value                            ; Type            ;
+-------------------+----------------------------------+-----------------+
; BARREL_SHIFTER    ; 1                                ; Unsigned Binary ;
; ENABLE_MUL        ; 1                                ; Unsigned Binary ;
; ENABLE_DIV        ; 0                                ; Unsigned Binary ;
; ENABLE_FAST_MUL   ; 0                                ; Unsigned Binary ;
; ENABLE_COMPRESSED ; 1                                ; Unsigned Binary ;
; ENABLE_COUNTERS   ; 1                                ; Unsigned Binary ;
; ENABLE_IRQ_QREGS  ; 0                                ; Unsigned Binary ;
; MEM_WORDS         ; 2048                             ; Signed Integer  ;
; STACKADDR         ; 00000000000000000010000000000000 ; Unsigned Binary ;
; PROGADDR_RESET    ; 00000000000000000000000000000000 ; Unsigned Binary ;
; PROGADDR_IRQ      ; 00000000000000000000000000010000 ; Unsigned Binary ;
+-------------------+----------------------------------+-----------------+
Note: In order to hide this table in the UI and the text report file, please set the "Show Parameter Settings in Synthesis Report" option in "Analysis and Synthesis Settings -> More Settings" to "Off".


+----------------------------------------------------------------------------+
; Parameter Settings for User Entity Instance: picosoc:soc_core|picorv32:cpu ;
+----------------------+----------------------------------+------------------+
; Parameter Name       ; Value                            ; Type             ;
+----------------------+----------------------------------+------------------+
; ENABLE_COUNTERS      ; 1                                ; Unsigned Binary  ;
; ENABLE_COUNTERS64    ; 1                                ; Unsigned Binary  ;
; ENABLE_REGS_16_31    ; 1                                ; Unsigned Binary  ;
; ENABLE_REGS_DUALPORT ; 1                                ; Unsigned Binary  ;
; LATCHED_MEM_RDATA    ; 0                                ; Unsigned Binary  ;
; TWO_STAGE_SHIFT      ; 1                                ; Unsigned Binary  ;
; BARREL_SHIFTER       ; 1                                ; Unsigned Binary  ;
; TWO_CYCLE_COMPARE    ; 0                                ; Unsigned Binary  ;
; TWO_CYCLE_ALU        ; 0                                ; Unsigned Binary  ;
; COMPRESSED_ISA       ; 1                                ; Unsigned Binary  ;
; CATCH_MISALIGN       ; 1                                ; Unsigned Binary  ;
; CATCH_ILLINSN        ; 1                                ; Unsigned Binary  ;
; ENABLE_PCPI          ; 0                                ; Unsigned Binary  ;
; ENABLE_MUL           ; 1                                ; Unsigned Binary  ;
; ENABLE_FAST_MUL      ; 0                                ; Unsigned Binary  ;
; ENABLE_DIV           ; 0                                ; Unsigned Binary  ;
; ENABLE_IRQ           ; 1                                ; Signed Integer   ;
; ENABLE_IRQ_QREGS     ; 0                                ; Unsigned Binary  ;
; ENABLE_IRQ_TIMER     ; 1                                ; Unsigned Binary  ;
; ENABLE_TRACE         ; 0                                ; Unsigned Binary  ;
; REGS_INIT_ZERO       ; 0                                ; Unsigned Binary  ;
; MASKED_IRQ           ; 00000000000000000000000000000000 ; Unsigned Binary  ;
; LATCHED_IRQ          ; 11111111111111111111111111111111 ; Unsigned Binary  ;
; PROGADDR_RESET       ; 00000000000000000000000000000000 ; Unsigned Binary  ;
; PROGADDR_IRQ         ; 00000000000000000000000000010000 ; Unsigned Binary  ;
; STACKADDR            ; 00000000000000000010000000000000 ; Unsigned Binary  ;
+----------------------+----------------------------------+------------------+
Note: In order to hide this table in the UI and the text report file, please set the "Show Parameter Settings in Synthesis Report" option in "Analysis and Synthesis Settings -> More Settings" to "Off".


+-------------------------------------------------------------------------------------------------------+
; Parameter Settings for User Entity Instance: picosoc:soc_core|picorv32:cpu|picorv32_pcpi_mul:pcpi_mul ;
+----------------+-------+------------------------------------------------------------------------------+
; Parameter Name ; Value ; Type                                                                         ;
+----------------+-------+------------------------------------------------------------------------------+
; STEPS_AT_ONCE  ; 1     ; Signed Integer                                                               ;
; CARRY_CHAIN    ; 4     ; Signed Integer                                                               ;
+----------------+-------+------------------------------------------------------------------------------+
Note: In order to hide this table in the UI and the text report file, please set the "Show Parameter Settings in Synthesis Report" option in "Analysis and Synthesis Settings -> More Settings" to "Off".


+-------------------------------------------------------------------------------------+
; Parameter Settings for User Entity Instance: picosoc:soc_core|simpleuart:simpleuart ;
+----------------+-------+------------------------------------------------------------+
; Parameter Name ; Value ; Type                                                       ;
+----------------+-------+------------------------------------------------------------+
; DEFAULT_DIV    ; 1     ; Signed Integer                                             ;
+----------------+-------+------------------------------------------------------------+
Note: In order to hide this table in the UI and the text report file, please set the "Show Parameter Settings in Synthesis Report" option in "Analysis and Synthesis Settings -> More Settings" to "Off".


+----------------------------------------------------------------------------------+
; Parameter Settings for User Entity Instance: picosoc:soc_core|picosoc_mem:memory ;
+----------------+-------+---------------------------------------------------------+
; Parameter Name ; Value ; Type                                                    ;
+----------------+-------+---------------------------------------------------------+
; WORDS          ; 2048  ; Signed Integer                                          ;
+----------------+-------+---------------------------------------------------------+
Note: In order to hide this table in the UI and the text report file, please set the "Show Parameter Settings in Synthesis Report" option in "Analysis and Synthesis Settings -> More Settings" to "Off".


+---------------------------------------------------------------------------------------------------------------------------+
; Parameter Settings for Inferred Entity Instance: picosoc:soc_core|picorv32:cpu|picosoc_regs:cpuregs|altsyncram:regs_rtl_0 ;
+------------------------------------+----------------------+---------------------------------------------------------------+
; Parameter Name                     ; Value                ; Type                                                          ;
+------------------------------------+----------------------+---------------------------------------------------------------+
; BYTE_SIZE_BLOCK                    ; 8                    ; Untyped                                                       ;
; AUTO_CARRY_CHAINS                  ; ON                   ; AUTO_CARRY                                                    ;
; IGNORE_CARRY_BUFFERS               ; OFF                  ; IGNORE_CARRY                                                  ;
; AUTO_CASCADE_CHAINS                ; ON                   ; AUTO_CASCADE                                                  ;
; IGNORE_CASCADE_BUFFERS             ; OFF                  ; IGNORE_CASCADE                                                ;
; WIDTH_BYTEENA                      ; 1                    ; Untyped                                                       ;
; OPERATION_MODE                     ; DUAL_PORT            ; Untyped                                                       ;
; WIDTH_A                            ; 32                   ; Untyped                                                       ;
; WIDTHAD_A                          ; 5                    ; Untyped                                                       ;
; NUMWORDS_A                         ; 32                   ; Untyped                                                       ;
; OUTDATA_REG_A                      ; UNREGISTERED         ; Untyped                                                       ;
; ADDRESS_ACLR_A                     ; NONE                 ; Untyped                                                       ;
; OUTDATA_ACLR_A                     ; NONE                 ; Untyped                                                       ;
; WRCONTROL_ACLR_A                   ; NONE                 ; Untyped                                                       ;
; INDATA_ACLR_A                      ; NONE                 ; Untyped                                                       ;
; BYTEENA_ACLR_A                     ; NONE                 ; Untyped                                                       ;
; WIDTH_B                            ; 32                   ; Untyped                                                       ;
; WIDTHAD_B                          ; 5                    ; Untyped                                                       ;
; NUMWORDS_B                         ; 32                   ; Untyped                                                       ;
; INDATA_REG_B                       ; CLOCK1               ; Untyped                                                       ;
; WRCONTROL_WRADDRESS_REG_B          ; CLOCK1               ; Untyped                                                       ;
; RDCONTROL_REG_B                    ; CLOCK1               ; Untyped                                                       ;
; ADDRESS_REG_B                      ; CLOCK0               ; Untyped                                                       ;
; OUTDATA_REG_B                      ; UNREGISTERED         ; Untyped                                                       ;
; BYTEENA_REG_B                      ; CLOCK1               ; Untyped                                                       ;
; INDATA_ACLR_B                      ; NONE                 ; Untyped                                                       ;
; WRCONTROL_ACLR_B                   ; NONE                 ; Untyped                                                       ;
; ADDRESS_ACLR_B                     ; NONE                 ; Untyped                                                       ;
; OUTDATA_ACLR_B                     ; NONE                 ; Untyped                                                       ;
; RDCONTROL_ACLR_B                   ; NONE                 ; Untyped                                                       ;
; BYTEENA_ACLR_B                     ; NONE                 ; Untyped                                                       ;
; WIDTH_BYTEENA_A                    ; 1                    ; Untyped                                                       ;
; WIDTH_BYTEENA_B                    ; 1                    ; Untyped                                                       ;
; RAM_BLOCK_TYPE                     ; AUTO                 ; Untyped                                                       ;
; BYTE_SIZE                          ; 8                    ; Untyped                                                       ;
; READ_DURING_WRITE_MODE_MIXED_PORTS ; DONT_CARE            ; Untyped                                                       ;
; READ_DURING_WRITE_MODE_PORT_A      ; NEW_DATA_NO_NBE_READ ; Untyped                                                       ;
; READ_DURING_WRITE_MODE_PORT_B      ; NEW_DATA_NO_NBE_READ ; Untyped                                                       ;
; INIT_FILE                          ; UNUSED               ; Untyped                                                       ;
; INIT_FILE_LAYOUT                   ; PORT_A               ; Untyped                                                       ;
; MAXIMUM_DEPTH                      ; 0                    ; Untyped                                                       ;
; CLOCK_ENABLE_INPUT_A               ; NORMAL               ; Untyped                                                       ;
; CLOCK_ENABLE_INPUT_B               ; NORMAL               ; Untyped                                                       ;
; CLOCK_ENABLE_OUTPUT_A              ; NORMAL               ; Untyped                                                       ;
; CLOCK_ENABLE_OUTPUT_B              ; NORMAL               ; Untyped                                                       ;
; CLOCK_ENABLE_CORE_A                ; USE_INPUT_CLKEN      ; Untyped                                                       ;
; CLOCK_ENABLE_CORE_B                ; USE_INPUT_CLKEN      ; Untyped                                                       ;
; ENABLE_ECC                         ; FALSE                ; Untyped                                                       ;
; ECC_PIPELINE_STAGE_ENABLED         ; FALSE                ; Untyped                                                       ;
; WIDTH_ECCSTATUS                    ; 3                    ; Untyped                                                       ;
; DEVICE_FAMILY                      ; MAX 10               ; Untyped                                                       ;
; CBXI_PARAMETER                     ; altsyncram_j6d1      ; Untyped                                                       ;
+------------------------------------+----------------------+---------------------------------------------------------------+
Note: In order to hide this table in the UI and the text report file, please set the "Show Parameter Settings in Synthesis Report" option in "Analysis and Synthesis Settings -> More Settings" to "Off".


+---------------------------------------------------------------------------------------------------------------------------+
; Parameter Settings for Inferred Entity Instance: picosoc:soc_core|picorv32:cpu|picosoc_regs:cpuregs|altsyncram:regs_rtl_1 ;
+------------------------------------+----------------------+---------------------------------------------------------------+
; Parameter Name                     ; Value                ; Type                                                          ;
+------------------------------------+----------------------+---------------------------------------------------------------+
; BYTE_SIZE_BLOCK                    ; 8                    ; Untyped                                                       ;
; AUTO_CARRY_CHAINS                  ; ON                   ; AUTO_CARRY                                                    ;
; IGNORE_CARRY_BUFFERS               ; OFF                  ; IGNORE_CARRY                                                  ;
; AUTO_CASCADE_CHAINS                ; ON                   ; AUTO_CASCADE                                                  ;
; IGNORE_CASCADE_BUFFERS             ; OFF                  ; IGNORE_CASCADE                                                ;
; WIDTH_BYTEENA                      ; 1                    ; Untyped                                                       ;
; OPERATION_MODE                     ; DUAL_PORT            ; Untyped                                                       ;
; WIDTH_A                            ; 32                   ; Untyped                                                       ;
; WIDTHAD_A                          ; 5                    ; Untyped                                                       ;
; NUMWORDS_A                         ; 32                   ; Untyped                                                       ;
; OUTDATA_REG_A                      ; UNREGISTERED         ; Untyped                                                       ;
; ADDRESS_ACLR_A                     ; NONE                 ; Untyped                                                       ;
; OUTDATA_ACLR_A                     ; NONE                 ; Untyped                                                       ;
; WRCONTROL_ACLR_A                   ; NONE                 ; Untyped                                                       ;
; INDATA_ACLR_A                      ; NONE                 ; Untyped                                                       ;
; BYTEENA_ACLR_A                     ; NONE                 ; Untyped                                                       ;
; WIDTH_B                            ; 32                   ; Untyped                                                       ;
; WIDTHAD_B                          ; 5                    ; Untyped                                                       ;
; NUMWORDS_B                         ; 32                   ; Untyped                                                       ;
; INDATA_REG_B                       ; CLOCK1               ; Untyped                                                       ;
; WRCONTROL_WRADDRESS_REG_B          ; CLOCK1               ; Untyped                                                       ;
; RDCONTROL_REG_B                    ; CLOCK1               ; Untyped                                                       ;
; ADDRESS_REG_B                      ; CLOCK0               ; Untyped                                                       ;
; OUTDATA_REG_B                      ; UNREGISTERED         ; Untyped                                                       ;
; BYTEENA_REG_B                      ; CLOCK1               ; Untyped                                                       ;
; INDATA_ACLR_B                      ; NONE                 ; Untyped                                                       ;
; WRCONTROL_ACLR_B                   ; NONE                 ; Untyped                                                       ;
; ADDRESS_ACLR_B                     ; NONE                 ; Untyped                                                       ;
; OUTDATA_ACLR_B                     ; NONE                 ; Untyped                                                       ;
; RDCONTROL_ACLR_B                   ; NONE                 ; Untyped                                                       ;
; BYTEENA_ACLR_B                     ; NONE                 ; Untyped                                                       ;
; WIDTH_BYTEENA_A                    ; 1                    ; Untyped                                                       ;
; WIDTH_BYTEENA_B                    ; 1                    ; Untyped                                                       ;
; RAM_BLOCK_TYPE                     ; AUTO                 ; Untyped                                                       ;
; BYTE_SIZE                          ; 8                    ; Untyped                                                       ;
; READ_DURING_WRITE_MODE_MIXED_PORTS ; DONT_CARE            ; Untyped                                                       ;
; READ_DURING_WRITE_MODE_PORT_A      ; NEW_DATA_NO_NBE_READ ; Untyped                                                       ;
; READ_DURING_WRITE_MODE_PORT_B      ; NEW_DATA_NO_NBE_READ ; Untyped                                                       ;
; INIT_FILE                          ; UNUSED               ; Untyped                                                       ;
; INIT_FILE_LAYOUT                   ; PORT_A               ; Untyped                                                       ;
; MAXIMUM_DEPTH                      ; 0                    ; Untyped                                                       ;
; CLOCK_ENABLE_INPUT_A               ; NORMAL               ; Untyped                                                       ;
; CLOCK_ENABLE_INPUT_B               ; NORMAL               ; Untyped                                                       ;
; CLOCK_ENABLE_OUTPUT_A              ; NORMAL               ; Untyped                                                       ;
; CLOCK_ENABLE_OUTPUT_B              ; NORMAL               ; Untyped                                                       ;
; CLOCK_ENABLE_CORE_A                ; USE_INPUT_CLKEN      ; Untyped                                                       ;
; CLOCK_ENABLE_CORE_B                ; USE_INPUT_CLKEN      ; Untyped                                                       ;
; ENABLE_ECC                         ; FALSE                ; Untyped                                                       ;
; ECC_PIPELINE_STAGE_ENABLED         ; FALSE                ; Untyped                                                       ;
; WIDTH_ECCSTATUS                    ; 3                    ; Untyped                                                       ;
; DEVICE_FAMILY                      ; MAX 10               ; Untyped                                                       ;
; CBXI_PARAMETER                     ; altsyncram_j6d1      ; Untyped                                                       ;
+------------------------------------+----------------------+---------------------------------------------------------------+
Note: In order to hide this table in the UI and the text report file, please set the "Show Parameter Settings in Synthesis Report" option in "Analysis and Synthesis Settings -> More Settings" to "Off".


+------------------------------------------------------------------------------------------------------------+
; Parameter Settings for Inferred Entity Instance: picosoc:soc_core|picosoc_mem:memory|altsyncram:mem0_rtl_0 ;
+------------------------------------+----------------------------------------------+------------------------+
; Parameter Name                     ; Value                                        ; Type                   ;
+------------------------------------+----------------------------------------------+------------------------+
; BYTE_SIZE_BLOCK                    ; 8                                            ; Untyped                ;
; AUTO_CARRY_CHAINS                  ; ON                                           ; AUTO_CARRY             ;
; IGNORE_CARRY_BUFFERS               ; OFF                                          ; IGNORE_CARRY           ;
; AUTO_CASCADE_CHAINS                ; ON                                           ; AUTO_CASCADE           ;
; IGNORE_CASCADE_BUFFERS             ; OFF                                          ; IGNORE_CASCADE         ;
; WIDTH_BYTEENA                      ; 1                                            ; Untyped                ;
; OPERATION_MODE                     ; SINGLE_PORT                                  ; Untyped                ;
; WIDTH_A                            ; 8                                            ; Untyped                ;
; WIDTHAD_A                          ; 11                                           ; Untyped                ;
; NUMWORDS_A                         ; 2048                                         ; Untyped                ;
; OUTDATA_REG_A                      ; UNREGISTERED                                 ; Untyped                ;
; ADDRESS_ACLR_A                     ; NONE                                         ; Untyped                ;
; OUTDATA_ACLR_A                     ; NONE                                         ; Untyped                ;
; WRCONTROL_ACLR_A                   ; NONE                                         ; Untyped                ;
; INDATA_ACLR_A                      ; NONE                                         ; Untyped                ;
; BYTEENA_ACLR_A                     ; NONE                                         ; Untyped                ;
; WIDTH_B                            ; 1                                            ; Untyped                ;
; WIDTHAD_B                          ; 1                                            ; Untyped                ;
; NUMWORDS_B                         ; 1                                            ; Untyped                ;
; INDATA_REG_B                       ; CLOCK1                                       ; Untyped                ;
; WRCONTROL_WRADDRESS_REG_B          ; CLOCK1                                       ; Untyped                ;
; RDCONTROL_REG_B                    ; CLOCK1                                       ; Untyped                ;
; ADDRESS_REG_B                      ; CLOCK1                                       ; Untyped                ;
; OUTDATA_REG_B                      ; UNREGISTERED                                 ; Untyped                ;
; BYTEENA_REG_B                      ; CLOCK1                                       ; Untyped                ;
; INDATA_ACLR_B                      ; NONE                                         ; Untyped                ;
; WRCONTROL_ACLR_B                   ; NONE                                         ; Untyped                ;
; ADDRESS_ACLR_B                     ; NONE                                         ; Untyped                ;
; OUTDATA_ACLR_B                     ; NONE                                         ; Untyped                ;
; RDCONTROL_ACLR_B                   ; NONE                                         ; Untyped                ;
; BYTEENA_ACLR_B                     ; NONE                                         ; Untyped                ;
; WIDTH_BYTEENA_A                    ; 1                                            ; Untyped                ;
; WIDTH_BYTEENA_B                    ; 1                                            ; Untyped                ;
; RAM_BLOCK_TYPE                     ; M9K                                          ; Untyped                ;
; BYTE_SIZE                          ; 8                                            ; Untyped                ;
; READ_DURING_WRITE_MODE_MIXED_PORTS ; DONT_CARE                                    ; Untyped                ;
; READ_DURING_WRITE_MODE_PORT_A      ; OLD_DATA                                     ; Untyped                ;
; READ_DURING_WRITE_MODE_PORT_B      ; NEW_DATA_NO_NBE_READ                         ; Untyped                ;
; INIT_FILE                          ; db/picosoc.ram0_picosoc_mem_13d8e302.hdl.mif ; Untyped                ;
; INIT_FILE_LAYOUT                   ; PORT_A                                       ; Untyped                ;
; MAXIMUM_DEPTH                      ; 0                                            ; Untyped                ;
; CLOCK_ENABLE_INPUT_A               ; NORMAL                                       ; Untyped                ;
; CLOCK_ENABLE_INPUT_B               ; NORMAL                                       ; Untyped                ;
; CLOCK_ENABLE_OUTPUT_A              ; NORMAL                                       ; Untyped                ;
; CLOCK_ENABLE_OUTPUT_B              ; NORMAL                                       ; Untyped                ;
; CLOCK_ENABLE_CORE_A                ; USE_INPUT_CLKEN                              ; Untyped                ;
; CLOCK_ENABLE_CORE_B                ; USE_INPUT_CLKEN                              ; Untyped                ;
; ENABLE_ECC                         ; FALSE                                        ; Untyped                ;
; ECC_PIPELINE_STAGE_ENABLED         ; FALSE                                        ; Untyped                ;
; WIDTH_ECCSTATUS                    ; 3                                            ; Untyped                ;
; DEVICE_FAMILY                      ; MAX 10                                       ; Untyped                ;
; CBXI_PARAMETER                     ; altsyncram_9le1                              ; Untyped                ;
+------------------------------------+----------------------------------------------+------------------------+
Note: In order to hide this table in the UI and the text report file, please set the "Show Parameter Settings in Synthesis Report" option in "Analysis and Synthesis Settings -> More Settings" to "Off".


+------------------------------------------------------------------------------------------------------------+
; Parameter Settings for Inferred Entity Instance: picosoc:soc_core|picosoc_mem:memory|altsyncram:mem2_rtl_0 ;
+------------------------------------+----------------------------------------------+------------------------+
; Parameter Name                     ; Value                                        ; Type                   ;
+------------------------------------+----------------------------------------------+------------------------+
; BYTE_SIZE_BLOCK                    ; 8                                            ; Untyped                ;
; AUTO_CARRY_CHAINS                  ; ON                                           ; AUTO_CARRY             ;
; IGNORE_CARRY_BUFFERS               ; OFF                                          ; IGNORE_CARRY           ;
; AUTO_CASCADE_CHAINS                ; ON                                           ; AUTO_CASCADE           ;
; IGNORE_CASCADE_BUFFERS             ; OFF                                          ; IGNORE_CASCADE         ;
; WIDTH_BYTEENA                      ; 1                                            ; Untyped                ;
; OPERATION_MODE                     ; SINGLE_PORT                                  ; Untyped                ;
; WIDTH_A                            ; 8                                            ; Untyped                ;
; WIDTHAD_A                          ; 11                                           ; Untyped                ;
; NUMWORDS_A                         ; 2048                                         ; Untyped                ;
; OUTDATA_REG_A                      ; UNREGISTERED                                 ; Untyped                ;
; ADDRESS_ACLR_A                     ; NONE                                         ; Untyped                ;
; OUTDATA_ACLR_A                     ; NONE                                         ; Untyped                ;
; WRCONTROL_ACLR_A                   ; NONE                                         ; Untyped                ;
; INDATA_ACLR_A                      ; NONE                                         ; Untyped                ;
; BYTEENA_ACLR_A                     ; NONE                                         ; Untyped                ;
; WIDTH_B                            ; 1                                            ; Untyped                ;
; WIDTHAD_B                          ; 1                                            ; Untyped                ;
; NUMWORDS_B                         ; 1                                            ; Untyped                ;
; INDATA_REG_B                       ; CLOCK1                                       ; Untyped                ;
; WRCONTROL_WRADDRESS_REG_B          ; CLOCK1                                       ; Untyped                ;
; RDCONTROL_REG_B                    ; CLOCK1                                       ; Untyped                ;
; ADDRESS_REG_B                      ; CLOCK1                                       ; Untyped                ;
; OUTDATA_REG_B                      ; UNREGISTERED                                 ; Untyped                ;
; BYTEENA_REG_B                      ; CLOCK1                                       ; Untyped                ;
; INDATA_ACLR_B                      ; NONE                                         ; Untyped                ;
; WRCONTROL_ACLR_B                   ; NONE                                         ; Untyped                ;
; ADDRESS_ACLR_B                     ; NONE                                         ; Untyped                ;
; OUTDATA_ACLR_B                     ; NONE                                         ; Untyped                ;
; RDCONTROL_ACLR_B                   ; NONE                                         ; Untyped                ;
; BYTEENA_ACLR_B                     ; NONE                                         ; Untyped                ;
; WIDTH_BYTEENA_A                    ; 1                                            ; Untyped                ;
; WIDTH_BYTEENA_B                    ; 1                                            ; Untyped                ;
; RAM_BLOCK_TYPE                     ; M9K                                          ; Untyped                ;
; BYTE_SIZE                          ; 8                                            ; Untyped                ;
; READ_DURING_WRITE_MODE_MIXED_PORTS ; DONT_CARE                                    ; Untyped                ;
; READ_DURING_WRITE_MODE_PORT_A      ; OLD_DATA                                     ; Untyped                ;
; READ_DURING_WRITE_MODE_PORT_B      ; NEW_DATA_NO_NBE_READ                         ; Untyped                ;
; INIT_FILE                          ; db/picosoc.ram2_picosoc_mem_13d8e302.hdl.mif ; Untyped                ;
; INIT_FILE_LAYOUT                   ; PORT_A                                       ; Untyped                ;
; MAXIMUM_DEPTH                      ; 0                                            ; Untyped                ;
; CLOCK_ENABLE_INPUT_A               ; NORMAL                                       ; Untyped                ;
; CLOCK_ENABLE_INPUT_B               ; NORMAL                                       ; Untyped                ;
; CLOCK_ENABLE_OUTPUT_A              ; NORMAL                                       ; Untyped                ;
; CLOCK_ENABLE_OUTPUT_B              ; NORMAL                                       ; Untyped                ;
; CLOCK_ENABLE_CORE_A                ; USE_INPUT_CLKEN                              ; Untyped                ;
; CLOCK_ENABLE_CORE_B                ; USE_INPUT_CLKEN                              ; Untyped                ;
; ENABLE_ECC                         ; FALSE                                        ; Untyped                ;
; ECC_PIPELINE_STAGE_ENABLED         ; FALSE                                        ; Untyped                ;
; WIDTH_ECCSTATUS                    ; 3                                            ; Untyped                ;
; DEVICE_FAMILY                      ; MAX 10                                       ; Untyped                ;
; CBXI_PARAMETER                     ; altsyncram_ble1                              ; Untyped                ;
+------------------------------------+----------------------------------------------+------------------------+
Note: In order to hide this table in the UI and the text report file, please set the "Show Parameter Settings in Synthesis Report" option in "Analysis and Synthesis Settings -> More Settings" to "Off".


+------------------------------------------------------------------------------------------------------------+
; Parameter Settings for Inferred Entity Instance: picosoc:soc_core|picosoc_mem:memory|altsyncram:mem3_rtl_0 ;
+------------------------------------+----------------------------------------------+------------------------+
; Parameter Name                     ; Value                                        ; Type                   ;
+------------------------------------+----------------------------------------------+------------------------+
; BYTE_SIZE_BLOCK                    ; 8                                            ; Untyped                ;
; AUTO_CARRY_CHAINS                  ; ON                                           ; AUTO_CARRY             ;
; IGNORE_CARRY_BUFFERS               ; OFF                                          ; IGNORE_CARRY           ;
; AUTO_CASCADE_CHAINS                ; ON                                           ; AUTO_CASCADE           ;
; IGNORE_CASCADE_BUFFERS             ; OFF                                          ; IGNORE_CASCADE         ;
; WIDTH_BYTEENA                      ; 1                                            ; Untyped                ;
; OPERATION_MODE                     ; SINGLE_PORT                                  ; Untyped                ;
; WIDTH_A                            ; 8                                            ; Untyped                ;
; WIDTHAD_A                          ; 11                                           ; Untyped                ;
; NUMWORDS_A                         ; 2048                                         ; Untyped                ;
; OUTDATA_REG_A                      ; UNREGISTERED                                 ; Untyped                ;
; ADDRESS_ACLR_A                     ; NONE                                         ; Untyped                ;
; OUTDATA_ACLR_A                     ; NONE                                         ; Untyped                ;
; WRCONTROL_ACLR_A                   ; NONE                                         ; Untyped                ;
; INDATA_ACLR_A                      ; NONE                                         ; Untyped                ;
; BYTEENA_ACLR_A                     ; NONE                                         ; Untyped                ;
; WIDTH_B                            ; 1                                            ; Untyped                ;
; WIDTHAD_B                          ; 1                                            ; Untyped                ;
; NUMWORDS_B                         ; 1                                            ; Untyped                ;
; INDATA_REG_B                       ; CLOCK1                                       ; Untyped                ;
; WRCONTROL_WRADDRESS_REG_B          ; CLOCK1                                       ; Untyped                ;
; RDCONTROL_REG_B                    ; CLOCK1                                       ; Untyped                ;
; ADDRESS_REG_B                      ; CLOCK1                                       ; Untyped                ;
; OUTDATA_REG_B                      ; UNREGISTERED                                 ; Untyped                ;
; BYTEENA_REG_B                      ; CLOCK1                                       ; Untyped                ;
; INDATA_ACLR_B                      ; NONE                                         ; Untyped                ;
; WRCONTROL_ACLR_B                   ; NONE                                         ; Untyped                ;
; ADDRESS_ACLR_B                     ; NONE                                         ; Untyped                ;
; OUTDATA_ACLR_B                     ; NONE                                         ; Untyped                ;
; RDCONTROL_ACLR_B                   ; NONE                                         ; Untyped                ;
; BYTEENA_ACLR_B                     ; NONE                                         ; Untyped                ;
; WIDTH_BYTEENA_A                    ; 1                                            ; Untyped                ;
; WIDTH_BYTEENA_B                    ; 1                                            ; Untyped                ;
; RAM_BLOCK_TYPE                     ; M9K                                          ; Untyped                ;
; BYTE_SIZE                          ; 8                                            ; Untyped                ;
; READ_DURING_WRITE_MODE_MIXED_PORTS ; DONT_CARE                                    ; Untyped                ;
; READ_DURING_WRITE_MODE_PORT_A      ; OLD_DATA                                     ; Untyped                ;
; READ_DURING_WRITE_MODE_PORT_B      ; NEW_DATA_NO_NBE_READ                         ; Untyped                ;
; INIT_FILE                          ; db/picosoc.ram3_picosoc_mem_13d8e302.hdl.mif ; Untyped                ;
; INIT_FILE_LAYOUT                   ; PORT_A                                       ; Untyped                ;
; MAXIMUM_DEPTH                      ; 0                                            ; Untyped                ;
; CLOCK_ENABLE_INPUT_A               ; NORMAL                                       ; Untyped                ;
; CLOCK_ENABLE_INPUT_B               ; NORMAL                                       ; Untyped                ;
; CLOCK_ENABLE_OUTPUT_A              ; NORMAL                                       ; Untyped                ;
; CLOCK_ENABLE_OUTPUT_B              ; NORMAL                                       ; Untyped                ;
; CLOCK_ENABLE_CORE_A                ; USE_INPUT_CLKEN                              ; Untyped                ;
; CLOCK_ENABLE_CORE_B                ; USE_INPUT_CLKEN                              ; Untyped                ;
; ENABLE_ECC                         ; FALSE                                        ; Untyped                ;
; ECC_PIPELINE_STAGE_ENABLED         ; FALSE                                        ; Untyped                ;
; WIDTH_ECCSTATUS                    ; 3                                            ; Untyped                ;
; DEVICE_FAMILY                      ; MAX 10                                       ; Untyped                ;
; CBXI_PARAMETER                     ; altsyncram_cle1                              ; Untyped                ;
+------------------------------------+----------------------------------------------+------------------------+
Note: In order to hide this table in the UI and the text report file, please set the "Show Parameter Settings in Synthesis Report" option in "Analysis and Synthesis Settings -> More Settings" to "Off".


+------------------------------------------------------------------------------------------------------------+
; Parameter Settings for Inferred Entity Instance: picosoc:soc_core|picosoc_mem:memory|altsyncram:mem1_rtl_0 ;
+------------------------------------+----------------------------------------------+------------------------+
; Parameter Name                     ; Value                                        ; Type                   ;
+------------------------------------+----------------------------------------------+------------------------+
; BYTE_SIZE_BLOCK                    ; 8                                            ; Untyped                ;
; AUTO_CARRY_CHAINS                  ; ON                                           ; AUTO_CARRY             ;
; IGNORE_CARRY_BUFFERS               ; OFF                                          ; IGNORE_CARRY           ;
; AUTO_CASCADE_CHAINS                ; ON                                           ; AUTO_CASCADE           ;
; IGNORE_CASCADE_BUFFERS             ; OFF                                          ; IGNORE_CASCADE         ;
; WIDTH_BYTEENA                      ; 1                                            ; Untyped                ;
; OPERATION_MODE                     ; SINGLE_PORT                                  ; Untyped                ;
; WIDTH_A                            ; 8                                            ; Untyped                ;
; WIDTHAD_A                          ; 11                                           ; Untyped                ;
; NUMWORDS_A                         ; 2048                                         ; Untyped                ;
; OUTDATA_REG_A                      ; UNREGISTERED                                 ; Untyped                ;
; ADDRESS_ACLR_A                     ; NONE                                         ; Untyped                ;
; OUTDATA_ACLR_A                     ; NONE                                         ; Untyped                ;
; WRCONTROL_ACLR_A                   ; NONE                                         ; Untyped                ;
; INDATA_ACLR_A                      ; NONE                                         ; Untyped                ;
; BYTEENA_ACLR_A                     ; NONE                                         ; Untyped                ;
; WIDTH_B                            ; 1                                            ; Untyped                ;
; WIDTHAD_B                          ; 1                                            ; Untyped                ;
; NUMWORDS_B                         ; 1                                            ; Untyped                ;
; INDATA_REG_B                       ; CLOCK1                                       ; Untyped                ;
; WRCONTROL_WRADDRESS_REG_B          ; CLOCK1                                       ; Untyped                ;
; RDCONTROL_REG_B                    ; CLOCK1                                       ; Untyped                ;
; ADDRESS_REG_B                      ; CLOCK1                                       ; Untyped                ;
; OUTDATA_REG_B                      ; UNREGISTERED                                 ; Untyped                ;
; BYTEENA_REG_B                      ; CLOCK1                                       ; Untyped                ;
; INDATA_ACLR_B                      ; NONE                                         ; Untyped                ;
; WRCONTROL_ACLR_B                   ; NONE                                         ; Untyped                ;
; ADDRESS_ACLR_B                     ; NONE                                         ; Untyped                ;
; OUTDATA_ACLR_B                     ; NONE                                         ; Untyped                ;
; RDCONTROL_ACLR_B                   ; NONE                                         ; Untyped                ;
; BYTEENA_ACLR_B                     ; NONE                                         ; Untyped                ;
; WIDTH_BYTEENA_A                    ; 1                                            ; Untyped                ;
; WIDTH_BYTEENA_B                    ; 1                                            ; Untyped                ;
; RAM_BLOCK_TYPE                     ; M9K                                          ; Untyped                ;
; BYTE_SIZE                          ; 8                                            ; Untyped                ;
; READ_DURING_WRITE_MODE_MIXED_PORTS ; DONT_CARE                                    ; Untyped                ;
; READ_DURING_WRITE_MODE_PORT_A      ; OLD_DATA                                     ; Untyped                ;
; READ_DURING_WRITE_MODE_PORT_B      ; NEW_DATA_NO_NBE_READ                         ; Untyped                ;
; INIT_FILE                          ; db/picosoc.ram1_picosoc_mem_13d8e302.hdl.mif ; Untyped                ;
; INIT_FILE_LAYOUT                   ; PORT_A                                       ; Untyped                ;
; MAXIMUM_DEPTH                      ; 0                                            ; Untyped                ;
; CLOCK_ENABLE_INPUT_A               ; NORMAL                                       ; Untyped                ;
; CLOCK_ENABLE_INPUT_B               ; NORMAL                                       ; Untyped                ;
; CLOCK_ENABLE_OUTPUT_A              ; NORMAL                                       ; Untyped                ;
; CLOCK_ENABLE_OUTPUT_B              ; NORMAL                                       ; Untyped                ;
; CLOCK_ENABLE_CORE_A                ; USE_INPUT_CLKEN                              ; Untyped                ;
; CLOCK_ENABLE_CORE_B                ; USE_INPUT_CLKEN                              ; Untyped                ;
; ENABLE_ECC                         ; FALSE                                        ; Untyped                ;
; ECC_PIPELINE_STAGE_ENABLED         ; FALSE                                        ; Untyped                ;
; WIDTH_ECCSTATUS                    ; 3                                            ; Untyped                ;
; DEVICE_FAMILY                      ; MAX 10                                       ; Untyped                ;
; CBXI_PARAMETER                     ; altsyncram_ale1                              ; Untyped                ;
+------------------------------------+----------------------------------------------+------------------------+
Note: In order to hide this table in the UI and the text report file, please set the "Show Parameter Settings in Synthesis Report" option in "Analysis and Synthesis Settings -> More Settings" to "Off".


+----------------------------------------------------------------------------------------------------------------------+
; altsyncram Parameter Settings by Entity Instance                                                                     ;
+-------------------------------------------+--------------------------------------------------------------------------+
; Name                                      ; Value                                                                    ;
+-------------------------------------------+--------------------------------------------------------------------------+
; Number of entity instances                ; 6                                                                        ;
; Entity Instance                           ; picosoc:soc_core|picorv32:cpu|picosoc_regs:cpuregs|altsyncram:regs_rtl_0 ;
;     -- OPERATION_MODE                     ; DUAL_PORT                                                                ;
;     -- WIDTH_A                            ; 32                                                                       ;
;     -- NUMWORDS_A                         ; 32                                                                       ;
;     -- OUTDATA_REG_A                      ; UNREGISTERED                                                             ;
;     -- WIDTH_B                            ; 32                                                                       ;
;     -- NUMWORDS_B                         ; 32                                                                       ;
;     -- ADDRESS_REG_B                      ; CLOCK0                                                                   ;
;     -- OUTDATA_REG_B                      ; UNREGISTERED                                                             ;
;     -- RAM_BLOCK_TYPE                     ; AUTO                                                                     ;
;     -- READ_DURING_WRITE_MODE_MIXED_PORTS ; DONT_CARE                                                                ;
; Entity Instance                           ; picosoc:soc_core|picorv32:cpu|picosoc_regs:cpuregs|altsyncram:regs_rtl_1 ;
;     -- OPERATION_MODE                     ; DUAL_PORT                                                                ;
;     -- WIDTH_A                            ; 32                                                                       ;
;     -- NUMWORDS_A                         ; 32                                                                       ;
;     -- OUTDATA_REG_A                      ; UNREGISTERED                                                             ;
;     -- WIDTH_B                            ; 32                                                                       ;
;     -- NUMWORDS_B                         ; 32                                                                       ;
;     -- ADDRESS_REG_B                      ; CLOCK0                                                                   ;
;     -- OUTDATA_REG_B                      ; UNREGISTERED                                                             ;
;     -- RAM_BLOCK_TYPE                     ; AUTO                                                                     ;
;     -- READ_DURING_WRITE_MODE_MIXED_PORTS ; DONT_CARE                                                                ;
; Entity Instance                           ; picosoc:soc_core|picosoc_mem:memory|altsyncram:mem0_rtl_0                ;
;     -- OPERATION_MODE                     ; SINGLE_PORT                                                              ;
;     -- WIDTH_A                            ; 8                                                                        ;
;     -- NUMWORDS_A                         ; 2048                                                                     ;
;     -- OUTDATA_REG_A                      ; UNREGISTERED                                                             ;
;     -- WIDTH_B                            ; 1                                                                        ;
;     -- NUMWORDS_B                         ; 1                                                                        ;
;     -- ADDRESS_REG_B                      ; CLOCK1                                                                   ;
;     -- OUTDATA_REG_B                      ; UNREGISTERED                                                             ;
;     -- RAM_BLOCK_TYPE                     ; M9K                                                                      ;
;     -- READ_DURING_WRITE_MODE_MIXED_PORTS ; DONT_CARE                                                                ;
; Entity Instance                           ; picosoc:soc_core|picosoc_mem:memory|altsyncram:mem2_rtl_0                ;
;     -- OPERATION_MODE                     ; SINGLE_PORT                                                              ;
;     -- WIDTH_A                            ; 8                                                                        ;
;     -- NUMWORDS_A                         ; 2048                                                                     ;
;     -- OUTDATA_REG_A                      ; UNREGISTERED                                                             ;
;     -- WIDTH_B                            ; 1                                                                        ;
;     -- NUMWORDS_B                         ; 1                                                                        ;
;     -- ADDRESS_REG_B                      ; CLOCK1                                                                   ;
;     -- OUTDATA_REG_B                      ; UNREGISTERED                                                             ;
;     -- RAM_BLOCK_TYPE                     ; M9K                                                                      ;
;     -- READ_DURING_WRITE_MODE_MIXED_PORTS ; DONT_CARE                                                                ;
; Entity Instance                           ; picosoc:soc_core|picosoc_mem:memory|altsyncram:mem3_rtl_0                ;
;     -- OPERATION_MODE                     ; SINGLE_PORT                                                              ;
;     -- WIDTH_A                            ; 8                                                                        ;
;     -- NUMWORDS_A                         ; 2048                                                                     ;
;     -- OUTDATA_REG_A                      ; UNREGISTERED                                                             ;
;     -- WIDTH_B                            ; 1                                                                        ;
;     -- NUMWORDS_B                         ; 1                                                                        ;
;     -- ADDRESS_REG_B                      ; CLOCK1                                                                   ;
;     -- OUTDATA_REG_B                      ; UNREGISTERED                                                             ;
;     -- RAM_BLOCK_TYPE                     ; M9K                                                                      ;
;     -- READ_DURING_WRITE_MODE_MIXED_PORTS ; DONT_CARE                                                                ;
; Entity Instance                           ; picosoc:soc_core|picosoc_mem:memory|altsyncram:mem1_rtl_0                ;
;     -- OPERATION_MODE                     ; SINGLE_PORT                                                              ;
;     -- WIDTH_A                            ; 8                                                                        ;
;     -- NUMWORDS_A                         ; 2048                                                                     ;
;     -- OUTDATA_REG_A                      ; UNREGISTERED                                                             ;
;     -- WIDTH_B                            ; 1                                                                        ;
;     -- NUMWORDS_B                         ; 1                                                                        ;
;     -- ADDRESS_REG_B                      ; CLOCK1                                                                   ;
;     -- OUTDATA_REG_B                      ; UNREGISTERED                                                             ;
;     -- RAM_BLOCK_TYPE                     ; M9K                                                                      ;
;     -- READ_DURING_WRITE_MODE_MIXED_PORTS ; DONT_CARE                                                                ;
+-------------------------------------------+--------------------------------------------------------------------------+


+--------------------------------------------------------------------------------+
; Port Connectivity Checks: "picosoc:soc_core|picorv32:cpu|picosoc_regs:cpuregs" ;
+-----------+-------+----------+-------------------------------------------------+
; Port      ; Type  ; Severity ; Details                                         ;
+-----------+-------+----------+-------------------------------------------------+
; waddr[5]  ; Input ; Info     ; Stuck at GND                                    ;
; raddr1[5] ; Input ; Info     ; Stuck at GND                                    ;
; raddr2[5] ; Input ; Info     ; Stuck at GND                                    ;
+-----------+-------+----------+-------------------------------------------------+


+---------------------------------------------------------------------------------------------------------------------------------------------------------------------------------+
; Port Connectivity Checks: "picosoc:soc_core|picorv32:cpu"                                                                                                                       ;
+--------------+--------+----------+----------------------------------------------------------------------------------------------------------------------------------------------+
; Port         ; Type   ; Severity ; Details                                                                                                                                      ;
+--------------+--------+----------+----------------------------------------------------------------------------------------------------------------------------------------------+
; mem_instr    ; Output ; Info     ; Connected to dangling logic. Logic that only feeds a dangling port will be removed.                                                          ;
; irq[31..8]   ; Input  ; Info     ; Stuck at GND                                                                                                                                 ;
; irq[4..0]    ; Input  ; Info     ; Stuck at GND                                                                                                                                 ;
; trap         ; Output ; Warning  ; Declared by entity but not connected by instance. Logic that only feeds a dangling port will be removed.                                     ;
; mem_la_read  ; Output ; Warning  ; Declared by entity but not connected by instance. Logic that only feeds a dangling port will be removed.                                     ;
; mem_la_write ; Output ; Warning  ; Declared by entity but not connected by instance. Logic that only feeds a dangling port will be removed.                                     ;
; mem_la_addr  ; Output ; Warning  ; Declared by entity but not connected by instance. Logic that only feeds a dangling port will be removed.                                     ;
; mem_la_wdata ; Output ; Warning  ; Declared by entity but not connected by instance. Logic that only feeds a dangling port will be removed.                                     ;
; mem_la_wstrb ; Output ; Warning  ; Declared by entity but not connected by instance. Logic that only feeds a dangling port will be removed.                                     ;
; pcpi_valid   ; Output ; Warning  ; Declared by entity but not connected by instance. Logic that only feeds a dangling port will be removed.                                     ;
; pcpi_insn    ; Output ; Warning  ; Declared by entity but not connected by instance. Logic that only feeds a dangling port will be removed.                                     ;
; pcpi_rs1     ; Output ; Warning  ; Declared by entity but not connected by instance. Logic that only feeds a dangling port will be removed.                                     ;
; pcpi_rs2     ; Output ; Warning  ; Declared by entity but not connected by instance. Logic that only feeds a dangling port will be removed.                                     ;
; pcpi_wr      ; Input  ; Warning  ; Declared by entity but not connected by instance. If a default value exists, it will be used.  Otherwise, the port will be connected to GND. ;
; pcpi_rd      ; Input  ; Warning  ; Declared by entity but not connected by instance. If a default value exists, it will be used.  Otherwise, the port will be connected to GND. ;
; pcpi_wait    ; Input  ; Warning  ; Declared by entity but not connected by instance. If a default value exists, it will be used.  Otherwise, the port will be connected to GND. ;
; pcpi_ready   ; Input  ; Warning  ; Declared by entity but not connected by instance. If a default value exists, it will be used.  Otherwise, the port will be connected to GND. ;
; eoi          ; Output ; Warning  ; Declared by entity but not connected by instance. Logic that only feeds a dangling port will be removed.                                     ;
; trace_valid  ; Output ; Warning  ; Declared by entity but not connected by instance. Logic that only feeds a dangling port will be removed.                                     ;
; trace_data   ; Output ; Warning  ; Declared by entity but not connected by instance. Logic that only feeds a dangling port will be removed.                                     ;
+--------------+--------+----------+----------------------------------------------------------------------------------------------------------------------------------------------+


+------------------------------------------------------------------------------------------------------------------------+
; Port Connectivity Checks: "picosoc:soc_core"                                                                           ;
+--------------+--------+----------+-------------------------------------------------------------------------------------+
; Port         ; Type   ; Severity ; Details                                                                             ;
+--------------+--------+----------+-------------------------------------------------------------------------------------+
; iomem_valid  ; Output ; Info     ; Connected to dangling logic. Logic that only feeds a dangling port will be removed. ;
; iomem_ready  ; Input  ; Info     ; Stuck at GND                                                                        ;
; iomem_wstrb  ; Output ; Info     ; Connected to dangling logic. Logic that only feeds a dangling port will be removed. ;
; iomem_addr   ; Output ; Info     ; Connected to dangling logic. Logic that only feeds a dangling port will be removed. ;
; iomem_wdata  ; Output ; Info     ; Connected to dangling logic. Logic that only feeds a dangling port will be removed. ;
; iomem_rdata  ; Input  ; Info     ; Stuck at GND                                                                        ;
; irq_5        ; Input  ; Info     ; Stuck at GND                                                                        ;
; irq_6        ; Input  ; Info     ; Stuck at GND                                                                        ;
; irq_7        ; Input  ; Info     ; Stuck at GND                                                                        ;
; flash_csb    ; Output ; Info     ; Connected to dangling logic. Logic that only feeds a dangling port will be removed. ;
; flash_clk    ; Output ; Info     ; Connected to dangling logic. Logic that only feeds a dangling port will be removed. ;
; flash_io0_oe ; Output ; Info     ; Connected to dangling logic. Logic that only feeds a dangling port will be removed. ;
; flash_io1_oe ; Output ; Info     ; Connected to dangling logic. Logic that only feeds a dangling port will be removed. ;
; flash_io2_oe ; Output ; Info     ; Connected to dangling logic. Logic that only feeds a dangling port will be removed. ;
; flash_io3_oe ; Output ; Info     ; Connected to dangling logic. Logic that only feeds a dangling port will be removed. ;
; flash_io0_do ; Output ; Info     ; Connected to dangling logic. Logic that only feeds a dangling port will be removed. ;
; flash_io1_do ; Output ; Info     ; Connected to dangling logic. Logic that only feeds a dangling port will be removed. ;
; flash_io2_do ; Output ; Info     ; Connected to dangling logic. Logic that only feeds a dangling port will be removed. ;
; flash_io3_do ; Output ; Info     ; Connected to dangling logic. Logic that only feeds a dangling port will be removed. ;
; flash_io0_di ; Input  ; Info     ; Stuck at GND                                                                        ;
; flash_io1_di ; Input  ; Info     ; Stuck at GND                                                                        ;
; flash_io2_di ; Input  ; Info     ; Stuck at GND                                                                        ;
; flash_io3_di ; Input  ; Info     ; Stuck at GND                                                                        ;
+--------------+--------+----------+-------------------------------------------------------------------------------------+


+-----------------------------------------------------+
; Post-Synthesis Netlist Statistics for Top Partition ;
+-----------------------+-----------------------------+
; Type                  ; Count                       ;
+-----------------------+-----------------------------+
; boundary_port         ; 25                          ;
; cycloneiii_ff         ; 1258                        ;
;     ENA               ; 506                         ;
;     ENA CLR           ; 8                           ;
;     ENA SCLR          ; 201                         ;
;     ENA SCLR SLD      ; 62                          ;
;     ENA SLD           ; 101                         ;
;     SCLR              ; 166                         ;
;     SCLR SLD          ; 1                           ;
;     SLD               ; 25                          ;
;     plain             ; 188                         ;
; cycloneiii_lcell_comb ; 3533                        ;
;     arith             ; 708                         ;
;         2 data inputs ; 349                         ;
;         3 data inputs ; 359                         ;
;     normal            ; 2825                        ;
;         0 data inputs ; 18                          ;
;         1 data inputs ; 26                          ;
;         2 data inputs ; 271                         ;
;         3 data inputs ; 736                         ;
;         4 data inputs ; 1774                        ;
; cycloneiii_ram_block  ; 96                          ;
;                       ;                             ;
; Max LUT depth         ; 16.00                       ;
; Average LUT depth     ; 6.26                        ;
+-----------------------+-----------------------------+


+-------------------------------+
; Elapsed Time Per Partition    ;
+----------------+--------------+
; Partition Name ; Elapsed Time ;
+----------------+--------------+
; Top            ; 00:00:08     ;
+----------------+--------------+


+-------------------------------+
; Analysis & Synthesis Messages ;
+-------------------------------+
Info: *******************************************************************
Info: Running Quartus Prime Analysis & Synthesis
    Info: Version 18.1.0 Build 625 09/12/2018 SJ Lite Edition
    Info: Processing started: Wed Jul 22 23:46:33 2026
Info: Command: quartus_map --read_settings_files=on --write_settings_files=off picosoc -c picosoc
Warning (18236): Number of processors has not been specified which may cause overloading on shared machines.  Set the global assignment NUM_PARALLEL_PROCESSORS in your QSF to an appropriate value for best performance.
Info (20030): Parallel compilation is enabled and will use 16 of the 16 processors detected
Info (12021): Found 1 design units, including 1 entities, in source file top.v
    Info (12023): Found entity 1: top File: E:/Quartus/Project_Quartus/02_risc_v_led/top.v Line: 7
Info (12021): Found 2 design units, including 2 entities, in source file spimemio.v
    Info (12023): Found entity 1: spimemio File: E:/Quartus/Project_Quartus/02_risc_v_led/spimemio.v Line: 20
    Info (12023): Found entity 2: spimemio_xfer File: E:/Quartus/Project_Quartus/02_risc_v_led/spimemio.v Line: 378
Info (12021): Found 1 design units, including 1 entities, in source file simpleuart.v
    Info (12023): Found entity 1: simpleuart File: E:/Quartus/Project_Quartus/02_risc_v_led/simpleuart.v Line: 20
Info (12021): Found 3 design units, including 3 entities, in source file picosoc.v
    Info (12023): Found entity 1: picosoc File: E:/Quartus/Project_Quartus/02_risc_v_led/picosoc.v Line: 20
    Info (12023): Found entity 2: picosoc_regs File: E:/Quartus/Project_Quartus/02_risc_v_led/picosoc.v Line: 222
    Info (12023): Found entity 3: picosoc_mem File: E:/Quartus/Project_Quartus/02_risc_v_led/picosoc.v Line: 240
Warning (10335): Unrecognized synthesis attribute "parallel_case" at picorv32.v(331) File: E:/Quartus/Project_Quartus/02_risc_v_led/picorv32.v Line: 331
Warning (10335): Unrecognized synthesis attribute "full_case" at picorv32.v(402) File: E:/Quartus/Project_Quartus/02_risc_v_led/picorv32.v Line: 402
Warning (10335): Unrecognized synthesis attribute "parallel_case" at picorv32.v(1119) File: E:/Quartus/Project_Quartus/02_risc_v_led/picorv32.v Line: 1119
Warning (10335): Unrecognized synthesis attribute "parallel_case" at picorv32.v(1251) File: E:/Quartus/Project_Quartus/02_risc_v_led/picorv32.v Line: 1251
Warning (10335): Unrecognized synthesis attribute "full_case" at picorv32.v(1251) File: E:/Quartus/Project_Quartus/02_risc_v_led/picorv32.v Line: 1251
Warning (10335): Unrecognized synthesis attribute "parallel_case" at picorv32.v(1268) File: E:/Quartus/Project_Quartus/02_risc_v_led/picorv32.v Line: 1268
Warning (10335): Unrecognized synthesis attribute "full_case" at picorv32.v(1268) File: E:/Quartus/Project_Quartus/02_risc_v_led/picorv32.v Line: 1268
Warning (10335): Unrecognized synthesis attribute "parallel_case" at picorv32.v(1314) File: E:/Quartus/Project_Quartus/02_risc_v_led/picorv32.v Line: 1314
Warning (10335): Unrecognized synthesis attribute "parallel_case" at picorv32.v(1485) File: E:/Quartus/Project_Quartus/02_risc_v_led/picorv32.v Line: 1485
Warning (10335): Unrecognized synthesis attribute "full_case" at picorv32.v(1485) File: E:/Quartus/Project_Quartus/02_risc_v_led/picorv32.v Line: 1485
Warning (10335): Unrecognized synthesis attribute "parallel_case" at picorv32.v(1497) File: E:/Quartus/Project_Quartus/02_risc_v_led/picorv32.v Line: 1497
Warning (10335): Unrecognized synthesis attribute "parallel_case" at picorv32.v(1583) File: E:/Quartus/Project_Quartus/02_risc_v_led/picorv32.v Line: 1583
Warning (10335): Unrecognized synthesis attribute "parallel_case" at picorv32.v(1627) File: E:/Quartus/Project_Quartus/02_risc_v_led/picorv32.v Line: 1627
Warning (10335): Unrecognized synthesis attribute "full_case" at picorv32.v(1627) File: E:/Quartus/Project_Quartus/02_risc_v_led/picorv32.v Line: 1627
Warning (10335): Unrecognized synthesis attribute "parallel_case" at picorv32.v(1735) File: E:/Quartus/Project_Quartus/02_risc_v_led/picorv32.v Line: 1735
Warning (10335): Unrecognized synthesis attribute "parallel_case" at picorv32.v(1766) File: E:/Quartus/Project_Quartus/02_risc_v_led/picorv32.v Line: 1766
Warning (10335): Unrecognized synthesis attribute "parallel_case" at picorv32.v(1836) File: E:/Quartus/Project_Quartus/02_risc_v_led/picorv32.v Line: 1836
Warning (10335): Unrecognized synthesis attribute "full_case" at picorv32.v(1836) File: E:/Quartus/Project_Quartus/02_risc_v_led/picorv32.v Line: 1836
Warning (10335): Unrecognized synthesis attribute "parallel_case" at picorv32.v(1844) File: E:/Quartus/Project_Quartus/02_risc_v_led/picorv32.v Line: 1844
Warning (10335): Unrecognized synthesis attribute "full_case" at picorv32.v(1844) File: E:/Quartus/Project_Quartus/02_risc_v_led/picorv32.v Line: 1844
Warning (10335): Unrecognized synthesis attribute "parallel_case" at picorv32.v(1859) File: E:/Quartus/Project_Quartus/02_risc_v_led/picorv32.v Line: 1859
Warning (10335): Unrecognized synthesis attribute "full_case" at picorv32.v(1859) File: E:/Quartus/Project_Quartus/02_risc_v_led/picorv32.v Line: 1859
Warning (10335): Unrecognized synthesis attribute "parallel_case" at picorv32.v(1884) File: E:/Quartus/Project_Quartus/02_risc_v_led/picorv32.v Line: 1884
Warning (10335): Unrecognized synthesis attribute "full_case" at picorv32.v(1884) File: E:/Quartus/Project_Quartus/02_risc_v_led/picorv32.v Line: 1884
Warning (10335): Unrecognized synthesis attribute "parallel_case" at picorv32.v(1901) File: E:/Quartus/Project_Quartus/02_risc_v_led/picorv32.v Line: 1901
Warning (10335): Unrecognized synthesis attribute "full_case" at picorv32.v(1901) File: E:/Quartus/Project_Quartus/02_risc_v_led/picorv32.v Line: 1901
Info (12021): Found 8 design units, including 8 entities, in source file picorv32.v
    Info (12023): Found entity 1: picorv32 File: E:/Quartus/Project_Quartus/02_risc_v_led/picorv32.v Line: 62
    Info (12023): Found entity 2: picorv32_regs File: E:/Quartus/Project_Quartus/02_risc_v_led/picorv32.v Line: 2174
    Info (12023): Found entity 3: picorv32_pcpi_mul File: E:/Quartus/Project_Quartus/02_risc_v_led/picorv32.v Line: 2197
    Info (12023): Found entity 4: picorv32_pcpi_fast_mul File: E:/Quartus/Project_Quartus/02_risc_v_led/picorv32.v Line: 2318
    Info (12023): Found entity 5: picorv32_pcpi_div File: E:/Quartus/Project_Quartus/02_risc_v_led/picorv32.v Line: 2420
    Info (12023): Found entity 6: picorv32_axi File: E:/Quartus/Project_Quartus/02_risc_v_led/picorv32.v Line: 2517
    Info (12023): Found entity 7: picorv32_axi_adapter File: E:/Quartus/Project_Quartus/02_risc_v_led/picorv32.v Line: 2731
    Info (12023): Found entity 8: picorv32_wb File: E:/Quartus/Project_Quartus/02_risc_v_led/picorv32.v Line: 2815
Info (12127): Elaborating entity "top" for the top level hierarchy
Info (12128): Elaborating entity "picosoc" for hierarchy "picosoc:soc_core" File: E:/Quartus/Project_Quartus/02_risc_v_led/top.v Line: 74
Info (12128): Elaborating entity "picorv32" for hierarchy "picosoc:soc_core|picorv32:cpu" File: E:/Quartus/Project_Quartus/02_risc_v_led/picosoc.v Line: 157
Warning (10036): Verilog HDL or VHDL warning at picorv32.v(181): object "dbg_insn_addr" assigned a value but never read File: E:/Quartus/Project_Quartus/02_risc_v_led/picorv32.v Line: 181
Warning (10036): Verilog HDL or VHDL warning at picorv32.v(183): object "dbg_mem_valid" assigned a value but never read File: E:/Quartus/Project_Quartus/02_risc_v_led/picorv32.v Line: 183
Warning (10036): Verilog HDL or VHDL warning at picorv32.v(184): object "dbg_mem_instr" assigned a value but never read File: E:/Quartus/Project_Quartus/02_risc_v_led/picorv32.v Line: 184
Warning (10036): Verilog HDL or VHDL warning at picorv32.v(185): object "dbg_mem_ready" assigned a value but never read File: E:/Quartus/Project_Quartus/02_risc_v_led/picorv32.v Line: 185
Warning (10036): Verilog HDL or VHDL warning at picorv32.v(186): object "dbg_mem_addr" assigned a value but never read File: E:/Quartus/Project_Quartus/02_risc_v_led/picorv32.v Line: 186
Warning (10036): Verilog HDL or VHDL warning at picorv32.v(187): object "dbg_mem_wdata" assigned a value but never read File: E:/Quartus/Project_Quartus/02_risc_v_led/picorv32.v Line: 187
Warning (10036): Verilog HDL or VHDL warning at picorv32.v(188): object "dbg_mem_wstrb" assigned a value but never read File: E:/Quartus/Project_Quartus/02_risc_v_led/picorv32.v Line: 188
Warning (10036): Verilog HDL or VHDL warning at picorv32.v(189): object "dbg_mem_rdata" assigned a value but never read File: E:/Quartus/Project_Quartus/02_risc_v_led/picorv32.v Line: 189
Warning (10036): Verilog HDL or VHDL warning at picorv32.v(375): object "mem_busy" assigned a value but never read File: E:/Quartus/Project_Quartus/02_risc_v_led/picorv32.v Line: 375
Warning (10036): Verilog HDL or VHDL warning at picorv32.v(696): object "dbg_rs1val" assigned a value but never read File: E:/Quartus/Project_Quartus/02_risc_v_led/picorv32.v Line: 696
Warning (10036): Verilog HDL or VHDL warning at picorv32.v(697): object "dbg_rs2val" assigned a value but never read File: E:/Quartus/Project_Quartus/02_risc_v_led/picorv32.v Line: 697
Warning (10036): Verilog HDL or VHDL warning at picorv32.v(698): object "dbg_rs1val_valid" assigned a value but never read File: E:/Quartus/Project_Quartus/02_risc_v_led/picorv32.v Line: 698
Warning (10036): Verilog HDL or VHDL warning at picorv32.v(699): object "dbg_rs2val_valid" assigned a value but never read File: E:/Quartus/Project_Quartus/02_risc_v_led/picorv32.v Line: 699
Warning (10036): Verilog HDL or VHDL warning at picorv32.v(769): object "dbg_valid_insn" assigned a value but never read File: E:/Quartus/Project_Quartus/02_risc_v_led/picorv32.v Line: 769
Warning (10036): Verilog HDL or VHDL warning at picorv32.v(1184): object "dbg_ascii_state" assigned a value but never read File: E:/Quartus/Project_Quartus/02_risc_v_led/picorv32.v Line: 1184
Warning (10270): Verilog HDL Case Statement warning at picorv32.v(332): incomplete case statement has no default case item File: E:/Quartus/Project_Quartus/02_risc_v_led/picorv32.v Line: 332
Warning (10230): Verilog HDL assignment warning at picorv32.v(617): truncated value with size 32 to match size of target (2) File: E:/Quartus/Project_Quartus/02_risc_v_led/picorv32.v Line: 617
Warning (10230): Verilog HDL assignment warning at picorv32.v(890): truncated value with size 32 to match size of target (5) File: E:/Quartus/Project_Quartus/02_risc_v_led/picorv32.v Line: 890
Warning (10230): Verilog HDL assignment warning at picorv32.v(908): truncated value with size 32 to match size of target (5) File: E:/Quartus/Project_Quartus/02_risc_v_led/picorv32.v Line: 908
Warning (10230): Verilog HDL assignment warning at picorv32.v(912): truncated value with size 32 to match size of target (5) File: E:/Quartus/Project_Quartus/02_risc_v_led/picorv32.v Line: 912
Warning (10230): Verilog HDL assignment warning at picorv32.v(913): truncated value with size 32 to match size of target (5) File: E:/Quartus/Project_Quartus/02_risc_v_led/picorv32.v Line: 913
Warning (10230): Verilog HDL assignment warning at picorv32.v(917): truncated value with size 32 to match size of target (5) File: E:/Quartus/Project_Quartus/02_risc_v_led/picorv32.v Line: 917
Warning (10230): Verilog HDL assignment warning at picorv32.v(918): truncated value with size 32 to match size of target (5) File: E:/Quartus/Project_Quartus/02_risc_v_led/picorv32.v Line: 918
Warning (10230): Verilog HDL assignment warning at picorv32.v(954): truncated value with size 32 to match size of target (5) File: E:/Quartus/Project_Quartus/02_risc_v_led/picorv32.v Line: 954
Warning (10230): Verilog HDL assignment warning at picorv32.v(955): truncated value with size 32 to match size of target (5) File: E:/Quartus/Project_Quartus/02_risc_v_led/picorv32.v Line: 955
Warning (10230): Verilog HDL assignment warning at picorv32.v(956): truncated value with size 6 to match size of target (5) File: E:/Quartus/Project_Quartus/02_risc_v_led/picorv32.v Line: 956
Warning (10230): Verilog HDL assignment warning at picorv32.v(960): truncated value with size 32 to match size of target (5) File: E:/Quartus/Project_Quartus/02_risc_v_led/picorv32.v Line: 960
Warning (10230): Verilog HDL assignment warning at picorv32.v(961): truncated value with size 32 to match size of target (5) File: E:/Quartus/Project_Quartus/02_risc_v_led/picorv32.v Line: 961
Warning (10230): Verilog HDL assignment warning at picorv32.v(965): truncated value with size 32 to match size of target (5) File: E:/Quartus/Project_Quartus/02_risc_v_led/picorv32.v Line: 965
Warning (10230): Verilog HDL assignment warning at picorv32.v(966): truncated value with size 32 to match size of target (5) File: E:/Quartus/Project_Quartus/02_risc_v_led/picorv32.v Line: 966
Warning (10230): Verilog HDL assignment warning at picorv32.v(967): truncated value with size 32 to match size of target (5) File: E:/Quartus/Project_Quartus/02_risc_v_led/picorv32.v Line: 967
Warning (10230): Verilog HDL assignment warning at picorv32.v(975): truncated value with size 32 to match size of target (5) File: E:/Quartus/Project_Quartus/02_risc_v_led/picorv32.v Line: 975
Warning (10230): Verilog HDL assignment warning at picorv32.v(980): truncated value with size 32 to match size of target (5) File: E:/Quartus/Project_Quartus/02_risc_v_led/picorv32.v Line: 980
Warning (10230): Verilog HDL assignment warning at picorv32.v(992): truncated value with size 6 to match size of target (5) File: E:/Quartus/Project_Quartus/02_risc_v_led/picorv32.v Line: 992
Warning (10230): Verilog HDL assignment warning at picorv32.v(1245): truncated value with size 33 to match size of target (32) File: E:/Quartus/Project_Quartus/02_risc_v_led/picorv32.v Line: 1245
Warning (10230): Verilog HDL assignment warning at picorv32.v(1250): truncated value with size 32 to match size of target (1) File: E:/Quartus/Project_Quartus/02_risc_v_led/picorv32.v Line: 1250
Warning (10763): Verilog HDL warning at picorv32.v(1252): case statement has overlapping case item expressions with non-constant or don't care bits - unable to check case statement for completeness File: E:/Quartus/Project_Quartus/02_risc_v_led/picorv32.v Line: 1252
Warning (10208): Verilog HDL Case Statement warning at picorv32.v(1252): honored full_case synthesis attribute - differences between design synthesis and simulation may occur File: E:/Quartus/Project_Quartus/02_risc_v_led/picorv32.v Line: 1252
Warning (10763): Verilog HDL warning at picorv32.v(1269): case statement has overlapping case item expressions with non-constant or don't care bits - unable to check case statement for completeness File: E:/Quartus/Project_Quartus/02_risc_v_led/picorv32.v Line: 1269
Warning (10208): Verilog HDL Case Statement warning at picorv32.v(1269): honored full_case synthesis attribute - differences between design synthesis and simulation may occur File: E:/Quartus/Project_Quartus/02_risc_v_led/picorv32.v Line: 1269
Warning (10763): Verilog HDL warning at picorv32.v(1315): case statement has overlapping case item expressions with non-constant or don't care bits - unable to check case statement for completeness File: E:/Quartus/Project_Quartus/02_risc_v_led/picorv32.v Line: 1315
Warning (10270): Verilog HDL Case Statement warning at picorv32.v(1315): incomplete case statement has no default case item File: E:/Quartus/Project_Quartus/02_risc_v_led/picorv32.v Line: 1315
Warning (10230): Verilog HDL assignment warning at picorv32.v(1374): truncated value with size 32 to match size of target (6) File: E:/Quartus/Project_Quartus/02_risc_v_led/picorv32.v Line: 1374
Warning (10230): Verilog HDL assignment warning at picorv32.v(1388): truncated value with size 32 to match size of target (5) File: E:/Quartus/Project_Quartus/02_risc_v_led/picorv32.v Line: 1388
Warning (10230): Verilog HDL assignment warning at picorv32.v(1404): truncated value with size 32 to match size of target (5) File: E:/Quartus/Project_Quartus/02_risc_v_led/picorv32.v Line: 1404
Warning (10230): Verilog HDL assignment warning at picorv32.v(1426): truncated value with size 32 to match size of target (4) File: E:/Quartus/Project_Quartus/02_risc_v_led/picorv32.v Line: 1426
Warning (10230): Verilog HDL assignment warning at picorv32.v(1428): truncated value with size 32 to match size of target (4) File: E:/Quartus/Project_Quartus/02_risc_v_led/picorv32.v Line: 1428
Warning (10763): Verilog HDL warning at picorv32.v(1498): case statement has overlapping case item expressions with non-constant or don't care bits - unable to check case statement for completeness File: E:/Quartus/Project_Quartus/02_risc_v_led/picorv32.v Line: 1498
Warning (10230): Verilog HDL assignment warning at picorv32.v(1546): truncated value with size 32 to match size of target (5) File: E:/Quartus/Project_Quartus/02_risc_v_led/picorv32.v Line: 1546
Warning (10230): Verilog HDL assignment warning at picorv32.v(1594): truncated value with size 32 to match size of target (5) File: E:/Quartus/Project_Quartus/02_risc_v_led/picorv32.v Line: 1594
Warning (10763): Verilog HDL warning at picorv32.v(1628): case statement has overlapping case item expressions with non-constant or don't care bits - unable to check case statement for completeness File: E:/Quartus/Project_Quartus/02_risc_v_led/picorv32.v Line: 1628
Warning (10208): Verilog HDL Case Statement warning at picorv32.v(1628): honored full_case synthesis attribute - differences between design synthesis and simulation may occur File: E:/Quartus/Project_Quartus/02_risc_v_led/picorv32.v Line: 1628
Warning (10230): Verilog HDL assignment warning at picorv32.v(1731): truncated value with size 32 to match size of target (5) File: E:/Quartus/Project_Quartus/02_risc_v_led/picorv32.v Line: 1731
Warning (10230): Verilog HDL assignment warning at picorv32.v(1761): truncated value with size 32 to match size of target (5) File: E:/Quartus/Project_Quartus/02_risc_v_led/picorv32.v Line: 1761
Warning (10763): Verilog HDL warning at picorv32.v(1837): case statement has overlapping case item expressions with non-constant or don't care bits - unable to check case statement for completeness File: E:/Quartus/Project_Quartus/02_risc_v_led/picorv32.v Line: 1837
Warning (10208): Verilog HDL Case Statement warning at picorv32.v(1837): honored full_case synthesis attribute - differences between design synthesis and simulation may occur File: E:/Quartus/Project_Quartus/02_risc_v_led/picorv32.v Line: 1837
Warning (10230): Verilog HDL assignment warning at picorv32.v(1842): truncated value with size 32 to match size of target (5) File: E:/Quartus/Project_Quartus/02_risc_v_led/picorv32.v Line: 1842
Warning (10763): Verilog HDL warning at picorv32.v(1845): case statement has overlapping case item expressions with non-constant or don't care bits - unable to check case statement for completeness File: E:/Quartus/Project_Quartus/02_risc_v_led/picorv32.v Line: 1845
Warning (10208): Verilog HDL Case Statement warning at picorv32.v(1845): honored full_case synthesis attribute - differences between design synthesis and simulation may occur File: E:/Quartus/Project_Quartus/02_risc_v_led/picorv32.v Line: 1845
Warning (10230): Verilog HDL assignment warning at picorv32.v(1850): truncated value with size 32 to match size of target (5) File: E:/Quartus/Project_Quartus/02_risc_v_led/picorv32.v Line: 1850
Warning (10763): Verilog HDL warning at picorv32.v(1860): case statement has overlapping case item expressions with non-constant or don't care bits - unable to check case statement for completeness File: E:/Quartus/Project_Quartus/02_risc_v_led/picorv32.v Line: 1860
Warning (10208): Verilog HDL Case Statement warning at picorv32.v(1860): honored full_case synthesis attribute - differences between design synthesis and simulation may occur File: E:/Quartus/Project_Quartus/02_risc_v_led/picorv32.v Line: 1860
Warning (10763): Verilog HDL warning at picorv32.v(1885): case statement has overlapping case item expressions with non-constant or don't care bits - unable to check case statement for completeness File: E:/Quartus/Project_Quartus/02_risc_v_led/picorv32.v Line: 1885
Warning (10208): Verilog HDL Case Statement warning at picorv32.v(1885): honored full_case synthesis attribute - differences between design synthesis and simulation may occur File: E:/Quartus/Project_Quartus/02_risc_v_led/picorv32.v Line: 1885
Warning (10763): Verilog HDL warning at picorv32.v(1902): case statement has overlapping case item expressions with non-constant or don't care bits - unable to check case statement for completeness File: E:/Quartus/Project_Quartus/02_risc_v_led/picorv32.v Line: 1902
Warning (10208): Verilog HDL Case Statement warning at picorv32.v(1902): honored full_case synthesis attribute - differences between design synthesis and simulation may occur File: E:/Quartus/Project_Quartus/02_risc_v_led/picorv32.v Line: 1902
Info (12128): Elaborating entity "picorv32_pcpi_mul" for hierarchy "picosoc:soc_core|picorv32:cpu|picorv32_pcpi_mul:pcpi_mul" File: E:/Quartus/Project_Quartus/02_risc_v_led/picorv32.v Line: 297
Warning (10230): Verilog HDL assignment warning at picorv32.v(2291): truncated value with size 32 to match size of target (7) File: E:/Quartus/Project_Quartus/02_risc_v_led/picorv32.v Line: 2291
Warning (10230): Verilog HDL assignment warning at picorv32.v(2299): truncated value with size 32 to match size of target (7) File: E:/Quartus/Project_Quartus/02_risc_v_led/picorv32.v Line: 2299
Warning (10230): Verilog HDL assignment warning at picorv32.v(2313): truncated value with size 64 to match size of target (32) File: E:/Quartus/Project_Quartus/02_risc_v_led/picorv32.v Line: 2313
Info (12128): Elaborating entity "picosoc_regs" for hierarchy "picosoc:soc_core|picorv32:cpu|picosoc_regs:cpuregs" File: E:/Quartus/Project_Quartus/02_risc_v_led/picorv32.v Line: 1385
Info (12128): Elaborating entity "spimemio" for hierarchy "picosoc:soc_core|spimemio:spimemio" File: E:/Quartus/Project_Quartus/02_risc_v_led/picosoc.v Line: 188
Warning (10230): Verilog HDL assignment warning at spimemio.v(226): truncated value with size 32 to match size of target (24) File: E:/Quartus/Project_Quartus/02_risc_v_led/spimemio.v Line: 226
Info (12128): Elaborating entity "spimemio_xfer" for hierarchy "picosoc:soc_core|spimemio:spimemio|spimemio_xfer:xfer" File: E:/Quartus/Project_Quartus/02_risc_v_led/spimemio.v Line: 203
Warning (10036): Verilog HDL or VHDL warning at spimemio.v(419): object "xfer_cont" assigned a value but never read File: E:/Quartus/Project_Quartus/02_risc_v_led/spimemio.v Line: 419
Warning (10935): Verilog HDL Casex/Casez warning at spimemio.v(515): casex/casez item expression overlaps with a previous casex/casez item expression File: E:/Quartus/Project_Quartus/02_risc_v_led/spimemio.v Line: 515
Warning (10763): Verilog HDL warning at spimemio.v(464): case statement has overlapping case item expressions with non-constant or don't care bits - unable to check case statement for completeness File: E:/Quartus/Project_Quartus/02_risc_v_led/spimemio.v Line: 464
Warning (10270): Verilog HDL Case Statement warning at spimemio.v(464): incomplete case statement has no default case item File: E:/Quartus/Project_Quartus/02_risc_v_led/spimemio.v Line: 464
Warning (10230): Verilog HDL assignment warning at spimemio.v(551): truncated value with size 32 to match size of target (1) File: E:/Quartus/Project_Quartus/02_risc_v_led/spimemio.v Line: 551
Warning (10230): Verilog HDL assignment warning at spimemio.v(567): truncated value with size 32 to match size of target (4) File: E:/Quartus/Project_Quartus/02_risc_v_led/spimemio.v Line: 567
Info (12128): Elaborating entity "simpleuart" for hierarchy "picosoc:soc_core|simpleuart:simpleuart" File: E:/Quartus/Project_Quartus/02_risc_v_led/picosoc.v Line: 206
Warning (10230): Verilog HDL assignment warning at simpleuart.v(99): truncated value with size 32 to match size of target (4) File: E:/Quartus/Project_Quartus/02_risc_v_led/simpleuart.v Line: 99
Warning (10230): Verilog HDL assignment warning at simpleuart.v(114): truncated value with size 32 to match size of target (10) File: E:/Quartus/Project_Quartus/02_risc_v_led/simpleuart.v Line: 114
Warning (10230): Verilog HDL assignment warning at simpleuart.v(120): truncated value with size 32 to match size of target (10) File: E:/Quartus/Project_Quartus/02_risc_v_led/simpleuart.v Line: 120
Warning (10230): Verilog HDL assignment warning at simpleuart.v(132): truncated value with size 32 to match size of target (4) File: E:/Quartus/Project_Quartus/02_risc_v_led/simpleuart.v Line: 132
Info (12128): Elaborating entity "picosoc_mem" for hierarchy "picosoc:soc_core|picosoc_mem:memory" File: E:/Quartus/Project_Quartus/02_risc_v_led/picosoc.v Line: 219
Warning (276020): Inferred RAM node "picosoc:soc_core|picorv32:cpu|picosoc_regs:cpuregs|regs_rtl_0" from synchronous design logic.  Pass-through logic has been added to match the read-during-write behavior of the original design.
Warning (276020): Inferred RAM node "picosoc:soc_core|picorv32:cpu|picosoc_regs:cpuregs|regs_rtl_1" from synchronous design logic.  Pass-through logic has been added to match the read-during-write behavior of the original design.
Info (19000): Inferred 6 megafunctions from design logic
    Info (276029): Inferred altsyncram megafunction from the following design logic: "picosoc:soc_core|picorv32:cpu|picosoc_regs:cpuregs|regs_rtl_0" 
        Info (286033): Parameter OPERATION_MODE set to DUAL_PORT
        Info (286033): Parameter WIDTH_A set to 32
        Info (286033): Parameter WIDTHAD_A set to 5
        Info (286033): Parameter NUMWORDS_A set to 32
        Info (286033): Parameter WIDTH_B set to 32
        Info (286033): Parameter WIDTHAD_B set to 5
        Info (286033): Parameter NUMWORDS_B set to 32
        Info (286033): Parameter ADDRESS_ACLR_A set to NONE
        Info (286033): Parameter OUTDATA_REG_B set to UNREGISTERED
        Info (286033): Parameter ADDRESS_ACLR_B set to NONE
        Info (286033): Parameter OUTDATA_ACLR_B set to NONE
        Info (286033): Parameter ADDRESS_REG_B set to CLOCK0
        Info (286033): Parameter INDATA_ACLR_A set to NONE
        Info (286033): Parameter WRCONTROL_ACLR_A set to NONE
    Info (276029): Inferred altsyncram megafunction from the following design logic: "picosoc:soc_core|picorv32:cpu|picosoc_regs:cpuregs|regs_rtl_1" 
        Info (286033): Parameter OPERATION_MODE set to DUAL_PORT
        Info (286033): Parameter WIDTH_A set to 32
        Info (286033): Parameter WIDTHAD_A set to 5
        Info (286033): Parameter NUMWORDS_A set to 32
        Info (286033): Parameter WIDTH_B set to 32
        Info (286033): Parameter WIDTHAD_B set to 5
        Info (286033): Parameter NUMWORDS_B set to 32
        Info (286033): Parameter ADDRESS_ACLR_A set to NONE
        Info (286033): Parameter OUTDATA_REG_B set to UNREGISTERED
        Info (286033): Parameter ADDRESS_ACLR_B set to NONE
        Info (286033): Parameter OUTDATA_ACLR_B set to NONE
        Info (286033): Parameter ADDRESS_REG_B set to CLOCK0
        Info (286033): Parameter INDATA_ACLR_A set to NONE
        Info (286033): Parameter WRCONTROL_ACLR_A set to NONE
    Info (276029): Inferred altsyncram megafunction from the following design logic: "picosoc:soc_core|picosoc_mem:memory|mem0_rtl_0" 
        Info (286033): Parameter OPERATION_MODE set to SINGLE_PORT
        Info (286033): Parameter WIDTH_A set to 8
        Info (286033): Parameter WIDTHAD_A set to 11
        Info (286033): Parameter NUMWORDS_A set to 2048
        Info (286033): Parameter OUTDATA_REG_A set to UNREGISTERED
        Info (286033): Parameter ADDRESS_ACLR_A set to NONE
        Info (286033): Parameter OUTDATA_ACLR_A set to NONE
        Info (286033): Parameter READ_DURING_WRITE_MODE_PORT_A set to OLD_DATA
        Info (286033): Parameter INDATA_ACLR_A set to NONE
        Info (286033): Parameter WRCONTROL_ACLR_A set to NONE
        Info (286033): Parameter RAM_BLOCK_TYPE set to M9K
        Info (286033): Parameter INIT_FILE set to db/picosoc.ram0_picosoc_mem_13d8e302.hdl.mif
    Info (276029): Inferred altsyncram megafunction from the following design logic: "picosoc:soc_core|picosoc_mem:memory|mem2_rtl_0" 
        Info (286033): Parameter OPERATION_MODE set to SINGLE_PORT
        Info (286033): Parameter WIDTH_A set to 8
        Info (286033): Parameter WIDTHAD_A set to 11
        Info (286033): Parameter NUMWORDS_A set to 2048
        Info (286033): Parameter OUTDATA_REG_A set to UNREGISTERED
        Info (286033): Parameter ADDRESS_ACLR_A set to NONE
        Info (286033): Parameter OUTDATA_ACLR_A set to NONE
        Info (286033): Parameter READ_DURING_WRITE_MODE_PORT_A set to OLD_DATA
        Info (286033): Parameter INDATA_ACLR_A set to NONE
        Info (286033): Parameter WRCONTROL_ACLR_A set to NONE
        Info (286033): Parameter RAM_BLOCK_TYPE set to M9K
        Info (286033): Parameter INIT_FILE set to db/picosoc.ram2_picosoc_mem_13d8e302.hdl.mif
    Info (276029): Inferred altsyncram megafunction from the following design logic: "picosoc:soc_core|picosoc_mem:memory|mem3_rtl_0" 
        Info (286033): Parameter OPERATION_MODE set to SINGLE_PORT
        Info (286033): Parameter WIDTH_A set to 8
        Info (286033): Parameter WIDTHAD_A set to 11
        Info (286033): Parameter NUMWORDS_A set to 2048
        Info (286033): Parameter OUTDATA_REG_A set to UNREGISTERED
        Info (286033): Parameter ADDRESS_ACLR_A set to NONE
        Info (286033): Parameter OUTDATA_ACLR_A set to NONE
        Info (286033): Parameter READ_DURING_WRITE_MODE_PORT_A set to OLD_DATA
        Info (286033): Parameter INDATA_ACLR_A set to NONE
        Info (286033): Parameter WRCONTROL_ACLR_A set to NONE
        Info (286033): Parameter RAM_BLOCK_TYPE set to M9K
        Info (286033): Parameter INIT_FILE set to db/picosoc.ram3_picosoc_mem_13d8e302.hdl.mif
    Info (276029): Inferred altsyncram megafunction from the following design logic: "picosoc:soc_core|picosoc_mem:memory|mem1_rtl_0" 
        Info (286033): Parameter OPERATION_MODE set to SINGLE_PORT
        Info (286033): Parameter WIDTH_A set to 8
        Info (286033): Parameter WIDTHAD_A set to 11
        Info (286033): Parameter NUMWORDS_A set to 2048
        Info (286033): Parameter OUTDATA_REG_A set to UNREGISTERED
        Info (286033): Parameter ADDRESS_ACLR_A set to NONE
        Info (286033): Parameter OUTDATA_ACLR_A set to NONE
        Info (286033): Parameter READ_DURING_WRITE_MODE_PORT_A set to OLD_DATA
        Info (286033): Parameter INDATA_ACLR_A set to NONE
        Info (286033): Parameter WRCONTROL_ACLR_A set to NONE
        Info (286033): Parameter RAM_BLOCK_TYPE set to M9K
        Info (286033): Parameter INIT_FILE set to db/picosoc.ram1_picosoc_mem_13d8e302.hdl.mif
Info (12130): Elaborated megafunction instantiation "picosoc:soc_core|picorv32:cpu|picosoc_regs:cpuregs|altsyncram:regs_rtl_0"
Info (12133): Instantiated megafunction "picosoc:soc_core|picorv32:cpu|picosoc_regs:cpuregs|altsyncram:regs_rtl_0" with the following parameter:
    Info (12134): Parameter "OPERATION_MODE" = "DUAL_PORT"
    Info (12134): Parameter "WIDTH_A" = "32"
    Info (12134): Parameter "WIDTHAD_A" = "5"
    Info (12134): Parameter "NUMWORDS_A" = "32"
    Info (12134): Parameter "WIDTH_B" = "32"
    Info (12134): Parameter "WIDTHAD_B" = "5"
    Info (12134): Parameter "NUMWORDS_B" = "32"
    Info (12134): Parameter "ADDRESS_ACLR_A" = "NONE"
    Info (12134): Parameter "OUTDATA_REG_B" = "UNREGISTERED"
    Info (12134): Parameter "ADDRESS_ACLR_B" = "NONE"
    Info (12134): Parameter "OUTDATA_ACLR_B" = "NONE"
    Info (12134): Parameter "ADDRESS_REG_B" = "CLOCK0"
    Info (12134): Parameter "INDATA_ACLR_A" = "NONE"
    Info (12134): Parameter "WRCONTROL_ACLR_A" = "NONE"
Info (12021): Found 1 design units, including 1 entities, in source file db/altsyncram_j6d1.tdf
    Info (12023): Found entity 1: altsyncram_j6d1 File: E:/Quartus/Project_Quartus/02_risc_v_led/db/altsyncram_j6d1.tdf Line: 27
Info (12130): Elaborated megafunction instantiation "picosoc:soc_core|picosoc_mem:memory|altsyncram:mem0_rtl_0"
Info (12133): Instantiated megafunction "picosoc:soc_core|picosoc_mem:memory|altsyncram:mem0_rtl_0" with the following parameter:
    Info (12134): Parameter "OPERATION_MODE" = "SINGLE_PORT"
    Info (12134): Parameter "WIDTH_A" = "8"
    Info (12134): Parameter "WIDTHAD_A" = "11"
    Info (12134): Parameter "NUMWORDS_A" = "2048"
    Info (12134): Parameter "OUTDATA_REG_A" = "UNREGISTERED"
    Info (12134): Parameter "ADDRESS_ACLR_A" = "NONE"
    Info (12134): Parameter "OUTDATA_ACLR_A" = "NONE"
    Info (12134): Parameter "READ_DURING_WRITE_MODE_PORT_A" = "OLD_DATA"
    Info (12134): Parameter "INDATA_ACLR_A" = "NONE"
    Info (12134): Parameter "WRCONTROL_ACLR_A" = "NONE"
    Info (12134): Parameter "RAM_BLOCK_TYPE" = "M9K"
    Info (12134): Parameter "INIT_FILE" = "db/picosoc.ram0_picosoc_mem_13d8e302.hdl.mif"
Info (12021): Found 1 design units, including 1 entities, in source file db/altsyncram_9le1.tdf
    Info (12023): Found entity 1: altsyncram_9le1 File: E:/Quartus/Project_Quartus/02_risc_v_led/db/altsyncram_9le1.tdf Line: 27
Info (12130): Elaborated megafunction instantiation "picosoc:soc_core|picosoc_mem:memory|altsyncram:mem2_rtl_0"
Info (12133): Instantiated megafunction "picosoc:soc_core|picosoc_mem:memory|altsyncram:mem2_rtl_0" with the following parameter:
    Info (12134): Parameter "OPERATION_MODE" = "SINGLE_PORT"
    Info (12134): Parameter "WIDTH_A" = "8"
    Info (12134): Parameter "WIDTHAD_A" = "11"
    Info (12134): Parameter "NUMWORDS_A" = "2048"
    Info (12134): Parameter "OUTDATA_REG_A" = "UNREGISTERED"
    Info (12134): Parameter "ADDRESS_ACLR_A" = "NONE"
    Info (12134): Parameter "OUTDATA_ACLR_A" = "NONE"
    Info (12134): Parameter "READ_DURING_WRITE_MODE_PORT_A" = "OLD_DATA"
    Info (12134): Parameter "INDATA_ACLR_A" = "NONE"
    Info (12134): Parameter "WRCONTROL_ACLR_A" = "NONE"
    Info (12134): Parameter "RAM_BLOCK_TYPE" = "M9K"
    Info (12134): Parameter "INIT_FILE" = "db/picosoc.ram2_picosoc_mem_13d8e302.hdl.mif"
Info (12021): Found 1 design units, including 1 entities, in source file db/altsyncram_ble1.tdf
    Info (12023): Found entity 1: altsyncram_ble1 File: E:/Quartus/Project_Quartus/02_risc_v_led/db/altsyncram_ble1.tdf Line: 27
Info (12130): Elaborated megafunction instantiation "picosoc:soc_core|picosoc_mem:memory|altsyncram:mem3_rtl_0"
Info (12133): Instantiated megafunction "picosoc:soc_core|picosoc_mem:memory|altsyncram:mem3_rtl_0" with the following parameter:
    Info (12134): Parameter "OPERATION_MODE" = "SINGLE_PORT"
    Info (12134): Parameter "WIDTH_A" = "8"
    Info (12134): Parameter "WIDTHAD_A" = "11"
    Info (12134): Parameter "NUMWORDS_A" = "2048"
    Info (12134): Parameter "OUTDATA_REG_A" = "UNREGISTERED"
    Info (12134): Parameter "ADDRESS_ACLR_A" = "NONE"
    Info (12134): Parameter "OUTDATA_ACLR_A" = "NONE"
    Info (12134): Parameter "READ_DURING_WRITE_MODE_PORT_A" = "OLD_DATA"
    Info (12134): Parameter "INDATA_ACLR_A" = "NONE"
    Info (12134): Parameter "WRCONTROL_ACLR_A" = "NONE"
    Info (12134): Parameter "RAM_BLOCK_TYPE" = "M9K"
    Info (12134): Parameter "INIT_FILE" = "db/picosoc.ram3_picosoc_mem_13d8e302.hdl.mif"
Info (12021): Found 1 design units, including 1 entities, in source file db/altsyncram_cle1.tdf
    Info (12023): Found entity 1: altsyncram_cle1 File: E:/Quartus/Project_Quartus/02_risc_v_led/db/altsyncram_cle1.tdf Line: 27
Info (12130): Elaborated megafunction instantiation "picosoc:soc_core|picosoc_mem:memory|altsyncram:mem1_rtl_0"
Info (12133): Instantiated megafunction "picosoc:soc_core|picosoc_mem:memory|altsyncram:mem1_rtl_0" with the following parameter:
    Info (12134): Parameter "OPERATION_MODE" = "SINGLE_PORT"
    Info (12134): Parameter "WIDTH_A" = "8"
    Info (12134): Parameter "WIDTHAD_A" = "11"
    Info (12134): Parameter "NUMWORDS_A" = "2048"
    Info (12134): Parameter "OUTDATA_REG_A" = "UNREGISTERED"
    Info (12134): Parameter "ADDRESS_ACLR_A" = "NONE"
    Info (12134): Parameter "OUTDATA_ACLR_A" = "NONE"
    Info (12134): Parameter "READ_DURING_WRITE_MODE_PORT_A" = "OLD_DATA"
    Info (12134): Parameter "INDATA_ACLR_A" = "NONE"
    Info (12134): Parameter "WRCONTROL_ACLR_A" = "NONE"
    Info (12134): Parameter "RAM_BLOCK_TYPE" = "M9K"
    Info (12134): Parameter "INIT_FILE" = "db/picosoc.ram1_picosoc_mem_13d8e302.hdl.mif"
Info (12021): Found 1 design units, including 1 entities, in source file db/altsyncram_ale1.tdf
    Info (12023): Found entity 1: altsyncram_ale1 File: E:/Quartus/Project_Quartus/02_risc_v_led/db/altsyncram_ale1.tdf Line: 27
Warning (12241): 1 hierarchies have connectivity warnings - see the Connectivity Checks report folder
Warning (13024): Output pins are stuck at VCC or GND
    Warning (13410): Pin "LEDR[9]" is stuck at VCC File: E:/Quartus/Project_Quartus/02_risc_v_led/top.v Line: 18
Info (286030): Timing-Driven Synthesis is running
Info (17049): 9 registers lost all their fanouts during netlist optimizations.
Info (144001): Generated suppressed messages file E:/Quartus/Project_Quartus/02_risc_v_led/output_files/picosoc.map.smsg
Info (16010): Generating hard_block partition "hard_block:auto_generated_inst"
    Info (16011): Adding 0 node(s), including 0 DDIO, 0 PLL, 0 transceiver and 0 LCELL
Warning (21074): Design contains 11 input pin(s) that do not drive logic
    Warning (15610): No output dependent on input pin "KEY[1]" File: E:/Quartus/Project_Quartus/02_risc_v_led/top.v Line: 9
    Warning (15610): No output dependent on input pin "SW[0]" File: E:/Quartus/Project_Quartus/02_risc_v_led/top.v Line: 16
    Warning (15610): No output dependent on input pin "SW[1]" File: E:/Quartus/Project_Quartus/02_risc_v_led/top.v Line: 16
    Warning (15610): No output dependent on input pin "SW[2]" File: E:/Quartus/Project_Quartus/02_risc_v_led/top.v Line: 16
    Warning (15610): No output dependent on input pin "SW[3]" File: E:/Quartus/Project_Quartus/02_risc_v_led/top.v Line: 16
    Warning (15610): No output dependent on input pin "SW[4]" File: E:/Quartus/Project_Quartus/02_risc_v_led/top.v Line: 16
    Warning (15610): No output dependent on input pin "SW[5]" File: E:/Quartus/Project_Quartus/02_risc_v_led/top.v Line: 16
    Warning (15610): No output dependent on input pin "SW[6]" File: E:/Quartus/Project_Quartus/02_risc_v_led/top.v Line: 16
    Warning (15610): No output dependent on input pin "SW[7]" File: E:/Quartus/Project_Quartus/02_risc_v_led/top.v Line: 16
    Warning (15610): No output dependent on input pin "SW[8]" File: E:/Quartus/Project_Quartus/02_risc_v_led/top.v Line: 16
    Warning (15610): No output dependent on input pin "SW[9]" File: E:/Quartus/Project_Quartus/02_risc_v_led/top.v Line: 16
Info (21057): Implemented 3893 device resources after synthesis - the final resource count might be different
    Info (21058): Implemented 14 input pins
    Info (21059): Implemented 11 output pins
    Info (21061): Implemented 3772 logic cells
    Info (21064): Implemented 96 RAM segments
Info: Quartus Prime Analysis & Synthesis was successful. 0 errors, 124 warnings
    Info: Peak virtual memory: 4925 megabytes
    Info: Processing ended: Wed Jul 22 23:46:51 2026
    Info: Elapsed time: 00:00:18
    Info: Total CPU time (on all processors): 00:00:31


+------------------------------------------+
; Analysis & Synthesis Suppressed Messages ;
+------------------------------------------+
The suppressed messages can be found in E:/Quartus/Project_Quartus/02_risc_v_led/output_files/picosoc.map.smsg.


